index,Fecha Inicial,Monto,Genero,Dependientes,CP,CP Aval,Ingresos,Egresos,Score CC,Unidad,Frecuencia_Ant,Incobrable,Deficit,IngresoPercapita,TipoZona,CP_Latitud,CP_Longitud,CP_Aval_Latitud,CP_Aval_Longitud,Odds,Mes inicial
72961,2023-02-21,5000,Femenino,0,90790,90790,12000,4000,454,Puebla Norte,1.198630137,1,8000,12000.0,Urbano,19.166083333333333,-98.20861666666669,19.166083333333333,-98.20861666666669,1.5,2
73397,2023-02-21,7000,Femenino,1,62756,62756,12500,3000,482,Cuautla,1.001202233,0,9500,6250.0,Rural,18.86944,-98.9702,18.86944,-98.9702,1.8,2
116181,2023-12-27,7500,Masculino,1,72229,72229,28000,13000,415,Puebla Oriente,1.134702231,1,15000,14000.0,Urbano,19.068116666666665,-98.13001666666666,19.068116666666665,-98.13001666666666,1.2,12
116455,2024-01-02,3000,Femenino,1,72229,72310,24000,11000,497,Puebla Oriente,0.680817518,1,13000,12000.0,Urbano,19.068116666666665,-98.13001666666666,19.069975,-98.166425,1.9,1
68492,2023-01-16,5500,Femenino,0,74400,72000,8500,0,565,Puebla Poniente,0.0,1,8500,8500.0,Semiurbano,18.602,-98.4666,19.0479,-98.1907,3.2,1
87052,2023-06-02,10000,Femenino,2,94140,94140,7000,2000,508,Cordoba,0.895829917,1,5000,2333.3333333333335,Urbano,19.048354545454547,-97.09525454545457,19.048354545454547,-97.09525454545457,2.0,6
89542,2023-06-19,9000,Masculino,1,94560,94534,25000,3408,457,Cordoba,1.063778772,1,21592,12500.0,Urbano,18.9155,-96.9504,18.9028,-96.9497,1.5,6
70318,2023-02-01,7000,Femenino,1,94480,94690,8000,5000,432,Cordoba,1.001207875,1,3000,4000.0,Unknown,18.953016666666667,-96.94738333333332,18.89635,-96.9092,1.2,2
81643,2023-04-24,4000,Femenino,3,94680,94680,6000,4000,433,Cordoba,0.851025641,1,2000,1500.0,Urbano,18.90075,-96.9293,18.90075,-96.9293,1.2,4
111601,2023-11-20,4000,Femenino,1,94557,94494,10000,4500,482,Cordoba,1.215750916,1,5500,5000.0,Urbano,18.91315,-96.95085,18.9966,-96.9215,1.8,11
117195,2024-01-02,13000,Femenino,0,94500,94466,14000,4000,413,Cordoba,0.96139515,1,10000,14000.0,Urbano,18.8986,-96.9623,18.951633333333334,-97.01476666666667,1.2,1
111280,2023-11-15,5000,Femenino,2,94740,94740,8500,2500,431,Orizaba,0.630399453,1,6000,2833.3333333333335,Rural,18.804,-97.1787,18.804,-97.1787,1.2,11
99849,2023-08-28,3000,Femenino,0,94464,94455,11500,2300,425,Orizaba,0.630386775,1,9200,11500.0,Rural,18.83342,-96.99822,18.8775,-97.0229,1.2,8
107791,2023-10-20,3000,Femenino,0,94734,94734,7200,4800,418,Orizaba,1.387063655,1,2400,7200.0,Semiurbano,18.8338,-97.15671666666668,18.8338,-97.15671666666668,1.2,10
120317,2024-01-22,3000,Femenino,0,94734,94720,10000,5000,561,Orizaba,0.630390665,1,5000,10000.0,Semiurbano,18.8338,-97.15671666666668,18.82150625,-97.170475,3.2,1
110397,2023-11-08,5000,Femenino,0,94460,94460,8000,2000,540,Orizaba,0.586914235,1,6000,8000.0,Semiurbano,18.85034,-97.05392,18.85034,-97.05392,2.75,11
111755,2023-11-17,5000,Femenino,0,62830,62830,11500,3500,580,Cuautla,1.400114155,1,8000,11500.0,Urbano,18.9849,-98.9207,18.9849,-98.9207,3.5,11
80721,2023-04-14,5000,Femenino,0,94410,94410,8000,4000,431,Orizaba,0.810501613,1,4000,8000.0,Urbano,18.806366666666666,-97.09823333333334,18.806366666666666,-97.09823333333334,1.2,4
73917,2023-02-25,7000,Femenino,1,75240,75240,12000,2300,673,Puebla Oriente,0.0,0,9700,6000.0,Rural,18.8942,-98.0325,18.8942,-98.0325,8.3,2
74671,2023-03-01,7000,Femenino,0,75240,75240,7500,2300,590,Puebla Oriente,0.0,0,5200,7500.0,Rural,18.8942,-98.0325,18.8942,-98.0325,4.0,3
106269,2023-10-10,3000,Femenino,0,75240,75240,9000,2000,521,Puebla Oriente,1.078941035,0,7000,9000.0,Rural,18.8942,-98.0325,18.8942,-98.0325,2.2,10
112651,2023-11-27,7000,Femenino,0,75220,75220,7800,1000,487,Puebla Oriente,1.001207875,0,6800,7800.0,Rural,18.9546,-98.0157,18.9546,-98.0157,1.8,11
131155,2024-04-03,3000,Femenino,3,75240,75240,8700,2400,572,Puebla Oriente,1.047303082,1,6300,2175.0,Rural,18.8942,-98.0325,18.8942,-98.0325,3.5,4
132183,2024-04-10,5500,Femenino,3,75230,75234,10500,3800,576,Puebla Oriente,1.134703196,0,6700,2625.0,Rural,18.9342,-98.0421,18.9442,-98.05676666666666,3.5,4
133660,2024-04-22,8000,Femenino,0,75240,75240,9800,2300,656,Puebla Oriente,1.134696406,0,7500,9800.0,Rural,18.8942,-98.0325,18.8942,-98.0325,6.1,4
133933,2024-04-22,10000,Femenino,1,75240,75240,9200,2100,617,Puebla Oriente,1.134719015,0,7100,4600.0,Rural,18.8942,-98.0325,18.8942,-98.0325,5.3,4
133938,2024-04-22,5000,Femenino,0,75240,75240,8500,2300,0,Puebla Oriente,0.945585216,1,6200,8500.0,Rural,18.8942,-98.0325,18.8942,-98.0325,0.0,4
137716,2024-05-14,5500,Femenino,0,75240,75240,7500,2300,470,Puebla Oriente,1.06377899,0,5200,7500.0,Rural,18.8942,-98.0325,18.8942,-98.0325,1.6,5
138610,2024-05-17,7000,Femenino,2,75220,75220,6800,2500,481,Puebla Oriente,1.189058375,1,4300,2266.6666666666665,Rural,18.9546,-98.0157,18.9546,-98.0157,1.8,5
135791,2024-05-01,4000,Femenino,0,72980,72980,18000,6700,607,Puebla Oriente,0.810501613,0,11300,18000.0,Urbano,19.04407619047619,-98.0449761904762,19.04407619047619,-98.0449761904762,4.6,5
111681,2023-11-20,7000,Femenino,2,75259,75240,15400,7000,664,Puebla Oriente,1.291423156,0,8400,5133.333333333333,Rural,18.86275,-97.95115,18.8942,-98.0325,6.1,11
118663,2024-01-09,3000,Femenino,3,75259,75259,18000,8000,502,Puebla Oriente,0.630389364,0,10000,4500.0,Rural,18.86275,-97.95115,18.86275,-97.95115,2.0,1
134373,2024-04-23,5000,Masculino,2,75620,75620,12000,0,615,Puebla Oriente,1.296773559,0,12000,4000.0,Rural,18.8193,-97.9139,18.8193,-97.9139,5.3,4
134540,2024-04-24,5000,Masculino,2,75259,75259,12000,3600,487,Puebla Oriente,1.196452933,0,8400,4000.0,Rural,18.86275,-97.95115,18.86275,-97.95115,1.8,4
140684,2024-05-29,3000,Femenino,2,75259,75240,6000,2800,585,Puebla Oriente,1.379059829,0,3200,2000.0,Rural,18.86275,-97.95115,18.8942,-98.0325,4.0,5
141668,2024-06-04,8000,Femenino,2,75620,75620,7600,2800,668,Puebla Oriente,1.134594857,0,4800,2533.3333333333335,Rural,18.8193,-97.9139,18.8193,-97.9139,8.3,6
166866,2024-10-09,3000,Masculino,1,75620,75620,10000,2800,541,Puebla Oriente,1.063784247,1,7200,5000.0,Rural,18.8193,-97.9139,18.8193,-97.9139,2.75,10
139783,2024-05-27,12000,Femenino,0,75650,75650,9500,4000,413,Puebla Oriente,1.063799234,0,5500,9500.0,Rural,18.7319,-97.8984,18.7319,-97.8984,1.2,5
141196,2024-06-01,9000,Femenino,1,75650,75650,10700,4500,480,Puebla Oriente,1.194115201,0,6200,5350.0,Rural,18.7319,-97.8984,18.7319,-97.8984,1.8,6
90774,2023-06-27,3000,Femenino,0,75490,75490,8000,100,573,Puebla Oriente,0.85102459,1,7900,8000.0,Rural,18.898085714285717,-97.7369,18.898085714285717,-97.7369,3.5,6
110197,2023-11-07,3000,Masculino,1,75490,75490,8100,1950,418,Puebla Oriente,0.630389364,1,6150,4050.0,Rural,18.898085714285717,-97.7369,18.898085714285717,-97.7369,1.2,11
117932,2024-01-08,3000,Femenino,1,75480,75492,16000,6000,568,Puebla Oriente,1.198630137,0,10000,8000.0,Semiurbano,18.8764,-97.7333,18.90556666666667,-97.7051,3.2,1
121648,2024-01-30,3000,Femenino,2,75490,75480,5200,1900,427,Puebla Oriente,0.77366127,0,3300,1733.3333333333333,Rural,18.898085714285717,-97.7369,18.8764,-97.7333,1.2,1
121898,2024-01-31,3000,Masculino,0,75490,75480,14000,7500,738,Puebla Oriente,0.895813491,0,6500,14000.0,Rural,18.898085714285717,-97.7369,18.8764,-97.7333,8.3,1
127825,2024-03-13,3000,Femenino,0,75490,75490,5800,500,523,Puebla Oriente,1.063784247,0,5300,5800.0,Rural,18.898085714285717,-97.7369,18.898085714285717,-97.7369,2.2,3
129551,2024-03-23,3000,Femenino,2,75490,75490,8500,2000,492,Puebla Oriente,1.063784247,0,6500,2833.3333333333335,Rural,18.898085714285717,-97.7369,18.898085714285717,-97.7369,1.9,3
134452,2024-04-27,4000,Femenino,1,75480,75480,7000,2900,577,Puebla Oriente,1.001208703,1,4100,3500.0,Semiurbano,18.8764,-97.7333,18.8764,-97.7333,3.5,4
136850,2024-05-07,4000,Femenino,0,75490,75490,6000,6900,477,Puebla Oriente,0.945584046,0,-900,6000.0,Rural,18.898085714285717,-97.7369,18.898085714285717,-97.7369,1.6,5
136999,2024-05-08,5000,Femenino,0,75490,75490,12000,8000,489,Puebla Oriente,1.063783368,0,4000,12000.0,Rural,18.898085714285717,-97.7369,18.898085714285717,-97.7369,1.8,5
140878,2024-05-29,7500,Femenino,1,75490,75490,12000,6900,595,Puebla Oriente,1.501478197,0,5100,6000.0,Rural,18.898085714285717,-97.7369,18.898085714285717,-97.7369,4.0,5
141659,2024-06-04,3000,Femenino,0,75490,75490,4800,1000,653,Puebla Oriente,1.19078341,0,3800,4800.0,Rural,18.898085714285717,-97.7369,18.898085714285717,-97.7369,6.1,6
141661,2024-06-04,3000,Masculino,2,75490,75490,12000,4800,464,Puebla Oriente,0.810502283,0,7200,4000.0,Rural,18.898085714285717,-97.7369,18.898085714285717,-97.7369,1.5,6
141667,2024-06-04,6500,Masculino,3,75490,75490,14000,5000,426,Puebla Oriente,1.278453689,0,9000,3500.0,Rural,18.898085714285717,-97.7369,18.898085714285717,-97.7369,1.2,6
141846,2024-06-05,3000,Femenino,2,75490,75490,0,6800,545,Puebla Oriente,1.369354839,0,-6800,0.0,Rural,18.898085714285717,-97.7369,18.898085714285717,-97.7369,2.75,6
136047,2024-05-01,3000,Femenino,1,72320,72000,13500,7000,452,Puebla Oriente,0.895817256,1,6500,6750.0,Urbano,19.0395,-98.1508,19.0479,-98.1907,1.5,5
139861,2024-05-27,3000,Femenino,0,72310,72310,13000,4000,518,Puebla Oriente,1.259057072,0,9000,13000.0,Urbano,19.069975,-98.166425,19.069975,-98.166425,2.1,5
135247,2024-04-27,5000,Femenino,3,75610,75610,7500,4000,500,Puebla Oriente,1.271521087,0,3500,1875.0,Rural,18.826075,-97.807475,18.826075,-97.807475,2.0,4
135346,2024-04-27,5500,Masculino,4,75495,75495,9500,4000,627,Puebla Oriente,1.134703196,1,5500,1900.0,Rural,18.8521,-97.78144,18.8521,-97.78144,5.3,4
135867,2024-05-01,8500,Femenino,2,75495,75495,11500,6000,501,Puebla Oriente,1.278469401,0,5500,3833.3333333333335,Rural,18.8521,-97.78144,18.8521,-97.78144,2.0,5
138359,2024-05-15,10000,Femenino,3,75610,75610,6800,2000,546,Puebla Oriente,1.642255435,0,4800,1700.0,Rural,18.826075,-97.807475,18.826075,-97.807475,2.75,5
141986,2024-06-05,5500,Femenino,2,75495,75480,14000,4800,469,Puebla Oriente,1.063784247,0,9200,4666.666666666667,Rural,18.8521,-97.78144,18.8764,-97.7333,1.6,6
142335,2024-06-10,8000,Femenino,1,75610,75610,8000,3500,481,Puebla Oriente,1.278347578,0,4500,4000.0,Rural,18.826075,-97.807475,18.826075,-97.807475,1.8,6
120601,2024-01-23,5500,Femenino,2,75020,75020,25000,7000,440,Puebla Oriente,1.063784247,1,18000,8333.333333333334,Rural,19.3587,-97.5795,19.3587,-97.5795,1.3,1
139303,2024-05-22,5500,Masculino,1,75020,75020,20000,12500,584,Puebla Oriente,1.380645161,0,7500,10000.0,Rural,19.3587,-97.5795,19.3587,-97.5795,3.5,5
140275,2024-05-27,7500,Femenino,1,75020,75020,24000,4123,462,Puebla Oriente,0.945581325,1,19877,12000.0,Rural,19.3587,-97.5795,19.3587,-97.5795,1.5,5
114793,2023-12-11,5500,Masculino,0,75020,75020,10000,8000,482,Puebla Oriente,1.384988584,0,2000,10000.0,Rural,19.3587,-97.5795,19.3587,-97.5795,1.8,12
134280,2024-04-22,5500,Femenino,1,72498,72000,18000,3000,526,Puebla Poniente,1.846594982,1,15000,9000.0,Urbano,19.014940000000003,-98.22058,19.0479,-98.1907,2.2,4
142139,2024-06-07,5500,Femenino,2,72498,72000,12000,5000,591,Puebla Poniente,1.211981567,0,7000,4000.0,Urbano,19.014940000000003,-98.22058,19.0479,-98.1907,4.0,6
110522,2023-11-08,3000,Femenino,3,75205,75205,5200,2000,469,Puebla Oriente,1.063798395,0,3200,1300.0,Rural,19.000275,-97.925125,19.000275,-97.925125,1.6,11
133486,2024-04-17,5000,Femenino,0,75205,75205,44000,2000,611,Puebla Oriente,1.288988409,0,42000,44000.0,Rural,19.000275,-97.925125,19.000275,-97.925125,4.6,4
138121,2024-05-15,5000,Femenino,1,75205,75200,6200,2000,567,Puebla Oriente,1.380645161,0,4200,3100.0,Rural,19.000275,-97.925125,18.97357,-97.898145,3.2,5
140333,2024-05-28,5000,Masculino,1,75205,75205,6200,2000,627,Puebla Oriente,1.388172043,0,4200,3100.0,Rural,19.000275,-97.925125,19.000275,-97.925125,5.3,5
142500,2024-06-08,5000,Masculino,2,75205,75205,7200,2000,683,Puebla Oriente,1.063784247,0,5200,2400.0,Rural,19.000275,-97.925125,19.000275,-97.925125,8.3,6
141539,2024-06-05,7500,Femenino,0,73780,73780,13600,4000,499,Puebla Oriente,1.063777881,0,9600,13600.0,Rural,19.4675,-97.687,19.4675,-97.687,1.9,6
71942,2023-02-08,5000,Femenino,1,75114,75114,4000,3,492,Puebla Oriente,0.0,0,3997,2000.0,Rural,19.0563,-97.9916,19.0563,-97.9916,1.9,2
80234,2023-04-12,5000,Masculino,4,75114,75114,15000,6000,0,Puebla Oriente,0.0,0,9000,3000.0,Rural,19.0563,-97.9916,19.0563,-97.9916,0.0,4
80320,2023-04-12,5000,Femenino,2,75114,75114,11500,6,619,Puebla Oriente,0.0,0,11494,3833.3333333333335,Rural,19.0563,-97.9916,19.0563,-97.9916,5.3,4
107612,2023-10-25,4000,Femenino,3,75114,75110,8000,5,650,Puebla Oriente,1.134702259,0,7995,2000.0,Rural,19.0563,-97.9916,19.11098,-97.96002,6.1,10
112261,2023-11-22,5000,Femenino,2,75114,75110,6000,6,617,Puebla Oriente,1.063783368,0,5994,2000.0,Rural,19.0563,-97.9916,19.11098,-97.96002,5.3,11
129973,2024-03-26,10000,Femenino,1,75114,75110,12000,4,0,Puebla Oriente,1.134717895,0,11996,6000.0,Rural,19.0563,-97.9916,19.11098,-97.96002,0.0,3
136336,2024-05-04,5000,Femenino,3,75114,75114,6,5,646,Puebla Oriente,1.063777881,0,1,1.5,Rural,19.0563,-97.9916,19.0563,-97.9916,6.1,5
137401,2024-05-11,3000,Femenino,4,75114,75114,6000,3000,413,Puebla Oriente,1.063784247,0,3000,1200.0,Rural,19.0563,-97.9916,19.0563,-97.9916,1.2,5
138406,2024-05-15,6000,Femenino,3,75114,75110,8000,5,665,Puebla Oriente,1.063782051,0,7995,2000.0,Rural,19.0563,-97.9916,19.11098,-97.96002,8.3,5
138705,2024-05-20,3000,Femenino,2,75114,75114,0,5,497,Puebla Oriente,1.063784247,1,-5,0.0,Rural,19.0563,-97.9916,19.0563,-97.9916,1.9,5
158853,2024-08-28,5000,Femenino,1,75114,75114,8800,5500,547,Puebla Oriente,0.680821355,0,3300,4400.0,Rural,19.0563,-97.9916,19.0563,-97.9916,2.75,8
171818,2024-11-04,5000,Femenino,3,75114,75114,4008,5,414,Puebla Oriente,0.65463242,0,4003,1002.0,Rural,19.0563,-97.9916,19.0563,-97.9916,1.2,11
81826,2023-04-22,6000,Femenino,0,75210,75210,6000,3500,0,Puebla Oriente,0.0,0,2500,6000.0,Rural,19.0233,-97.9051,19.0233,-97.9051,0.0,4
91802,2023-07-05,9000,Femenino,0,75100,75100,12000,3500,719,Puebla Oriente,0.0,0,8500,12000.0,Rural,19.0705,-97.7471,19.0705,-97.7471,8.3,7
115203,2023-12-13,3000,Femenino,1,75100,73370,12000,4000,506,Puebla Oriente,0.851026393,0,8000,6000.0,Rural,19.0705,-97.7471,20.0031,-97.7965,2.0,12
130362,2024-03-27,7000,Femenino,0,75100,75100,7000,1500,605,Puebla Oriente,1.134702259,0,5500,7000.0,Rural,19.0705,-97.7471,19.0705,-97.7471,4.6,3
131694,2024-04-08,5000,Femenino,1,75100,73370,12000,4000,532,Puebla Oriente,1.063784247,0,8000,6000.0,Rural,19.0705,-97.7471,20.0031,-97.7965,2.6,4
133299,2024-04-17,6500,Femenino,2,75100,75100,14000,1500,589,Puebla Oriente,1.379059829,0,12500,4666.666666666667,Rural,19.0705,-97.7471,19.0705,-97.7471,4.0,4
133591,2024-04-17,5500,Femenino,4,75100,75100,12000,2000,641,Puebla Oriente,1.134703196,0,10000,2400.0,Rural,19.0705,-97.7471,19.0705,-97.7471,6.1,4
134528,2024-04-24,6500,Femenino,3,75100,75100,17000,4000,399,Puebla Oriente,1.215750916,0,13000,4250.0,Rural,19.0705,-97.7471,19.0705,-97.7471,0.9,4
139385,2024-05-22,8000,Masculino,3,75100,75100,12000,4000,533,Puebla Oriente,1.063777881,0,8000,3000.0,Rural,19.0705,-97.7471,19.0705,-97.7471,2.6,5
140564,2024-05-29,6500,Femenino,1,75100,75100,16000,4000,454,Puebla Oriente,1.418367347,0,12000,8000.0,Rural,19.0705,-97.7471,19.0705,-97.7471,1.5,5
140865,2024-05-29,7000,Femenino,2,75100,75100,12000,2000,489,Puebla Oriente,1.001203756,0,10000,4000.0,Rural,19.0705,-97.7471,19.0705,-97.7471,1.8,5
75953,2023-03-11,5000,Femenino,1,75100,75100,12000,4000,565,Puebla Oriente,0.0,0,8000,6000.0,Rural,19.0705,-97.7471,19.0705,-97.7471,3.2,3
78027,2023-03-27,5000,Femenino,2,75100,75100,14000,4000,514,Puebla Oriente,0.0,0,10000,4666.666666666667,Rural,19.0705,-97.7471,19.0705,-97.7471,2.1,3
84458,2023-05-13,7000,Femenino,0,75100,75100,10000,3200,541,Puebla Oriente,0.0,1,6800,10000.0,Rural,19.0705,-97.7471,19.0705,-97.7471,2.75,5
85420,2023-05-23,6000,Masculino,0,75100,75100,12000,2000,545,Puebla Oriente,0.0,0,10000,12000.0,Rural,19.0705,-97.7471,19.0705,-97.7471,2.75,5
114733,2023-12-11,3000,Femenino,1,75100,75100,13400,6000,599,Puebla Oriente,0.773660357,0,7400,6700.0,Rural,19.0705,-97.7471,19.0705,-97.7471,4.6,12
130915,2024-04-03,5000,Femenino,0,75100,75100,10000,4000,632,Puebla Oriente,1.063783368,0,6000,10000.0,Rural,19.0705,-97.7471,19.0705,-97.7471,5.3,4
133668,2024-04-22,13000,Masculino,3,75100,75100,15000,8000,511,Puebla Oriente,1.06379822,0,7000,3750.0,Rural,19.0705,-97.7471,19.0705,-97.7471,2.1,4
135926,2024-05-01,6000,Femenino,2,75100,75100,14000,4000,519,Puebla Oriente,1.309271374,0,10000,4666.666666666667,Rural,19.0705,-97.7471,19.0705,-97.7471,2.2,5
135991,2024-05-01,7000,Femenino,0,75100,75100,12000,6000,600,Puebla Oriente,1.063783368,0,6000,12000.0,Rural,19.0705,-97.7471,19.0705,-97.7471,4.6,5
137154,2024-05-08,7000,Femenino,2,75100,75100,10000,3200,684,Puebla Oriente,1.215753425,0,6800,3333.3333333333335,Rural,19.0705,-97.7471,19.0705,-97.7471,8.3,5
139494,2024-05-22,9000,Femenino,1,75100,75100,12000,4000,554,Puebla Oriente,1.134780362,1,8000,6000.0,Rural,19.0705,-97.7471,19.0705,-97.7471,2.9,5
139863,2024-05-27,5500,Femenino,2,75100,75100,0,4600,670,Puebla Oriente,1.134703196,0,-4600,0.0,Rural,19.0705,-97.7471,19.0705,-97.7471,8.3,5
139664,2024-05-22,4000,Femenino,2,72365,72000,10000,5000,544,Puebla Oriente,1.063777372,1,5000,3333.3333333333335,Urbano,19.0347,-98.14045,19.0479,-98.1907,2.75,5
73870,2023-02-22,4000,Masculino,2,75100,75100,16000,6000,716,Puebla Oriente,1.063784247,0,10000,5333.333333333333,Rural,19.0705,-97.7471,19.0705,-97.7471,8.3,2
74889,2023-03-01,5000,Femenino,1,75100,75100,17000,2800,496,Puebla Oriente,1.063777516,0,14200,8500.0,Rural,19.0705,-97.7471,19.0705,-97.7471,1.9,3
79884,2023-04-07,6000,Masculino,1,75100,75100,12000,3200,674,Puebla Oriente,0.0,0,8800,6000.0,Rural,19.0705,-97.7471,19.0705,-97.7471,8.3,4
80148,2023-04-10,4500,Femenino,2,75100,75100,16000,4000,540,Puebla Oriente,0.0,0,12000,5333.333333333333,Rural,19.0705,-97.7471,19.0705,-97.7471,2.75,4
130540,2024-03-29,6000,Femenino,2,75100,75100,16000,4000,540,Puebla Oriente,1.196831916,0,12000,5333.333333333333,Rural,19.0705,-97.7471,19.0705,-97.7471,2.75,3
137079,2024-05-08,9000,Masculino,0,75100,75100,12200,2400,656,Puebla Oriente,1.215747418,0,9800,12200.0,Rural,19.0705,-97.7471,19.0705,-97.7471,6.1,5
99471,2023-08-23,5000,Femenino,2,75127,75120,4500,500,522,Puebla Oriente,0.630386775,0,4000,1500.0,Rural,19.17125,-97.85265,19.22985,-97.8167,2.2,8
114519,2023-12-08,8000,Femenino,1,75110,75110,7000,2000,678,Puebla Oriente,1.063777372,0,5000,3500.0,Urbano,19.11098,-97.96002,19.11098,-97.96002,8.3,12
129605,2024-03-25,4000,Masculino,1,75111,75110,3000,1000,619,Puebla Oriente,1.379280822,0,2000,1500.0,Fake,19.11098,-97.96002,19.11098,-97.96002,5.3,3
129721,2024-03-25,5000,Masculino,2,75113,75110,3000,2000,474,Puebla Oriente,0.945580339,1,1000,1000.0,Rural,19.08565,-97.9327,19.11098,-97.96002,1.6,3
132985,2024-04-15,6000,Femenino,0,75113,75113,4000,2000,461,Puebla Oriente,1.063777683,0,2000,4000.0,Rural,19.08565,-97.9327,19.08565,-97.9327,1.5,4
134110,2024-04-22,6000,Femenino,2,75113,75118,3500,3500,529,Puebla Oriente,1.063784247,0,0,1166.6666666666667,Rural,19.08565,-97.9327,19.0492,-97.9413,2.6,4
134061,2024-04-23,5500,Femenino,0,75520,75520,8800,6000,517,Puebla Oriente,1.215753425,1,2800,8800.0,Semiurbano,18.98403076923077,-97.44617692307692,18.98403076923077,-97.44617692307692,2.1,4
136883,2024-05-07,6500,Femenino,0,75526,75526,10500,3000,530,Puebla Oriente,1.001131222,1,7500,10500.0,Rural,19.0409,-97.4346,19.0409,-97.4346,2.6,5
137434,2024-05-11,7000,Femenino,2,72980,72980,12000,4300,429,Puebla Oriente,1.001207875,1,7700,4000.0,Urbano,19.04407619047619,-98.0449761904762,19.04407619047619,-98.0449761904762,1.2,5
77981,2023-03-29,5000,Femenino,0,90560,90560,15000,10000,649,Puebla Oriente,0.0,1,5000,15000.0,Urbano,19.3086,-97.77256666666666,19.3086,-97.77256666666666,6.1,3
97115,2023-08-14,4000,Masculino,2,75000,75000,10000,2500,398,Puebla Oriente,0.895812952,1,7500,3333.3333333333335,Urbano,19.24144,-97.80812,19.24144,-97.80812,0.9,8
107517,2023-10-18,4000,Femenino,2,75100,75100,0,4000,434,Puebla Oriente,0.0,1,-4000,0.0,Rural,19.0705,-97.7471,19.0705,-97.7471,1.3,10
112389,2023-11-22,5500,Femenino,2,72980,72980,14300,3200,485,Puebla Oriente,1.134703196,1,11100,4766.666666666667,Urbano,19.04407619047619,-98.0449761904762,19.04407619047619,-98.0449761904762,1.8,11
129891,2024-03-26,11000,Femenino,0,75010,75010,8000,3500,518,Puebla Oriente,1.134718826,1,4500,8000.0,Rural,19.2331,-97.7283,19.2331,-97.7283,2.1,3
130678,2024-04-02,5500,Femenino,3,75116,75110,14000,3200,0,Puebla Oriente,1.063784247,1,10800,3500.0,Rural,19.0541,-97.9666,19.11098,-97.96002,0.0,4
131627,2024-04-08,4000,Femenino,0,75116,75116,13800,2000,0,Puebla Oriente,1.001207875,1,11800,13800.0,Rural,19.0541,-97.9666,19.0541,-97.9666,0.0,4
134199,2024-04-23,6000,Femenino,0,75116,75110,14800,4000,0,Puebla Oriente,1.063782051,1,10800,14800.0,Rural,19.0541,-97.9666,19.11098,-97.96002,0.0,4
134206,2024-04-22,7000,Femenino,2,75116,75110,16000,4000,439,Puebla Oriente,1.063783368,1,12000,5333.333333333333,Rural,19.0541,-97.9666,19.11098,-97.96002,1.3,4
134380,2024-04-22,7000,Femenino,2,72980,72980,12000,4000,566,Puebla Oriente,1.116906229,1,8000,4000.0,Urbano,19.04407619047619,-98.0449761904762,19.04407619047619,-98.0449761904762,3.2,4
138921,2024-05-18,7000,Femenino,2,72980,72980,16000,5000,599,Puebla Oriente,1.046806569,1,11000,5333.333333333333,Urbano,19.04407619047619,-98.0449761904762,19.04407619047619,-98.0449761904762,4.6,5
141300,2024-06-04,7000,Femenino,0,75116,75110,0,4000,422,Puebla Oriente,1.41802168,1,-4000,0.0,Rural,19.0541,-97.9666,19.11098,-97.96002,1.2,6
141677,2024-06-05,8000,Femenino,0,72980,72980,4600,2000,687,Puebla Oriente,1.063798701,1,2600,4600.0,Urbano,19.04407619047619,-98.0449761904762,19.04407619047619,-98.0449761904762,8.3,6
114786,2023-12-12,5500,Femenino,0,75020,75020,9000,7500,518,Puebla Oriente,1.384988584,1,1500,9000.0,Rural,19.3587,-97.5795,19.3587,-97.5795,2.1,12
114800,2023-12-11,5500,Femenino,0,90570,90570,8000,4000,508,Puebla Oriente,1.203767123,1,4000,8000.0,Urbano,19.3281,-97.6911,19.3281,-97.6911,2.0,12
114807,2023-12-12,5500,Femenino,0,75020,75020,10500,5000,427,Puebla Oriente,1.384988584,1,5500,10500.0,Rural,19.3587,-97.5795,19.3587,-97.5795,1.2,12
134890,2024-04-24,5000,Femenino,1,73795,73795,17000,8000,390,Puebla Oriente,0.983572895,1,9000,8500.0,Rural,19.4984,-97.6489,19.4984,-97.6489,0.9,4
133713,2024-04-27,4000,Femenino,0,73780,73780,12800,4000,443,Puebla Oriente,1.063782051,1,8800,12800.0,Rural,19.4675,-97.687,19.4675,-97.687,1.3,4
136178,2024-05-06,7500,Femenino,1,75021,75020,17500,8000,526,Puebla Oriente,1.001202712,1,9500,8750.0,Rural,19.4099,-97.637,19.3587,-97.5795,2.2,5
136845,2024-05-07,3000,Masculino,0,75021,75020,17000,7000,509,Puebla Oriente,0.77366127,1,10000,17000.0,Rural,19.4099,-97.637,19.3587,-97.5795,2.0,5
137311,2024-05-08,5500,Femenino,1,75020,75020,15500,7000,514,Puebla Oriente,1.134703196,1,8500,7750.0,Rural,19.3587,-97.5795,19.3587,-97.5795,2.1,5
138405,2024-05-17,6500,Femenino,1,73780,73780,0,8000,467,Puebla Oriente,1.063782051,1,-8000,0.0,Rural,19.4675,-97.687,19.4675,-97.687,1.6,5
139021,2024-05-20,10000,Masculino,2,73783,73780,10500,5200,456,Puebla Oriente,1.194309102,1,5300,3500.0,Urbano,19.46976666666667,-97.68233333333336,19.4675,-97.687,1.5,5
140267,2024-05-27,10000,Femenino,2,75020,75020,14000,7000,429,Puebla Oriente,1.377943841,1,7000,4666.666666666667,Rural,19.3587,-97.5795,19.3587,-97.5795,1.2,5
141168,2024-06-04,9500,Femenino,0,73780,73780,0,4200,441,Puebla Oriente,1.286082186,1,-4200,0.0,Rural,19.4675,-97.687,19.4675,-97.687,1.3,6
141548,2024-06-04,7500,Femenino,3,73780,73780,19300,7200,419,Puebla Oriente,1.515319865,1,12100,4825.0,Rural,19.4675,-97.687,19.4675,-97.687,1.2,6
82230,2023-04-26,6000,Femenino,1,75000,75000,10000,2000,514,Puebla Oriente,0.0,0,8000,5000.0,Urbano,19.24144,-97.80812,19.24144,-97.80812,2.1,4
84496,2023-05-13,4000,Femenino,1,75000,75000,7000,3500,526,Puebla Oriente,0.0,0,3500,3500.0,Urbano,19.24144,-97.80812,19.24144,-97.80812,2.2,5
129406,2024-03-22,13000,Masculino,1,75000,75000,18500,3500,602,Puebla Oriente,1.376770538,0,15000,9250.0,Urbano,19.24144,-97.80812,19.24144,-97.80812,4.6,3
172164,2024-11-05,3000,Femenino,2,72490,72000,9000,5000,549,Puebla Poniente,1.001208703,0,4000,3000.0,Urbano,18.9996,-98.2071,19.0479,-98.1907,2.9,11
133889,2024-04-23,8500,Masculino,2,75565,75565,9700,3400,559,Puebla Oriente,1.194329521,1,6300,3233.3333333333335,Rural,18.8547,-97.314,18.8547,-97.314,2.9,4
134391,2024-04-23,9500,Masculino,2,75565,75560,7800,3000,694,Puebla Oriente,1.063777372,0,4800,2600.0,Rural,18.8547,-97.314,18.8585,-97.3764,8.3,4
136107,2024-05-01,6500,Femenino,0,75565,75560,6200,3745,443,Puebla Oriente,1.215689333,0,2455,6200.0,Rural,18.8547,-97.314,18.8585,-97.3764,1.3,5
164056,2024-09-25,6000,Femenino,1,75560,75560,8200,6500,527,Puebla Oriente,0.851022013,0,1700,4100.0,Urbano,18.8585,-97.3764,18.8585,-97.3764,2.2,9
112337,2023-11-22,5500,Femenino,1,72229,72229,15000,9000,441,Puebla Oriente,1.134703196,0,6000,7500.0,Urbano,19.068116666666665,-98.13001666666666,19.068116666666665,-98.13001666666666,1.3,11
129514,2024-03-26,5000,Masculino,1,72229,72000,13000,6000,417,Puebla Oriente,1.063784247,0,7000,6500.0,Urbano,19.068116666666665,-98.13001666666666,19.0479,-98.1907,1.2,3
134672,2024-04-24,5000,Masculino,2,72310,72000,15000,8000,378,Puebla Oriente,1.280998263,1,7000,5000.0,Urbano,19.069975,-98.166425,19.0479,-98.1907,0.9,4
138143,2024-05-15,5500,Femenino,0,72000,72000,18700,11000,565,Puebla Oriente,1.063777881,0,7700,18700.0,Urbano,19.0479,-98.1907,19.0479,-98.1907,3.2,5
78251,2023-03-29,3000,Masculino,2,72573,72573,9500,4600,626,Puebla Oriente,0.0,0,4900,3166.6666666666665,Urbano,19.0063,-98.1941,19.0063,-98.1941,5.3,3
85888,2023-05-24,3000,Masculino,1,72573,72000,13000,5300,662,Puebla Oriente,0.991155412,0,7700,6500.0,Urbano,19.0063,-98.1941,19.0479,-98.1907,6.1,5
132148,2024-04-10,3000,Masculino,2,72573,72573,10300,5200,582,Puebla Oriente,0.810501613,0,5100,3433.3333333333335,Urbano,19.0063,-98.1941,19.0063,-98.1941,3.5,4
133217,2024-04-16,3000,Femenino,1,72573,72573,11000,5000,539,Puebla Oriente,1.063777372,0,6000,5500.0,Urbano,19.0063,-98.1941,19.0063,-98.1941,2.75,4
134008,2024-04-22,13500,Femenino,1,72573,72000,12500,5200,527,Puebla Oriente,1.063798395,0,7300,6250.0,Urbano,19.0063,-98.1941,19.0479,-98.1907,2.2,4
139463,2024-05-22,5000,Femenino,1,72573,72000,14600,544,554,Puebla Oriente,1.305210918,1,14056,7300.0,Urbano,19.0063,-98.1941,19.0479,-98.1907,2.9,5
141043,2024-05-31,11500,Masculino,1,72573,72573,10000,5000,671,Puebla Oriente,1.063799234,0,5000,5000.0,Urbano,19.0063,-98.1941,19.0063,-98.1941,8.3,5
141816,2024-06-05,5500,Masculino,1,72573,72470,9800,5400,518,Puebla Oriente,1.190552995,1,4400,4900.0,Urbano,19.0063,-98.1941,19.021371428571427,-98.21945714285714,2.1,6
136568,2024-05-06,13500,Femenino,3,75515,75500,9800,7000,600,Puebla Oriente,1.001222169,1,2800,2450.0,Rural,18.823875,-97.49161875,18.847266666666663,-97.55463333333334,4.6,5
140091,2024-05-29,10000,Femenino,0,75515,75515,21000,8000,520,Puebla Oriente,1.063778772,0,13000,21000.0,Rural,18.823875,-97.49161875,18.823875,-97.49161875,2.2,5
133251,2024-04-16,11000,Femenino,0,75526,75520,8800,3000,650,Puebla Oriente,1.194320788,0,5800,8800.0,Rural,19.0409,-97.4346,18.98403076923077,-97.44617692307692,6.1,4
111754,2023-11-20,5000,Femenino,2,75200,75200,12000,6000,537,Puebla Oriente,1.296891465,0,6000,4000.0,Urbano,18.97357,-97.898145,18.97357,-97.898145,2.6,11
74663,2023-03-01,7000,Masculino,2,72595,72000,9500,4800,573,Puebla Oriente,0.0,0,4700,3166.6666666666665,Urbano,18.9977875,-98.176675,19.0479,-98.1907,3.5,3
132686,2024-04-12,8000,Femenino,1,72595,72000,16500,4500,406,Puebla Oriente,1.270804643,1,12000,8250.0,Urbano,18.9977875,-98.176675,19.0479,-98.1907,0.9,4
139289,2024-05-22,7000,Femenino,1,72560,72000,14000,4000,413,Puebla Oriente,1.278142589,0,10000,7000.0,Urbano,19.01588,-98.1878,19.0479,-98.1907,1.2,5
142489,2024-06-08,5000,Femenino,0,72560,72000,8500,4500,465,Puebla Oriente,1.278142589,0,4000,8500.0,Urbano,19.01588,-98.1878,19.0479,-98.1907,1.5,6
142490,2024-06-08,3000,Femenino,0,72595,72595,9800,4500,438,Puebla Oriente,1.001208703,0,5300,9800.0,Urbano,18.9977875,-98.176675,18.9977875,-98.176675,1.3,6
95073,2023-07-26,3000,Masculino,0,72000,72000,14000,7000,624,Puebla Poniente,1.215753425,0,7000,14000.0,Urbano,19.0479,-98.1907,19.0479,-98.1907,5.3,7
114213,2023-12-06,3000,Femenino,2,72490,72000,14000,5000,420,Puebla Poniente,1.21575242,0,9000,4666.666666666667,Urbano,18.9996,-98.2071,19.0479,-98.1907,1.2,12
135579,2024-04-29,3000,Masculino,1,72994,72980,3000,15000,603,Puebla Oriente,1.001208703,0,-12000,1500.0,Urbano,19.0478,-98.06415,19.04407619047619,-98.0449761904762,4.6,4
141159,2024-06-01,4000,Masculino,1,72350,72000,11500,1800,457,Puebla Oriente,1.063784247,0,9700,5750.0,Urbano,19.0327,-98.1479,19.0479,-98.1907,1.5,6
141804,2024-06-05,9000,Femenino,0,72350,72000,20000,5000,460,Puebla Oriente,1.063777372,0,15000,20000.0,Urbano,19.0327,-98.1479,19.0479,-98.1907,1.5,6
116126,2023-12-20,5000,Masculino,0,72490,72000,10000,5000,480,Puebla Poniente,0.945585216,0,5000,10000.0,Urbano,18.9996,-98.2071,19.0479,-98.1907,1.8,12
132301,2024-04-10,5000,Masculino,2,72980,72980,19000,2500,508,Puebla Oriente,1.063783368,0,16500,6333.333333333333,Urbano,19.04407619047619,-98.0449761904762,19.04407619047619,-98.0449761904762,2.0,4
133436,2024-04-17,5500,Femenino,1,72980,72980,9000,2500,670,Puebla Oriente,1.063777881,0,6500,4500.0,Urbano,19.04407619047619,-98.0449761904762,19.04407619047619,-98.0449761904762,8.3,4
130193,2024-03-27,10000,Femenino,3,72960,72960,9500,4000,513,Puebla Poniente,1.383949192,0,5500,2375.0,Rural,18.914075,-98.1718,18.914075,-98.1718,2.1,3
135925,2024-05-01,9500,Masculino,0,72495,72490,16000,5000,552,Puebla Poniente,1.278495227,0,11000,16000.0,Urbano,18.98885,-98.2127,18.9996,-98.2071,2.9,5
131382,2024-04-08,8000,Femenino,2,72595,72595,18000,3600,452,Puebla Oriente,1.134696406,0,14400,6000.0,Urbano,18.9977875,-98.176675,18.9977875,-98.176675,1.5,4
132896,2024-04-13,7000,Femenino,1,72595,72595,15800,3600,643,Puebla Oriente,1.278471016,0,12200,7900.0,Urbano,18.9977875,-98.176675,18.9977875,-98.176675,6.1,4
134751,2024-04-24,9000,Masculino,3,72585,72000,17300,3600,668,Puebla Oriente,1.063799234,0,13700,4325.0,Fake,19.03386666666667,-98.184,19.0479,-98.1907,8.3,4
138343,2024-05-15,10000,Femenino,2,72320,72365,15600,3600,651,Puebla Oriente,0.945598246,0,12000,5200.0,Urbano,19.0395,-98.1508,19.0347,-98.14045,6.1,5
141321,2024-06-04,8000,Femenino,2,72360,72980,13400,3600,488,Puebla Oriente,1.194179894,1,9800,4466.666666666667,Urbano,19.03525,-98.130425,19.04407619047619,-98.0449761904762,1.8,6
111740,2023-11-20,3000,Femenino,0,72000,72000,7500,3000,490,Puebla Poniente,1.043236301,0,4500,7500.0,Urbano,19.0479,-98.1907,19.0479,-98.1907,1.9,11
136396,2024-05-04,4000,Masculino,1,72495,72000,8500,3500,443,Puebla Poniente,1.106666667,0,5000,4250.0,Urbano,18.98885,-98.2127,19.0479,-98.1907,1.3,5
139108,2024-05-22,3000,Masculino,1,72495,72000,8500,3500,520,Puebla Poniente,0.945585997,1,5000,4250.0,Urbano,18.98885,-98.2127,19.0479,-98.1907,2.2,5
137058,2024-05-08,5000,Femenino,0,72474,72470,8000,6000,600,Puebla Poniente,1.279457755,0,2000,8000.0,Urbano,18.9987,-98.2296,19.021371428571427,-98.21945714285714,4.6,5
137375,2024-05-11,3000,Masculino,3,72490,72000,10000,5000,419,Puebla Poniente,1.134700855,1,5000,2500.0,Urbano,18.9996,-98.2071,19.0479,-98.1907,1.2,5
134478,2024-04-23,15500,Femenino,0,75585,75580,11000,7000,509,Puebla Oriente,1.385064254,0,4000,11000.0,Rural,18.80925,-97.4018,18.783,-97.3876,2.0,4
134794,2024-04-24,12500,Femenino,1,75580,75580,13000,6000,608,Puebla Oriente,1.215769174,0,7000,6500.0,Rural,18.783,-97.3876,18.783,-97.3876,4.6,4
137996,2024-05-14,11500,Femenino,0,75580,75580,8000,9000,521,Puebla Oriente,1.063799076,0,-1000,8000.0,Rural,18.783,-97.3876,18.783,-97.3876,2.2,5
140420,2024-05-28,17000,Femenino,1,75585,75580,8000,7000,481,Puebla Oriente,1.666793893,0,1000,4000.0,Rural,18.80925,-97.4018,18.783,-97.3876,1.8,5
140495,2024-05-28,17000,Femenino,0,75585,75580,18000,7500,545,Puebla Oriente,1.13469666,0,10500,18000.0,Rural,18.80925,-97.4018,18.783,-97.3876,2.75,5
141526,2024-06-04,13500,Masculino,0,75585,75585,15000,5600,694,Puebla Oriente,1.063798395,0,9400,15000.0,Rural,18.80925,-97.4018,18.80925,-97.4018,8.3,6
75234,2023-03-06,5000,Femenino,2,72980,72980,6500,2300,685,Puebla Oriente,0.0,0,4200,2166.6666666666665,Urbano,19.04407619047619,-98.0449761904762,19.04407619047619,-98.0449761904762,8.3,3
75839,2023-03-11,3000,Femenino,1,72980,72980,9800,2000,436,Puebla Oriente,0.0,0,7800,4900.0,Urbano,19.04407619047619,-98.0449761904762,19.04407619047619,-98.0449761904762,1.3,3
77325,2023-03-22,11000,Masculino,1,72980,72980,7000,2000,662,Puebla Oriente,0.0,0,5000,3500.0,Urbano,19.04407619047619,-98.0449761904762,19.04407619047619,-98.0449761904762,6.1,3
79498,2023-04-05,5000,Masculino,2,72980,72980,6000,2000,684,Puebla Oriente,0.0,0,4000,2000.0,Urbano,19.04407619047619,-98.0449761904762,19.04407619047619,-98.0449761904762,8.3,4
92367,2023-07-10,3000,Masculino,0,72980,72980,5000,800,669,Puebla Oriente,0.0,0,4200,5000.0,Urbano,19.04407619047619,-98.0449761904762,19.04407619047619,-98.0449761904762,8.3,7
112251,2023-11-22,7500,Femenino,0,72980,72980,5000,2500,506,Puebla Oriente,1.063783368,0,2500,5000.0,Urbano,19.04407619047619,-98.0449761904762,19.04407619047619,-98.0449761904762,2.0,11
112254,2023-11-22,5000,Femenino,2,72980,72980,1200,1000,479,Puebla Oriente,1.063783368,0,200,400.0,Urbano,19.04407619047619,-98.0449761904762,19.04407619047619,-98.0449761904762,1.8,11
123984,2024-02-19,4000,Masculino,1,72992,72992,8500,2500,660,Puebla Oriente,1.063782051,1,6000,4250.0,Urbano,19.045775,-98.0842,19.045775,-98.0842,6.1,2
137287,2024-05-08,3000,Femenino,0,72980,72980,6500,1000,558,Puebla Oriente,1.134703196,0,5500,6500.0,Urbano,19.04407619047619,-98.0449761904762,19.04407619047619,-98.0449761904762,2.9,5
111745,2023-11-21,9000,Femenino,0,75160,75160,12000,10000,543,Puebla Oriente,1.063777372,0,2000,12000.0,Rural,19.138766666666665,-97.64386666666668,19.138766666666665,-97.64386666666668,2.75,11
134686,2024-04-24,7000,Femenino,0,75160,75160,8000,4500,641,Puebla Oriente,1.063783368,0,3500,8000.0,Rural,19.138766666666665,-97.64386666666668,19.138766666666665,-97.64386666666668,6.1,4
135979,2024-05-01,13000,Masculino,2,75160,75160,18000,7000,661,Puebla Oriente,1.001222019,0,11000,6000.0,Rural,19.138766666666665,-97.64386666666668,19.138766666666665,-97.64386666666668,6.1,5
135992,2024-05-01,9000,Femenino,0,75160,75160,10000,5000,578,Puebla Oriente,1.103849115,0,5000,10000.0,Rural,19.138766666666665,-97.64386666666668,19.138766666666665,-97.64386666666668,3.5,5
141503,2024-06-04,5000,Femenino,1,75160,75160,10000,6000,518,Puebla Oriente,0.810497046,0,4000,5000.0,Rural,19.138766666666665,-97.64386666666668,19.138766666666665,-97.64386666666668,2.1,6
161961,2024-09-17,8000,Masculino,2,75160,75160,6000,8000,498,Puebla Oriente,1.063777881,0,-2000,2000.0,Rural,19.138766666666665,-97.64386666666668,19.138766666666665,-97.64386666666668,1.9,9
135739,2024-04-30,4000,Femenino,2,75167,75157,6000,11000,524,Puebla Oriente,0.0,0,-5000,2000.0,Rural,19.1092,-97.5925,19.01845,-97.82225,2.2,4
83462,2023-05-05,5000,Femenino,0,75010,75010,5200,3000,624,Puebla Oriente,0.0,0,2200,5200.0,Rural,19.2331,-97.7283,19.2331,-97.7283,5.3,5
84105,2023-05-10,5000,Femenino,2,75010,75010,10500,4000,628,Puebla Oriente,0.0,0,6500,3500.0,Rural,19.2331,-97.7283,19.2331,-97.7283,5.3,5
90314,2023-06-26,5000,Femenino,1,75010,75010,0,4800,651,Puebla Oriente,0.0,0,-4800,0.0,Rural,19.2331,-97.7283,19.2331,-97.7283,6.1,6
112224,2023-11-22,7000,Masculino,1,75010,75010,7200,4000,575,Puebla Oriente,1.063783368,0,3200,3600.0,Rural,19.2331,-97.7283,19.2331,-97.7283,3.5,11
130843,2024-04-03,5000,Femenino,0,75010,75010,9700,3000,645,Puebla Oriente,1.063784247,0,6700,9700.0,Rural,19.2331,-97.7283,19.2331,-97.7283,6.1,4
134861,2024-04-27,7500,Femenino,0,75010,75010,5200,3000,617,Puebla Oriente,1.063783368,0,2200,5200.0,Rural,19.2331,-97.7283,19.2331,-97.7283,5.3,4
130176,2024-03-27,7500,Femenino,0,72365,72000,8000,2000,425,Puebla Oriente,0.945579886,0,6000,8000.0,Urbano,19.0347,-98.14045,19.0479,-98.1907,1.2,3
134629,2024-04-24,7000,Femenino,0,72320,72390,14000,6000,486,Puebla Oriente,1.063783368,0,8000,14000.0,Urbano,19.0395,-98.1508,19.025,-98.1326,1.8,4
135917,2024-05-01,3000,Femenino,3,72390,72390,7500,6000,628,Puebla Oriente,1.001150582,0,1500,1875.0,Urbano,19.025,-98.1326,19.025,-98.1326,5.3,5
112563,2023-11-27,9000,Masculino,0,75200,75200,10000,4800,660,Puebla Oriente,1.134695864,0,5200,10000.0,Urbano,18.97357,-97.898145,18.97357,-97.898145,6.1,11
133512,2024-04-17,11500,Femenino,0,73700,72520,12000,7000,635,Puebla Poniente,1.215770553,1,5000,12000.0,Urbano,19.7547,-97.56503333333336,19.0169125,-98.175775,6.1,4
141754,2024-06-05,5500,Masculino,0,72560,72490,9000,6000,512,Puebla Poniente,1.063784247,1,3000,9000.0,Urbano,19.01588,-98.1878,18.9996,-98.2071,2.1,6
97354,2023-08-14,5000,Femenino,1,74460,74460,15000,3200,447,Puebla Poniente,0.0,0,11800,7500.0,Semiurbano,18.6006,-98.4576,18.6006,-98.4576,1.3,8
137045,2024-05-08,14000,Femenino,0,74368,74368,9000,4000,494,Puebla Poniente,1.194354586,0,5000,9000.0,Rural,18.889333333333333,-98.38705555555556,18.889333333333333,-98.38705555555556,1.9,5
138837,2024-05-18,7000,Femenino,1,74368,74200,8600,7900,514,Puebla Poniente,1.063783368,0,700,4300.0,Rural,18.889333333333333,-98.38705555555556,18.9003,-98.4344,2.1,5
142473,2024-06-08,10000,Femenino,3,74240,74218,13000,8000,606,Puebla Poniente,1.492835968,0,5000,3250.0,Urbano,18.912466666666667,-98.42483333333332,18.924925,-98.424725,4.6,6
134904,2024-04-27,4500,Femenino,0,74240,74220,10000,5000,546,Puebla Poniente,1.063782051,0,5000,10000.0,Urbano,18.912466666666667,-98.42483333333332,18.86616666666667,-98.4315,2.75,4
135463,2024-04-29,8000,Masculino,0,74290,74240,9000,4500,473,Puebla Poniente,1.270409882,1,4500,9000.0,Urbano,18.89442,-98.44016,18.912466666666667,-98.42483333333332,1.6,4
139519,2024-05-22,10000,Femenino,0,74360,74365,9500,3254,419,Puebla Poniente,1.040433541,0,6246,9500.0,Rural,18.918883333333333,-98.44411666666667,18.8874625,-98.4603125,1.2,5
136080,2024-05-01,11500,Masculino,0,72373,72587,21000,8000,424,Puebla Poniente,1.518201711,0,13000,21000.0,Urbano,19.0392,-98.1771,19.0271,-98.1985,1.2,5
137142,2024-05-08,5000,Masculino,1,72300,72150,20000,5000,505,Puebla Poniente,1.063783368,0,15000,10000.0,Urbano,19.0538,-98.1546,19.06733333333333,-98.2516,2.0,5
138401,2024-05-15,5000,Femenino,2,72530,72430,18000,8000,381,Puebla Poniente,1.134702259,0,10000,6000.0,Urbano,19.0441,-98.19010000000002,19.0301,-98.22174,0.9,5
138888,2024-05-18,3000,Femenino,0,72340,72340,7000,5000,595,Puebla Poniente,1.274441687,0,2000,7000.0,Urbano,19.042525,-98.163575,19.042525,-98.163575,4.0,5
142014,2024-06-05,3000,Femenino,1,72501,72040,9000,8000,605,Puebla Poniente,1.134703196,0,1000,4500.0,Urbano,19.0297,-98.1938,19.068916666666667,-98.212,4.6,6
186062,2025-01-22,15000,Masculino,2,72000,72190,29000,7000,429,Puebla Poniente,1.377879404,1,22000,9666.666666666666,Urbano,19.0479,-98.1907,19.03304,-98.22484,1.2,1
91597,2023-07-03,3000,Masculino,2,74577,74577,7000,3800,0,Puebla Poniente,0.945585216,1,3200,2333.3333333333335,Rural,18.528775,-98.480525,18.528775,-98.480525,0.0,7
120810,2024-01-24,2500,Femenino,0,74443,74400,6800,3000,493,Puebla Poniente,1.050085616,0,3800,6800.0,Semiurbano,18.58052,-98.4719,18.602,-98.4666,1.9,1
131141,2024-04-03,5500,Femenino,1,74460,74573,6900,4200,537,Puebla Poniente,1.063784247,0,2700,3450.0,Semiurbano,18.6006,-98.4576,18.582766666666668,-98.41483333333332,2.6,4
133620,2024-04-17,3000,Femenino,1,74443,74400,7000,3500,474,Puebla Poniente,1.001206637,0,3500,3500.0,Semiurbano,18.58052,-98.4719,18.602,-98.4666,1.6,4
112402,2023-11-22,4700,Femenino,0,74570,74470,7500,3800,545,Puebla Poniente,0.586911733,0,3700,7500.0,Rural,18.5827125,-98.4465,18.5894,-98.4691,2.75,11
133637,2024-04-17,3000,Femenino,0,74410,74410,6500,600,573,Puebla Poniente,1.001206637,0,5900,6500.0,Urbano,18.6108,-98.4707,18.6108,-98.4707,3.5,4
139273,2024-05-22,5500,Femenino,1,74570,74570,6900,4100,563,Puebla Poniente,1.030664395,0,2800,3450.0,Rural,18.5827125,-98.4465,18.5827125,-98.4465,3.2,5
137047,2024-05-08,3000,Femenino,1,72573,72000,10000,5000,529,Puebla Poniente,1.215753425,0,5000,5000.0,Urbano,19.0063,-98.1941,19.0479,-98.1907,2.6,5
116040,2023-12-20,5000,Femenino,3,74160,74160,10000,5000,489,Puebla Poniente,1.273890381,0,5000,2500.0,Urbano,19.165713333333333,-98.42152666666668,19.165713333333333,-98.42152666666668,1.8,12
116098,2023-12-20,5500,Masculino,2,74160,74160,10000,5000,653,Puebla Poniente,1.204500978,0,5000,3333.3333333333335,Urbano,19.165713333333333,-98.42152666666668,19.165713333333333,-98.42152666666668,6.1,12
129410,2024-03-23,8500,Femenino,0,74160,74160,10000,5000,488,Puebla Poniente,1.134696017,0,5000,10000.0,Urbano,19.165713333333333,-98.42152666666668,19.165713333333333,-98.42152666666668,1.8,3
111673,2023-11-20,7500,Masculino,2,74410,74410,9500,1300,488,Puebla Poniente,1.204312115,0,8200,3166.6666666666665,Urbano,18.6108,-98.4707,18.6108,-98.4707,1.8,11
116290,2023-12-27,7000,Femenino,0,74400,74400,10000,1300,438,Puebla Poniente,1.199471986,0,8700,10000.0,Semiurbano,18.602,-98.4666,18.602,-98.4666,1.3,12
116312,2023-12-23,7500,Femenino,1,74400,74570,17000,1300,615,Puebla Poniente,1.134702259,0,15700,8500.0,Semiurbano,18.602,-98.4666,18.5827125,-98.4465,5.3,12
129537,2024-03-23,10000,Femenino,1,74400,74570,17000,1300,615,Puebla Poniente,1.394724875,0,15700,8500.0,Semiurbano,18.602,-98.4666,18.5827125,-98.4465,5.3,3
130848,2024-04-02,7500,Femenino,0,74420,74400,7600,4300,451,Puebla Poniente,1.063783368,0,3300,7600.0,Semiurbano,18.59325,-98.45186666666666,18.602,-98.4666,1.3,4
112932,2023-11-27,3000,Femenino,0,72000,72000,9600,7000,524,Puebla Poniente,1.001208703,0,2600,9600.0,Urbano,19.0479,-98.1907,19.0479,-98.1907,2.2,11
130168,2024-03-27,7500,Femenino,1,74585,74580,1500,4600,523,Puebla Poniente,1.386550308,0,-3100,750.0,Rural,18.50743636363637,-98.60797272727272,18.5286,-98.59083333333336,2.2,3
132158,2024-04-09,4000,Femenino,2,74585,74580,7600,3700,517,Puebla Poniente,1.288724974,0,3900,2533.3333333333335,Rural,18.50743636363637,-98.60797272727272,18.5286,-98.59083333333336,2.1,4
139307,2024-05-22,7500,Femenino,1,74443,74580,8600,2000,446,Puebla Poniente,1.506836659,0,6600,4300.0,Semiurbano,18.58052,-98.4719,18.5286,-98.59083333333336,1.3,5
139013,2024-05-20,8000,Femenino,1,74363,74200,22000,2500,575,Puebla Poniente,1.134697357,0,19500,11000.0,Rural,18.91988,-98.53608,18.9003,-98.4344,3.5,5
150855,2024-07-22,5000,Femenino,0,74570,74570,8200,4500,546,Puebla Poniente,0.0,0,3700,8200.0,Rural,18.5827125,-98.4465,18.5827125,-98.4465,2.75,7
171161,2024-10-30,5000,Masculino,2,74160,74160,9000,7000,437,Puebla Poniente,0.654632229,0,2000,3000.0,Urbano,19.165713333333333,-98.42152666666668,19.165713333333333,-98.42152666666668,1.3,10
134226,2024-04-22,6000,Femenino,0,74200,74200,12000,6000,449,Puebla Poniente,1.12034188,0,6000,12000.0,Urbano,18.9003,-98.4344,18.9003,-98.4344,1.3,4
80056,2023-04-11,6000,Femenino,0,94470,94470,17000,5000,434,Cordoba,1.063782051,1,12000,17000.0,Semiurbano,18.9111,-96.9937,18.9111,-96.9937,1.3,4
92516,2023-07-10,5000,Masculino,0,94476,94630,12000,0,546,Cordoba,0.895812524,1,12000,12000.0,Urbano,18.91435,-96.98084,18.9097,-96.93225,2.75,7
104026,2023-09-25,3000,Femenino,0,94475,94474,9000,4000,699,Cordoba,0.0,1,5000,9000.0,Urbano,18.9047625,-97.003475,18.9021,-97.0032,8.3,9
111680,2023-11-20,7000,Femenino,0,72670,72670,0,0,437,Puebla Poniente,1.387063655,1,0,0.0,Rural,19.136,-98.30565,19.136,-98.30565,1.3,11
119509,2024-01-15,3000,Femenino,0,72670,72670,7000,0,498,Puebla Poniente,0.740023824,1,7000,7000.0,Rural,19.136,-98.30565,19.136,-98.30565,1.9,1
137556,2024-05-13,8000,Masculino,2,94472,94466,9000,2500,445,Cordoba,1.215745924,1,6500,3000.0,Urbano,18.909245454545456,-96.9918818181818,18.951633333333334,-97.01476666666667,1.3,5
139132,2024-05-21,5000,Femenino,0,94466,94480,10000,6000,416,Cordoba,1.377262443,1,4000,10000.0,Urbano,18.951633333333334,-97.01476666666667,18.953016666666667,-96.94738333333332,1.2,5
139700,2024-05-27,5000,Femenino,0,72848,72848,6500,5800,471,Puebla Poniente,1.063783368,1,700,6500.0,Rural,19.0372,-98.32528,19.0372,-98.32528,1.6,5
141014,2024-05-31,4000,Femenino,0,94477,94477,10000,3000,497,Cordoba,1.215447154,1,7000,10000.0,Rural,18.9219375,-96.9836875,18.9219375,-96.9836875,1.9,5
141867,2024-06-07,4500,Femenino,2,94475,94466,7900,0,438,Cordoba,1.063784247,1,7900,2633.3333333333335,Urbano,18.9047625,-97.003475,18.951633333333334,-97.01476666666667,1.3,6
154680,2024-08-10,13000,Femenino,1,74160,74160,15000,9000,478,Puebla Poniente,1.190299987,1,6000,7500.0,Urbano,19.165713333333333,-98.42152666666668,19.165713333333333,-98.42152666666668,1.8,8
157855,2024-08-28,4000,Femenino,1,94475,94466,8500,2500,425,Cordoba,3.802564103,1,6000,4250.0,Urbano,18.9047625,-97.003475,18.951633333333334,-97.01476666666667,1.2,8
167678,2024-10-14,12000,Masculino,0,94470,94470,6000,2000,504,Cordoba,1.112275594,1,4000,6000.0,Semiurbano,18.9111,-96.9937,18.9111,-96.9937,2.0,10
174721,2024-11-20,5000,Masculino,0,72680,72680,0,6000,538,Puebla Norte,0.998102467,1,-6000,0.0,Rural,19.1341,-98.2834,19.1341,-98.2834,2.6,11
176564,2024-12-03,4000,Femenino,1,72660,72640,10000,6000,371,Puebla Poniente,0.848387097,1,4000,5000.0,Rural,19.1233,-98.3653,19.1092,-98.3279,0.9,12
157233,2024-08-21,5000,Femenino,0,74200,74200,9000,4000,535,Puebla Poniente,1.26674938,1,5000,9000.0,Urbano,18.9003,-98.4344,18.9003,-98.4344,2.6,8
137126,2024-05-08,7500,Masculino,0,72498,72000,13200,3000,630,Puebla Poniente,1.134702259,1,10200,13200.0,Urbano,19.014940000000003,-98.22058,19.0479,-98.1907,5.3,5
138273,2024-05-22,9000,Masculino,0,72000,72498,8000,3000,472,Puebla Poniente,1.063777372,1,5000,8000.0,Urbano,19.0479,-98.1907,19.014940000000003,-98.22058,1.6,5
113132,2023-11-29,8000,Femenino,2,72550,72000,1000,5000,543,Puebla Poniente,1.202919708,1,-4000,333.3333333333333,Urbano,19.023775,-98.19935,19.0479,-98.1907,2.75,11
181638,2024-12-31,13500,Femenino,1,74169,74160,0,8000,528,Puebla Poniente,1.376693767,1,-8000,0.0,Rural,19.2129,-98.3821,19.165713333333333,-98.42152666666668,2.2,12
97502,2023-08-15,4000,Femenino,1,72350,72320,12600,3400,488,Puebla Oriente,0.0,1,9200,6300.0,Urbano,19.0327,-98.1479,19.0395,-98.1508,1.8,8
130121,2024-03-27,8000,Masculino,0,75240,75240,6500,1000,557,Puebla Oriente,1.001222019,1,5500,6500.0,Rural,18.8942,-98.0325,18.8942,-98.0325,2.9,3
132248,2024-04-10,7500,Femenino,0,72310,72000,13000,13000,466,Puebla Oriente,1.494761744,1,0,13000.0,Urbano,19.069975,-98.166425,19.0479,-98.1907,1.6,4
133468,2024-04-17,5000,Femenino,1,72365,72000,10000,5000,415,Puebla Oriente,1.215753425,1,5000,5000.0,Urbano,19.0347,-98.14045,19.0479,-98.1907,1.2,4
135623,2024-04-29,8500,Femenino,1,72573,72573,13500,5500,463,Puebla Oriente,0.945599179,1,8000,6750.0,Urbano,19.0063,-98.1941,19.0063,-98.1941,1.5,4
136993,2024-05-08,5000,Masculino,0,72390,72000,14000,4000,507,Puebla Oriente,1.134699454,1,10000,14000.0,Urbano,19.025,-98.1326,19.0479,-98.1907,2.0,5
137056,2024-05-08,7000,Femenino,0,72310,72310,24000,11000,506,Puebla Oriente,1.26520297,1,13000,24000.0,Urbano,19.069975,-98.166425,19.069975,-98.166425,2.0,5
138596,2024-05-17,3000,Femenino,0,72320,72000,18000,4000,461,Puebla Oriente,1.182084309,1,14000,18000.0,Urbano,19.0395,-98.1508,19.0479,-98.1907,1.5,5
140077,2024-05-27,5500,Femenino,2,72390,72000,0,5000,429,Puebla Oriente,1.542521994,1,-5000,0.0,Urbano,19.025,-98.1326,19.0479,-98.1907,1.2,5
140252,2024-05-27,7000,Femenino,2,72310,72000,24000,11000,426,Puebla Oriente,1.26641651,1,13000,8000.0,Urbano,19.069975,-98.166425,19.0479,-98.1907,1.2,5
141793,2024-06-05,13500,Masculino,1,72570,72000,18800,3200,459,Puebla Oriente,1.134573369,1,15600,9400.0,Urbano,19.008,-98.19783333333334,19.0479,-98.1907,1.5,6
141796,2024-06-05,5500,Femenino,1,72310,72000,28000,9000,377,Puebla Oriente,1.379280822,1,19000,14000.0,Urbano,19.069975,-98.166425,19.0479,-98.1907,0.9,6
142257,2024-06-12,10000,Masculino,1,72100,72100,9800,5400,566,Puebla Oriente,1.188898999,1,4400,4900.0,Urbano,19.098846153846157,-98.21896153846154,19.098846153846157,-98.21896153846154,3.2,6
161245,2024-09-11,3000,Masculino,0,75010,75010,6000,4000,695,Puebla Oriente,1.063784247,1,2000,6000.0,Rural,19.2331,-97.7283,19.2331,-97.7283,8.3,9
90802,2023-06-27,3000,Femenino,0,74160,74160,9000,0,471,Puebla Poniente,0.945585997,1,9000,9000.0,Urbano,19.165713333333333,-98.42152666666668,19.165713333333333,-98.42152666666668,1.6,6
167378,2024-10-14,5000,Masculino,2,74169,74160,0,5000,458,Puebla Poniente,1.51085044,1,-5000,0.0,Rural,19.2129,-98.3821,19.165713333333333,-98.42152666666668,1.5,10
135363,2024-04-27,5000,Femenino,0,74440,74410,8000,4100,0,Puebla Poniente,1.001207875,1,3900,8000.0,Semiurbano,18.60225,-98.47575,18.6108,-98.4707,0.0,4
151859,2024-07-30,7000,Femenino,2,74393,74393,12800,4000,496,Puebla Poniente,1.114498645,1,8800,4266.666666666667,Rural,18.7548,-98.4499,18.7548,-98.4499,1.9,7
116077,2023-12-20,9500,Masculino,0,72498,72000,20000,7000,740,Puebla Poniente,0.810512782,1,13000,20000.0,Urbano,19.014940000000003,-98.22058,19.0479,-98.1907,8.3,12
114395,2023-12-06,5000,Femenino,1,74365,74365,4000,5000,408,Puebla Poniente,1.292149631,1,-1000,2000.0,Rural,18.8874625,-98.4603125,18.8874625,-98.4603125,1.2,12
125647,2024-02-26,5000,Femenino,1,74210,74200,5000,2000,660,Puebla Poniente,2.017123288,1,3000,2500.0,Urbano,18.919614285714285,-98.4256,18.9003,-98.4344,6.1,2
137123,2024-05-08,5000,Femenino,0,74227,74210,0,6500,563,Puebla Poniente,0.977039143,1,-6500,0.0,Urbano,18.9204,-98.4263,18.919614285714285,-98.4256,3.2,5
141702,2024-06-05,5500,Femenino,2,74368,74200,8900,6500,486,Puebla Poniente,1.661935484,1,2400,2966.6666666666665,Rural,18.889333333333333,-98.38705555555556,18.9003,-98.4344,1.8,6
69961,2023-01-25,4000,Femenino,1,74420,74400,7500,3000,436,Puebla Poniente,1.001208703,1,4500,3750.0,Semiurbano,18.59325,-98.45186666666666,18.602,-98.4666,1.3,1
94171,2023-07-19,3900,Masculino,2,74443,74443,10000,5000,531,Puebla Poniente,0.895817573,1,5000,3333.3333333333335,Semiurbano,18.58052,-98.4719,18.58052,-98.4719,2.6,7
111996,2023-11-20,3500,Femenino,0,74577,74400,7000,3500,478,Puebla Poniente,0.0,1,3500,7000.0,Rural,18.528775,-98.480525,18.602,-98.4666,1.8,11
174458,2024-11-20,3000,Femenino,2,74570,74570,7300,5600,486,Puebla Poniente,0.630390665,1,1700,2433.3333333333335,Rural,18.5827125,-98.4465,18.5827125,-98.4465,1.8,11
136508,2024-05-04,3000,Femenino,1,74240,74200,5000,3000,522,Puebla Poniente,0.77366127,1,2000,2500.0,Urbano,18.912466666666667,-98.42483333333332,18.9003,-98.4344,2.2,5
112428,2023-11-22,5000,Femenino,3,74365,74365,7000,1000,606,Puebla Poniente,1.215753425,0,6000,1750.0,Rural,18.8874625,-98.4603125,18.8874625,-98.4603125,4.6,11
112874,2023-11-27,5000,Masculino,0,74365,74365,7000,3000,659,Puebla Poniente,0.945585216,0,4000,7000.0,Rural,18.8874625,-98.4603125,18.8874625,-98.4603125,6.1,11
135438,2024-04-27,10000,Femenino,1,74365,74385,7500,4500,515,Puebla Poniente,1.063798027,0,3000,3750.0,Rural,18.8874625,-98.4603125,18.7975,-98.3184,2.1,4
136833,2024-05-07,3500,Masculino,2,74363,74263,6500,2500,526,Puebla Poniente,1.134703196,0,4000,2166.6666666666665,Rural,18.91988,-98.53608,18.9027,-98.438125,2.2,5
139701,2024-05-22,3000,Femenino,1,74365,74200,6500,3500,571,Puebla Poniente,1.188845401,1,3000,3250.0,Rural,18.8874625,-98.4603125,18.9003,-98.4344,3.2,5
139920,2024-05-27,4000,Femenino,2,74200,74200,7500,2550,476,Puebla Poniente,1.063782051,0,4950,2500.0,Urbano,18.9003,-98.4344,18.9003,-98.4344,1.6,5
136840,2024-05-07,12000,Femenino,2,74367,74200,8000,6000,441,Puebla Poniente,0.945585216,1,2000,2666.6666666666665,Urbano,18.93472,-98.3947,18.9003,-98.4344,1.3,5
125973,2024-02-28,6000,Femenino,5,72550,72550,8000,6000,637,Puebla Poniente,1.21575242,0,2000,1333.3333333333333,Urbano,19.023775,-98.19935,19.023775,-98.19935,6.1,2
157241,2024-08-21,3000,Masculino,1,72550,72000,10000,4000,594,Puebla Poniente,0.848387097,0,6000,5000.0,Urbano,19.023775,-98.19935,19.0479,-98.1907,4.0,8
77703,2023-03-25,4000,Masculino,1,74290,74290,9000,4000,632,Puebla Poniente,1.2,0,5000,4500.0,Urbano,18.89442,-98.44016,18.89442,-98.44016,5.3,3
114262,2023-12-06,5000,Masculino,0,74169,74169,10000,5000,632,Puebla Poniente,1.063784247,1,5000,10000.0,Rural,19.2129,-98.3821,19.2129,-98.3821,5.3,12
119477,2024-01-13,7500,Masculino,0,74169,74160,12000,5000,413,Puebla Poniente,1.386036961,0,7000,12000.0,Rural,19.2129,-98.3821,19.165713333333333,-98.42152666666668,1.2,1
134498,2024-04-23,5500,Femenino,2,74169,74169,12000,5000,645,Puebla Poniente,1.063784247,0,7000,4000.0,Rural,19.2129,-98.3821,19.2129,-98.3821,6.1,4
101687,2023-09-06,5000,Femenino,0,74200,74200,5000,0,616,Puebla Poniente,1.063784247,1,5000,5000.0,Urbano,18.9003,-98.4344,18.9003,-98.4344,5.3,9
116088,2023-12-20,4000,Femenino,2,74218,74215,6000,7800,494,Puebla Poniente,1.2,0,-1800,2000.0,Urbano,18.924925,-98.424725,18.9136,-98.4096,1.9,12
106627,2023-10-11,3000,Femenino,0,74160,74160,8000,0,691,Puebla Poniente,1.134700855,0,8000,8000.0,Urbano,19.165713333333333,-98.42152666666668,19.165713333333333,-98.42152666666668,8.3,10
138019,2024-05-14,3000,Femenino,1,74160,74160,11500,6800,439,Puebla Poniente,0.945584046,0,4700,5750.0,Urbano,19.165713333333333,-98.42152666666668,19.165713333333333,-98.42152666666668,1.3,5
137655,2024-05-11,6000,Masculino,0,74160,74160,8000,4500,546,Puebla Poniente,1.134702259,0,3500,8000.0,Urbano,19.165713333333333,-98.42152666666668,19.165713333333333,-98.42152666666668,2.75,5
156904,2024-08-21,8000,Masculino,0,74160,74160,8000,4500,618,Puebla Poniente,1.195973805,0,3500,8000.0,Urbano,19.165713333333333,-98.42152666666668,19.165713333333333,-98.42152666666668,5.3,8
134969,2024-04-29,4000,Femenino,1,74160,74160,15000,6000,516,Puebla Poniente,1.109611452,0,9000,7500.0,Urbano,19.165713333333333,-98.42152666666668,19.165713333333333,-98.42152666666668,2.1,4
110354,2023-11-08,5500,Femenino,0,72850,72850,8500,5500,484,Puebla Poniente,1.134703196,0,3000,8500.0,Urbano,18.960625,-98.305825,18.960625,-98.305825,1.8,11
134213,2024-04-22,7000,Femenino,2,74320,74320,9000,6500,559,Puebla Poniente,1.134702259,0,2500,3000.0,Rural,19.0235,-98.3482,19.0235,-98.3482,2.9,4
139137,2024-05-20,10500,Femenino,0,72850,72498,8500,6000,427,Puebla Poniente,1.515369523,0,2500,8500.0,Urbano,18.960625,-98.305825,19.014940000000003,-98.22058,1.2,5
139517,2024-05-22,16500,Femenino,0,74325,72498,18000,8500,571,Puebla Poniente,1.278433566,0,9500,18000.0,Rural,19.0061,-98.3306,19.014940000000003,-98.22058,3.2,5
140444,2024-05-28,8000,Masculino,3,74320,74320,17000,6500,657,Puebla Poniente,1.518748637,0,10500,4250.0,Rural,19.0235,-98.3482,19.0235,-98.3482,6.1,5
141802,2024-06-05,3000,Femenino,3,72850,72850,8000,6400,663,Puebla Poniente,1.063782051,0,1600,2000.0,Urbano,18.960625,-98.305825,18.960625,-98.305825,6.1,6
169157,2024-10-22,3000,Femenino,2,72498,72498,12000,7500,540,Puebla Poniente,0.709189498,0,4500,4000.0,Urbano,19.014940000000003,-98.22058,19.014940000000003,-98.22058,2.75,10
161243,2024-09-11,3000,Femenino,1,72825,72490,16500,7500,498,Puebla Poniente,1.190552995,0,9000,8250.0,Urbano,19.02703333333333,-98.256825,18.9996,-98.2071,1.9,9
134329,2024-04-22,3000,Masculino,0,72105,72105,8000,5000,503,Puebla Poniente,1.001208703,0,3000,8000.0,Urbano,19.0856,-98.244,19.0856,-98.244,2.0,4
137205,2024-05-08,3000,Femenino,0,72105,72105,6000,4000,565,Puebla Poniente,1.063784247,0,2000,6000.0,Urbano,19.0856,-98.244,19.0856,-98.244,3.2,5
139916,2024-05-27,4000,Femenino,0,72730,72730,8000,5000,477,Puebla Poniente,1.045032051,0,3000,8000.0,Rural,19.0946,-98.258,19.0946,-98.258,1.6,5
156896,2024-08-20,4000,Femenino,1,72670,73540,6000,4500,493,Puebla Poniente,1.37457483,0,1500,3000.0,Rural,19.136,-98.30565,20.009,-97.5961,1.9,8
112250,2023-11-22,5000,Femenino,0,72080,72080,15000,3500,531,Puebla Poniente,1.063783368,0,11500,15000.0,Urbano,19.06042,-98.19774,19.06042,-98.19774,2.6,11
115017,2023-12-12,11000,Femenino,2,72760,72750,10000,8000,586,Puebla Poniente,1.134718826,0,2000,3333.3333333333335,Urbano,19.064185714285717,-98.31867142857142,19.07748,-98.30451,4.0,12
115855,2023-12-19,5000,Masculino,0,72150,72150,7000,0,735,Puebla Poniente,1.063783368,0,7000,7000.0,Urbano,19.06733333333333,-98.2516,19.06733333333333,-98.2516,8.3,12
116216,2023-12-20,7500,Femenino,3,72480,72490,16000,5000,454,Puebla Poniente,1.134702259,0,11000,4000.0,Urbano,19.003925,-98.209475,18.9996,-98.2071,1.5,12
130840,2024-04-02,12000,Femenino,0,72560,72000,18000,6000,695,Puebla Poniente,1.001221672,0,12000,18000.0,Urbano,19.01588,-98.1878,19.0479,-98.1907,8.3,4
133145,2024-04-15,11500,Femenino,0,72560,72595,12000,4000,475,Puebla Poniente,1.275037872,0,8000,12000.0,Urbano,19.01588,-98.1878,18.9977875,-98.176675,1.6,4
135948,2024-05-06,3000,Femenino,0,72560,72000,5000,3000,468,Puebla Poniente,1.001208703,0,2000,5000.0,Urbano,19.01588,-98.1878,19.0479,-98.1907,1.6,5
136641,2024-05-06,5000,Femenino,2,72560,72000,8000,5000,462,Puebla Poniente,1.001206637,0,3000,2666.6666666666665,Urbano,19.01588,-98.1878,19.0479,-98.1907,1.5,5
138726,2024-05-18,3000,Femenino,1,72560,72000,6000,4000,614,Puebla Poniente,1.203767123,0,2000,3000.0,Urbano,19.01588,-98.1878,19.0479,-98.1907,4.6,5
139458,2024-05-22,4000,Femenino,0,72810,72848,8000,5000,488,Puebla Poniente,1.063777372,0,3000,8000.0,Urbano,19.050323529411767,-98.294,19.0372,-98.32528,1.8,5
136271,2024-05-04,10000,Masculino,0,74330,74330,20000,8000,558,Puebla Poniente,1.121170131,0,12000,20000.0,Rural,18.9007,-98.58045,18.9007,-98.58045,2.9,5
89907,2023-06-21,4300,Femenino,1,72670,72670,12800,4800,465,Puebla Poniente,0.945560516,0,8000,6400.0,Rural,19.136,-98.30565,19.136,-98.30565,1.5,6
97575,2023-08-15,3000,Femenino,2,72620,72620,8500,5000,502,Puebla Poniente,0.740023212,0,3500,2833.3333333333335,Rural,19.1676,-98.3076,19.1676,-98.3076,2.0,8
101559,2023-09-06,13000,Femenino,0,72670,72670,8400,0,524,Puebla Poniente,1.083975872,1,8400,8400.0,Rural,19.136,-98.30565,19.136,-98.30565,2.2,9
116275,2023-12-20,3000,Femenino,0,72670,72670,8200,4000,457,Puebla Poniente,0.989524577,1,4200,8200.0,Rural,19.136,-98.30565,19.136,-98.30565,1.5,12
134700,2024-04-24,5000,Masculino,0,72840,72840,7500,6000,659,Puebla Poniente,1.196917808,0,1500,7500.0,Rural,19.0306,-98.3139,19.0306,-98.3139,6.1,4
136908,2024-05-07,5000,Masculino,0,72750,72760,9000,1200,508,Puebla Poniente,1.063784247,0,7800,9000.0,Urbano,19.07748,-98.30451,19.064185714285717,-98.31867142857142,2.0,5
140009,2024-05-27,13000,Femenino,1,72760,72750,12000,2000,519,Puebla Poniente,1.063798395,0,10000,6000.0,Urbano,19.064185714285717,-98.31867142857142,19.07748,-98.30451,2.2,5
115854,2023-12-19,7000,Femenino,2,74160,74160,8500,5321,562,Puebla Poniente,1.063783368,0,3179,2833.3333333333335,Urbano,19.165713333333333,-98.42152666666668,19.165713333333333,-98.42152666666668,3.2,12
136122,2024-05-04,6500,Femenino,2,72280,72280,13600,5100,455,Puebla Poniente,0.945579886,0,8500,4533.333333333333,Urbano,19.064166666666665,-98.2141,19.064166666666665,-98.2141,1.5,5
139281,2024-05-22,3000,Masculino,1,72290,72307,7500,2500,513,Puebla Poniente,0.895817573,1,5000,3750.0,Urbano,19.0512,-98.1874,19.0669,-98.1459,2.1,5
139566,2024-05-22,4000,Femenino,1,72280,72280,8000,2000,629,Puebla Poniente,1.198630137,0,6000,4000.0,Urbano,19.064166666666665,-98.2141,19.064166666666665,-98.2141,5.3,5
139568,2024-05-22,3000,Masculino,1,72270,72280,10000,6000,423,Puebla Poniente,1.045099432,1,4000,5000.0,Urbano,19.0526125,-98.1879,19.064166666666665,-98.2141,1.2,5
140884,2024-06-01,6500,Femenino,1,72280,72280,9000,6000,439,Puebla Poniente,1.063784247,0,3000,4500.0,Urbano,19.064166666666665,-98.2141,19.064166666666665,-98.2141,1.3,6
116101,2023-12-20,5000,Femenino,2,72750,72750,8000,5000,575,Puebla Poniente,1.204018774,0,3000,2666.6666666666665,Urbano,19.07748,-98.30451,19.07748,-98.30451,3.5,12
129415,2024-03-23,7000,Femenino,0,72770,72750,10000,8000,612,Puebla Poniente,1.666880342,0,2000,10000.0,Rural,19.058325,-98.324275,19.07748,-98.30451,4.6,3
107721,2023-10-18,5000,Femenino,0,72000,72550,9000,7000,538,Puebla Poniente,0.960412194,0,2000,9000.0,Urbano,19.0479,-98.1907,19.023775,-98.19935,2.6,10
134159,2024-04-22,3000,Femenino,1,72410,72310,6000,3500,449,Puebla Poniente,1.280580076,0,2500,3000.0,Urbano,19.048088888888888,-98.21763333333334,19.069975,-98.166425,1.3,4
131818,2024-04-08,3000,Femenino,0,72587,72000,7800,6000,647,Puebla Poniente,1.001207875,0,1800,7800.0,Urbano,19.0271,-98.1985,19.0479,-98.1907,6.1,4
138166,2024-05-15,5000,Masculino,1,72587,72000,10000,6000,457,Puebla Poniente,1.054543121,0,4000,5000.0,Urbano,19.0271,-98.1985,19.0479,-98.1907,1.5,5
113055,2023-11-28,6000,Femenino,1,72480,72000,10000,6000,422,Puebla Poniente,1.063783368,0,4000,5000.0,Urbano,19.003925,-98.209475,19.0479,-98.1907,1.2,11
115086,2023-12-12,3000,Masculino,2,72450,72825,8000,8000,711,Puebla Poniente,1.063784247,0,0,2666.6666666666665,Urbano,19.012375,-98.215125,19.02703333333333,-98.256825,8.3,12
126474,2024-03-04,5000,Femenino,1,74540,74540,0,2500,514,Puebla Poniente,0.654635918,0,-2500,0.0,Rural,18.6779,-98.54163333333334,18.6779,-98.54163333333334,2.1,3
129398,2024-03-22,11000,Femenino,0,74470,74400,10000,4000,568,Puebla Poniente,1.113548884,1,6000,10000.0,Semiurbano,18.5894,-98.4691,18.602,-98.4666,3.2,3
134803,2024-04-27,5000,Femenino,0,74585,74580,10000,4000,551,Puebla Poniente,0.945585216,0,6000,10000.0,Rural,18.50743636363637,-98.60797272727272,18.5286,-98.59083333333336,2.9,4
119965,2024-01-17,5000,Masculino,0,74180,74180,6000,5000,509,Puebla Poniente,0.680821355,0,1000,6000.0,Rural,19.10243333333333,-98.48653333333334,19.10243333333333,-98.48653333333334,2.0,1
115074,2023-12-12,11500,Femenino,3,72803,72820,10000,5000,623,Puebla Poniente,1.384664478,0,5000,2500.0,Urbano,19.04743,-98.27943,19.03644,-98.28,5.3,12
129974,2024-03-26,3500,Femenino,2,72803,72803,8500,4000,489,Puebla Poniente,0.810500611,1,4500,2833.3333333333335,Urbano,19.04743,-98.27943,19.04743,-98.27943,1.8,3
132884,2024-04-13,11000,Femenino,2,72828,72803,11000,7000,601,Puebla Poniente,1.156448461,1,4000,3666.6666666666665,Urbano,19.0197625,-98.2982125,19.04743,-98.27943,4.6,4
134310,2024-04-22,3000,Femenino,2,72474,72000,6000,4500,664,Puebla Poniente,1.134703196,0,1500,2000.0,Urbano,18.9987,-98.2296,19.0479,-98.1907,6.1,4
137494,2024-05-11,5500,Femenino,0,72477,72474,13000,7000,503,Puebla Poniente,1.134703196,0,6000,13000.0,Urbano,18.9989,-98.2135,18.9987,-98.2296,2.0,5
138950,2024-05-18,8000,Masculino,1,72480,72430,6000,8000,392,Puebla Poniente,1.114751426,0,-2000,3000.0,Urbano,19.003925,-98.209475,19.0301,-98.22174,0.9,5
111988,2023-11-21,15000,Femenino,0,94170,94170,20000,7000,368,Cordoba,1.001202935,1,13000,20000.0,Urbano,19.0174,-96.9976,19.0174,-96.9976,0.9,11
114516,2023-12-08,5000,Femenino,1,94140,94140,6000,2000,456,Cordoba,1.063778521,1,4000,3000.0,Urbano,19.048354545454547,-97.09525454545457,19.048354545454547,-97.09525454545457,1.5,12
130548,2024-03-29,10000,Femenino,1,94180,94140,7000,2000,671,Cordoba,1.387748118,1,5000,3500.0,Rural,19.04941666666667,-96.95793333333334,19.048354545454547,-97.09525454545457,8.3,3
130977,2024-04-03,10000,Femenino,0,94140,94140,6500,2500,560,Cordoba,1.04231568,1,4000,6500.0,Urbano,19.048354545454547,-97.09525454545457,19.048354545454547,-97.09525454545457,3.2,4
131164,2024-04-05,10000,Femenino,1,94180,94180,6000,6000,411,Cordoba,1.063783368,1,0,3000.0,Rural,19.04941666666667,-96.95793333333334,19.04941666666667,-96.95793333333334,1.2,4
131506,2024-04-09,4000,Masculino,0,94170,94170,2000,800,591,Cordoba,1.115068493,1,1200,2000.0,Urbano,19.0174,-96.9976,19.0174,-96.9976,4.0,4
134361,2024-04-22,10500,Femenino,0,94180,94180,6500,6000,553,Cordoba,1.503371309,1,500,6500.0,Rural,19.04941666666667,-96.95793333333334,19.04941666666667,-96.95793333333334,2.9,4
135137,2024-04-30,12000,Femenino,1,94170,94170,4000,1500,412,Cordoba,1.37676399,1,2500,2000.0,Urbano,19.0174,-96.9976,19.0174,-96.9976,1.2,4
138951,2024-05-22,7000,Femenino,1,94140,94140,6500,0,529,Cordoba,1.377710027,1,6500,3250.0,Urbano,19.048354545454547,-97.09525454545457,19.048354545454547,-97.09525454545457,2.6,5
140166,2024-05-29,7500,Femenino,2,94140,94140,7500,3500,431,Cordoba,1.134702259,1,4000,2500.0,Urbano,19.048354545454547,-97.09525454545457,19.048354545454547,-97.09525454545457,1.2,5
140399,2024-05-28,5000,Femenino,0,94180,94180,9600,6000,528,Cordoba,1.063783368,1,3600,9600.0,Rural,19.04941666666667,-96.95793333333334,19.04941666666667,-96.95793333333334,2.2,5
141812,2024-06-07,15000,Masculino,0,94140,94480,8500,1500,694,Cordoba,2.366857143,1,7000,8500.0,Urbano,19.048354545454547,-97.09525454545457,18.953016666666667,-96.94738333333332,8.3,6
166676,2024-10-09,5000,Femenino,4,94510,94510,8000,4000,482,Cordoba,1.367094017,1,4000,1600.0,Urbano,18.91344,-96.93538,18.91344,-96.93538,1.8,10
98338,2023-08-23,5000,Femenino,0,94480,94480,1000,1000,652,Cordoba,0.945579886,1,0,1000.0,Unknown,18.953016666666667,-96.94738333333332,18.953016666666667,-96.94738333333332,6.1,8
129187,2024-03-22,10000,Masculino,0,94542,94473,9000,2000,635,Cordoba,0.851025641,1,7000,9000.0,Urbano,18.88776,-96.96706,18.89825,-96.9901,6.1,3
130527,2024-04-01,6000,Femenino,0,94542,94542,16000,5000,422,Cordoba,1.387393162,1,11000,16000.0,Urbano,18.88776,-96.96706,18.88776,-96.96706,1.2,4
131423,2024-04-08,17000,Femenino,0,94542,94542,6000,2000,600,Cordoba,2.05261807,1,4000,6000.0,Urbano,18.88776,-96.96706,18.88776,-96.96706,4.6,4
161988,2024-09-14,3000,Femenino,0,94480,94542,6000,2000,480,Cordoba,0.810502283,1,4000,6000.0,Unknown,18.953016666666667,-96.94738333333332,18.88776,-96.96706,1.8,9
132646,2024-04-12,10000,Masculino,2,94100,94100,12000,9000,456,Cordoba,1.114710973,1,3000,4000.0,Urbano,19.3977,-96.9904,19.3977,-96.9904,1.5,4
134038,2024-04-22,15000,Femenino,1,94106,94100,12000,6000,653,Cordoba,1.27114467,1,6000,6000.0,Urbano,19.2673,-96.96505,19.3977,-96.9904,6.1,4
135104,2024-04-29,15000,Femenino,1,94100,94100,11500,2500,460,Cordoba,8.508130081,1,9000,5750.0,Urbano,19.3977,-96.9904,19.3977,-96.9904,1.5,4
135106,2024-04-29,15000,Femenino,1,94100,94100,7000,2350,477,Cordoba,1.890925549,1,4650,3500.0,Urbano,19.3977,-96.9904,19.3977,-96.9904,1.6,4
136345,2024-05-07,13000,Femenino,0,94100,94106,10000,2500,484,Cordoba,2.071155804,1,7500,10000.0,Urbano,19.3977,-96.9904,19.2673,-96.96505,1.8,5
136534,2024-05-06,13000,Femenino,1,94100,94100,13500,2000,608,Cordoba,1.701910828,1,11500,6750.0,Urbano,19.3977,-96.9904,19.3977,-96.9904,4.6,5
137520,2024-05-15,17000,Femenino,1,94100,94100,12000,5000,567,Cordoba,1.047997835,1,7000,6000.0,Urbano,19.3977,-96.9904,19.3977,-96.9904,3.2,5
142314,2024-06-12,15000,Femenino,0,94220,94220,13000,3500,439,Cordoba,1.846464646,1,9500,13000.0,Rural,19.07096,-96.78062,19.07096,-96.78062,1.3,6
154108,2024-08-13,17000,Femenino,1,94100,94106,11100,4400,454,Cordoba,1.063783368,1,6700,5550.0,Urbano,19.3977,-96.9904,19.2673,-96.96505,1.5,8
79204,2023-04-04,13000,Femenino,0,94480,94480,15000,300,415,Cordoba,0.810497756,1,14700,15000.0,Unknown,18.953016666666667,-96.94738333333332,18.953016666666667,-96.94738333333332,1.2,4
129902,2024-04-01,4000,Femenino,1,94557,94466,6000,3000,484,Cordoba,1.280558483,1,3000,3000.0,Urbano,18.91315,-96.95085,18.951633333333334,-97.01476666666667,1.8,4
136886,2024-05-07,12000,Femenino,0,94454,94480,9000,1000,484,Cordoba,1.37677397,1,8000,9000.0,Rural,18.80922,-97.01502,18.953016666666667,-96.94738333333332,1.8,5
137767,2024-05-13,6000,Femenino,1,94480,94480,8000,2000,479,Cordoba,1.063783368,1,6000,4000.0,Unknown,18.953016666666667,-96.94738333333332,18.953016666666667,-96.94738333333332,1.8,5
138608,2024-05-22,4000,Masculino,0,94470,94480,10000,1000,649,Cordoba,1.001207875,1,9000,10000.0,Semiurbano,18.9111,-96.9937,18.953016666666667,-96.94738333333332,6.1,5
149920,2024-07-17,5000,Masculino,0,94480,94480,8000,4500,522,Cordoba,0.810513582,1,3500,8000.0,Unknown,18.953016666666667,-96.94738333333332,18.953016666666667,-96.94738333333332,2.2,7
100202,2023-08-29,6000,Masculino,1,94140,94140,6000,2000,458,Cordoba,0.740019042,1,4000,3000.0,Urbano,19.048354545454547,-97.09525454545457,19.048354545454547,-97.09525454545457,1.5,8
131420,2024-04-05,13000,Femenino,0,94100,94100,8000,2500,570,Cordoba,2.068734015,1,5500,8000.0,Urbano,19.3977,-96.9904,19.3977,-96.9904,3.2,4
132178,2024-04-09,7000,Masculino,2,94100,94100,10000,4000,688,Cordoba,1.184880083,1,6000,3333.3333333333335,Urbano,19.3977,-96.9904,19.3977,-96.9904,8.3,4
133999,2024-04-24,8000,Masculino,1,94100,94100,8000,10000,464,Cordoba,1.134702259,1,-2000,4000.0,Urbano,19.3977,-96.9904,19.3977,-96.9904,1.5,4
134990,2024-04-29,13000,Femenino,0,94100,94100,10000,4000,533,Cordoba,1.847387285,1,6000,10000.0,Urbano,19.3977,-96.9904,19.3977,-96.9904,2.6,4
135219,2024-05-01,15000,Femenino,0,94100,94100,10000,3000,627,Cordoba,1.847387285,1,7000,10000.0,Urbano,19.3977,-96.9904,19.3977,-96.9904,5.3,5
135223,2024-05-01,10000,Femenino,0,94100,94100,10000,3000,461,Cordoba,1.846883469,1,7000,10000.0,Urbano,19.3977,-96.9904,19.3977,-96.9904,1.5,5
135234,2024-05-01,12000,Femenino,0,94100,94100,12000,3000,515,Cordoba,1.847323306,1,9000,12000.0,Urbano,19.3977,-96.9904,19.3977,-96.9904,2.1,5
137163,2024-05-08,17000,Femenino,1,94106,94100,9000,3000,423,Cordoba,1.063782051,1,6000,4500.0,Urbano,19.2673,-96.96505,19.3977,-96.9904,1.2,5
137687,2024-05-15,7000,Femenino,0,94100,94100,7000,3000,652,Cordoba,1.846594982,1,4000,7000.0,Urbano,19.3977,-96.9904,19.3977,-96.9904,6.1,5
137750,2024-05-15,6000,Femenino,0,94106,94100,12000,3000,404,Cordoba,1.193641056,1,9000,12000.0,Urbano,19.2673,-96.96505,19.3977,-96.9904,0.9,5
145892,2024-06-26,15000,Femenino,2,94140,94140,6000,3000,482,Cordoba,0.709189498,1,3000,2000.0,Urbano,19.048354545454547,-97.09525454545457,19.048354545454547,-97.09525454545457,1.8,6
130494,2024-04-01,7500,Femenino,1,94965,94965,8000,6000,427,Cordoba,1.502801993,1,2000,4000.0,Rural,18.90464,-96.78908,18.90464,-96.78908,1.2,4
131774,2024-04-09,10000,Femenino,0,94950,94965,15000,7500,446,Cordoba,1.063798027,1,7500,15000.0,Urbano,18.84745,-96.9106,18.90464,-96.78908,1.3,4
75379,2023-03-08,6000,Femenino,0,62743,62743,11000,0,425,Cuautla,0.851026694,1,11000,11000.0,Urbano,18.8145,-98.93205,18.8145,-98.93205,1.2,3
104289,2023-09-25,7000,Femenino,0,62742,62748,10000,4000,486,Cuautla,1.001244942,1,6000,10000.0,Urbano,18.798328571428573,-98.9511,18.848171428571423,-98.9604,1.8,9
133204,2024-04-16,7500,Masculino,0,62743,62700,10000,6000,375,Cuautla,1.513907038,1,4000,10000.0,Urbano,18.8145,-98.93205,18.748966666666664,-98.97803333333331,0.9,4
141230,2024-06-01,4000,Femenino,2,62742,62742,12500,6000,408,Cuautla,1.19078341,1,6500,4166.666666666667,Urbano,18.798328571428573,-98.9511,18.798328571428573,-98.9511,1.2,6
97526,2023-08-16,5000,Femenino,0,62950,62950,3000,1600,427,Cuautla,0.0,1,1400,3000.0,Urbano,18.5025,-98.7536,18.5025,-98.7536,1.2,8
97486,2023-09-12,5000,Femenino,3,62963,62957,2000,900,572,Cuautla,0.0,1,1100,500.0,Rural,18.53683333333333,-98.7271,18.515,-98.78652857142856,3.5,9
129998,2024-03-27,5500,Masculino,2,62950,62950,2500,1200,498,Cuautla,1.847031963,1,1300,833.3333333333334,Urbano,18.5025,-98.7536,18.5025,-98.7536,1.9,3
130942,2024-04-02,9000,Femenino,1,62870,62870,15000,7000,466,Cuautla,1.18717414,1,8000,7500.0,Rural,18.7722,-98.7775,18.7722,-98.7775,1.6,4
131097,2024-04-03,11500,Femenino,2,62890,62895,12600,7000,515,Cuautla,1.199604091,1,5600,4200.0,Urbano,18.7839,-98.7658,18.8144,-98.7451,2.1,4
132131,2024-04-09,7000,Masculino,3,62965,62950,4000,1500,528,Cuautla,1.285420945,1,2500,1000.0,Rural,18.5603,-98.7762,18.5025,-98.7536,2.2,4
133151,2024-04-16,7500,Femenino,1,62972,62742,20000,8000,492,Cuautla,1.3529978,1,12000,10000.0,Rural,18.704700000000003,-98.78135,18.798328571428573,-98.9511,1.9,4
135934,2024-05-01,7000,Femenino,1,62972,62972,15000,4000,561,Cuautla,1.055313142,1,11000,7500.0,Rural,18.704700000000003,-98.78135,18.704700000000003,-98.78135,3.2,5
139605,2024-05-22,15000,Femenino,2,62965,62950,3000,1500,471,Cuautla,1.436749618,1,1500,1000.0,Rural,18.5603,-98.7762,18.5025,-98.7536,1.6,5
130162,2024-03-27,10000,Masculino,3,62730,62730,15000,6500,519,Cuautla,1.376732102,1,8500,3750.0,Urbano,18.9026,-98.9717,18.9026,-98.9717,2.2,3
132126,2024-04-09,5500,Femenino,0,62739,62730,7000,4000,513,Cuautla,1.846651446,1,3000,7000.0,Rural,18.8391375,-99.0862,18.9026,-98.9717,2.1,4
135598,2024-05-01,5500,Femenino,1,62731,62731,12000,5500,406,Cuautla,1.384988584,1,6500,6000.0,Fake,18.9026,-98.9717,18.9026,-98.9717,0.9,5
140816,2024-06-01,3000,Femenino,0,62737,62730,12000,6500,374,Cuautla,0.810500611,1,5500,12000.0,Urbano,18.89809230769231,-99.03289230769232,18.9026,-98.9717,0.9,6
129982,2024-03-26,5000,Femenino,3,90502,90502,13500,4500,500,Puebla Norte,1.376712329,1,9000,3375.0,Urbano,19.25935,-97.98445,19.25935,-97.98445,2.0,3
132381,2024-04-10,7000,Femenino,0,90460,90460,15000,8000,660,Puebla Norte,1.278471016,1,7000,15000.0,Urbano,19.40686666666667,-98.03701666666666,19.40686666666667,-98.03701666666666,6.1,4
133991,2024-04-20,5000,Masculino,2,90540,90540,16000,6000,625,Puebla Norte,1.193982387,1,10000,5333.333333333333,Urbano,19.456966666666663,-97.93876666666668,19.456966666666663,-97.93876666666668,5.3,4
137875,2024-05-13,5000,Femenino,1,90460,90480,10500,9000,640,Puebla Norte,1.001208703,1,1500,5250.0,Urbano,19.40686666666667,-98.03701666666666,19.3887,-98.02175,6.1,5
141682,2024-06-05,5000,Femenino,3,90460,90460,20000,8000,492,Puebla Norte,1.041950596,1,12000,5000.0,Urbano,19.40686666666667,-98.03701666666666,19.40686666666667,-98.03701666666666,1.9,6
145262,2024-06-26,3000,Femenino,1,90460,90460,0,6500,538,Puebla Norte,1.274390244,1,-6500,0.0,Urbano,19.40686666666667,-98.03701666666666,19.40686666666667,-98.03701666666666,2.6,6
112067,2023-11-21,9000,Masculino,1,72160,72160,10000,7000,538,Puebla Norte,1.202903332,1,3000,5000.0,Urbano,19.05973333333333,-98.23126666666668,19.05973333333333,-98.23126666666668,2.6,11
115676,2023-12-20,5000,Femenino,1,72230,72210,3500,12000,460,Puebla Norte,1.398401826,1,-8500,1750.0,Urbano,19.0737,-98.18966666666668,19.07612857142857,-98.17524285714283,1.5,12
114270,2023-12-06,4000,Femenino,0,74020,74000,2000,1000,419,Puebla Norte,1.05223306,1,1000,2000.0,Urbano,19.2689,-98.4285,19.2689,-98.4285,1.2,12
108598,2023-10-25,4800,Masculino,0,72014,72014,4800,3250,454,Puebla Norte,1.084673098,1,1550,4800.0,Urbano,19.104788888888887,-98.20335555555556,19.104788888888887,-98.20335555555556,1.5,10
111973,2023-11-20,7500,Masculino,1,72014,72014,5000,3800,615,Puebla Norte,1.063783368,1,1200,2500.0,Urbano,19.104788888888887,-98.20335555555556,19.104788888888887,-98.20335555555556,5.3,11
115726,2023-12-18,6000,Femenino,0,90890,90890,8000,7400,607,Puebla Norte,1.386965812,1,600,8000.0,Urbano,19.1549,-98.1049,19.1549,-98.1049,4.6,12
117714,2024-01-02,5000,Femenino,0,72229,72225,10000,6000,525,Puebla Norte,1.438221632,1,4000,10000.0,Urbano,19.068116666666665,-98.13001666666666,19.0706,-98.1471,2.2,1
119846,2024-01-17,4000,Femenino,0,90830,90830,11000,5000,488,Puebla Norte,1.063784247,1,6000,11000.0,Urbano,19.2829,-98.1961,19.2829,-98.1961,1.8,1
132823,2024-04-13,7500,Masculino,0,90166,90160,15000,5000,527,Puebla Norte,1.270803546,1,10000,15000.0,Urbano,19.3294,-98.2453,19.324725,-98.245175,2.2,4
132990,2024-04-15,9500,Femenino,3,90110,90000,12000,11000,629,Puebla Norte,1.278495227,1,1000,3000.0,Urbano,19.2946,-98.245,19.3617,-98.2338,5.3,4
136701,2024-05-08,7500,Femenino,2,90800,90800,9000,6500,584,Puebla Norte,1.134702259,1,2500,3000.0,Urbano,19.3872,-98.2333,19.3872,-98.2333,3.5,5
139346,2024-05-22,5500,Masculino,0,90800,90800,0,5000,668,Puebla Norte,1.636774194,1,-5000,0.0,Urbano,19.3872,-98.2333,19.3872,-98.2333,8.3,5
140560,2024-05-31,6000,Femenino,2,90000,90140,15000,11000,421,Puebla Norte,0.77367217,1,4000,5000.0,Urbano,19.3617,-98.2338,19.351966666666662,-98.27811666666666,1.2,5
142051,2024-06-07,6500,Masculino,1,90605,90450,12800,7600,404,Puebla Norte,1.368401207,1,5200,6400.0,Urbano,19.3469,-98.19,19.40008333333333,-98.17808333333332,0.9,6
148642,2024-07-12,5000,Femenino,0,90800,90800,6000,3000,475,Puebla Norte,0.740023824,1,3000,6000.0,Urbano,19.3872,-98.2333,19.3872,-98.2333,1.6,7
154786,2024-08-12,5000,Femenino,0,90605,90600,14300,6560,518,Puebla Norte,0.895818313,1,7740,14300.0,Urbano,19.3469,-98.19,19.3465,-98.1903,2.1,8
138588,2024-05-17,7000,Femenino,0,90450,90450,10000,4000,523,Puebla Norte,1.21575242,1,6000,10000.0,Urbano,19.40008333333333,-98.17808333333332,19.40008333333333,-98.17808333333332,2.2,5
116743,2023-12-26,6000,Masculino,0,70417,70417,12000,7000,464,Oaxaca,0.945584046,1,5000,12000.0,Rural,17.0012,-96.6035,17.0012,-96.6035,1.5,12
121536,2024-01-29,7500,Femenino,2,70450,70450,12000,7000,449,Oaxaca,1.263149581,1,5000,4000.0,Rural,17.0059,-96.6192,17.0059,-96.6192,1.3,1
141839,2024-06-05,9500,Femenino,1,68287,68297,0,6000,389,Oaxaca,1.37670068,1,-6000,0.0,Rural,17.1026,-96.6656,17.043075,-96.63,0.9,6
112554,2023-11-24,5000,Femenino,0,71230,71230,5000,15000,520,Oaxaca,1.063784247,1,-10000,5000.0,Urbano,17.030383333333333,-96.75216666666668,17.030383333333333,-96.75216666666668,2.2,11
112510,2023-11-24,10000,Masculino,1,71240,71240,9300,3200,443,Oaxaca,1.063783368,1,6100,4650.0,Urbano,17.0661,-96.68595,17.0661,-96.68595,1.3,11
139953,2024-05-24,8500,Femenino,0,68240,68240,0,5000,0,Oaxaca,1.502083655,1,-5000,0.0,Rural,17.175,-96.8414,17.175,-96.8414,0.0,5
112189,2023-11-22,7000,Masculino,0,71226,71226,12800,8500,401,Oaxaca,1.295529932,1,4300,12800.0,Rural,17.0583,-96.6833,17.0583,-96.6833,0.9,11
112238,2023-11-22,5500,Femenino,1,68000,68000,12000,3500,679,Oaxaca,1.295574289,1,8500,6000.0,Urbano,17.0654,-96.7236,17.0654,-96.7236,8.3,11
115206,2023-12-13,6000,Femenino,2,68285,68285,18000,9000,438,Oaxaca,1.505320142,1,9000,6000.0,Urbano,17.087566666666667,-96.7459,17.087566666666667,-96.7459,1.3,12
129892,2024-03-26,7000,Masculino,0,94340,94300,5000,1000,492,Orizaba,1.50290577,1,4000,5000.0,Urbano,18.85474,-97.08142,18.8508,-97.098,1.9,3
131704,2024-04-09,4000,Masculino,1,94310,94310,8000,6000,561,Orizaba,1.134703196,1,2000,4000.0,Urbano,18.86438,-97.11274,18.86438,-97.11274,3.2,4
132806,2024-04-15,4000,Femenino,1,94310,94310,9000,5000,491,Orizaba,1.278451001,1,4000,4500.0,Urbano,18.86438,-97.11274,18.86438,-97.11274,1.9,4
134321,2024-04-22,7000,Femenino,2,94339,94440,13000,9000,423,Orizaba,1.702053388,1,4000,4333.333333333333,Urbano,18.872,-97.1012,18.9205,-97.0815,1.2,4
136483,2024-05-06,10000,Femenino,0,94440,94440,18000,12000,489,Orizaba,1.194333185,1,6000,18000.0,Rural,18.9205,-97.0815,18.9205,-97.0815,1.8,5
111685,2023-11-20,7000,Femenino,0,75200,75200,9000,0,549,Puebla Oriente,2.260193605,1,9000,9000.0,Urbano,18.97357,-97.898145,18.97357,-97.898145,2.9,11
112315,2023-11-22,7000,Femenino,0,75250,75250,1000,1000,540,Puebla Oriente,1.290791344,1,0,1000.0,Rural,18.94395,-97.94195,18.94395,-97.94195,2.75,11
134367,2024-04-22,3000,Femenino,3,75480,75480,5000,2900,512,Puebla Oriente,0.945582878,1,2100,1250.0,Semiurbano,18.8764,-97.7333,18.8764,-97.7333,2.1,4
135763,2024-05-01,3000,Femenino,2,75175,75170,8000,1000,525,Puebla Oriente,1.063851351,1,7000,2666.6666666666665,Rural,19.0014,-97.6667,18.9956,-97.7097,2.2,5
136912,2024-05-07,5000,Femenino,2,75490,75480,5200,1900,506,Puebla Oriente,1.187622309,1,3300,1733.3333333333333,Rural,18.898085714285717,-97.7369,18.8764,-97.7333,2.0,5
137777,2024-05-15,7000,Masculino,1,75490,75480,12000,2000,521,Puebla Oriente,1.040113081,1,10000,6000.0,Rural,18.898085714285717,-97.7369,18.8764,-97.7333,2.2,5
139590,2024-05-22,8000,Femenino,3,75490,75490,11000,2000,549,Puebla Oriente,1.377469136,1,9000,2750.0,Rural,18.898085714285717,-97.7369,18.898085714285717,-97.7369,2.9,5
129420,2024-03-23,7500,Femenino,0,74169,74169,15000,4000,618,Puebla Poniente,1.269516729,1,11000,15000.0,Rural,19.2129,-98.3821,19.2129,-98.3821,5.3,3
132180,2024-04-10,9000,Masculino,3,74160,74169,10000,5000,628,Puebla Poniente,1.128077859,1,5000,2500.0,Urbano,19.165713333333333,-98.42152666666668,19.2129,-98.3821,5.3,4
133270,2024-04-16,5000,Femenino,2,74169,74160,10000,6000,493,Puebla Poniente,1.117123288,1,4000,3333.3333333333335,Rural,19.2129,-98.3821,19.165713333333333,-98.42152666666668,1.9,4
135996,2024-05-04,4000,Femenino,2,74160,74160,11200,2800,412,Puebla Poniente,1.196183953,1,8400,3733.3333333333335,Urbano,19.165713333333333,-98.42152666666668,19.165713333333333,-98.42152666666668,1.2,5
140169,2024-05-27,5000,Masculino,2,74160,74160,8000,3500,401,Puebla Poniente,1.388978495,1,4500,2666.6666666666665,Urbano,19.165713333333333,-98.42152666666668,19.165713333333333,-98.42152666666668,0.9,5
139556,2024-05-22,3000,Femenino,2,72670,72670,6600,5200,478,Puebla Poniente,0.607876712,1,1400,2200.0,Rural,19.136,-98.30565,19.136,-98.30565,1.8,5
171772,2024-11-05,5000,Femenino,4,72810,72810,2800,4000,406,Puebla Poniente,1.5,1,-1200,560.0,Urbano,19.050323529411767,-98.294,19.050323529411767,-98.294,0.9,11
129217,2024-03-22,5000,Femenino,0,72377,72017,16900,6900,433,Puebla Poniente,0.680821355,1,10000,16900.0,Urbano,19.03016666666667,-98.18253333333332,19.0869,-98.1726,1.2,3
131276,2024-04-09,3000,Femenino,0,94220,94220,12000,4000,571,Cordoba,1.063777881,0,8000,12000.0,Rural,19.07096,-96.78062,19.07096,-96.78062,3.2,4
137369,2024-05-13,4000,Femenino,3,94220,94220,14000,3500,632,Cordoba,1.063783368,0,10500,3500.0,Rural,19.07096,-96.78062,19.07096,-96.78062,5.3,5
129346,2024-03-22,17000,Femenino,1,94100,94100,12000,3000,472,Cordoba,1.286193697,0,9000,6000.0,Urbano,19.3977,-96.9904,19.3977,-96.9904,1.6,3
129678,2024-03-26,6000,Femenino,2,94106,94106,20000,7000,656,Cordoba,1.824454592,0,13000,6666.666666666667,Urbano,19.2673,-96.96505,19.2673,-96.96505,6.1,3
129689,2024-03-26,15000,Femenino,0,94100,94100,18500,2500,433,Cordoba,1.824493106,0,16000,18500.0,Urbano,19.3977,-96.9904,19.3977,-96.9904,1.2,3
131335,2024-04-10,5000,Femenino,1,94106,94480,9000,1500,432,Cordoba,0.740019258,0,7500,4500.0,Urbano,19.2673,-96.96505,18.953016666666667,-96.94738333333332,1.2,4
131590,2024-04-05,15000,Femenino,2,94106,94100,24000,6000,509,Cordoba,1.309271837,0,18000,8000.0,Urbano,19.2673,-96.96505,19.3977,-96.9904,2.0,4
131876,2024-04-09,15000,Femenino,2,94108,94108,26000,6000,674,Cordoba,1.846701507,0,20000,8666.666666666666,Semiurbano,19.2673,-96.96505,19.2673,-96.96505,8.3,4
132647,2024-04-12,10000,Femenino,2,94100,94100,10000,6000,522,Cordoba,2.080157993,0,4000,3333.3333333333335,Urbano,19.3977,-96.9904,19.3977,-96.9904,2.2,4
132963,2024-04-17,12000,Femenino,1,94100,94100,13000,2400,386,Cordoba,1.841858483,0,10600,6500.0,Urbano,19.3977,-96.9904,19.3977,-96.9904,0.9,4
133843,2024-04-19,8000,Masculino,2,94100,94100,18000,6000,566,Cordoba,1.668172485,0,12000,6000.0,Urbano,19.3977,-96.9904,19.3977,-96.9904,3.2,4
136330,2024-05-06,15000,Femenino,0,94100,94106,12500,2500,408,Cordoba,2.431216931,0,10000,12500.0,Urbano,19.3977,-96.9904,19.2673,-96.96505,1.2,5
136349,2024-05-03,15000,Masculino,2,94106,94100,22000,1500,553,Cordoba,3.403735144,0,20500,7333.333333333333,Urbano,19.2673,-96.96505,19.3977,-96.9904,2.9,5
136536,2024-05-06,6000,Femenino,2,94108,94106,10000,6000,478,Cordoba,1.134696406,0,4000,3333.3333333333335,Semiurbano,19.2673,-96.96505,19.2673,-96.96505,1.8,5
137468,2024-05-15,8000,Masculino,2,94106,94100,12000,6000,644,Cordoba,1.666666667,0,6000,4000.0,Urbano,19.2673,-96.96505,19.3977,-96.9904,6.1,5
137472,2024-05-15,13000,Femenino,2,94100,94100,13500,1500,496,Cordoba,1.27852085,0,12000,4500.0,Urbano,19.3977,-96.9904,19.3977,-96.9904,1.9,5
138928,2024-05-20,17000,Femenino,0,94100,94100,20000,2500,413,Cordoba,1.384830339,1,17500,20000.0,Urbano,19.3977,-96.9904,19.3977,-96.9904,1.2,5
138998,2024-05-20,16000,Masculino,2,94108,94108,25000,6000,444,Cordoba,1.384872143,0,19000,8333.333333333334,Semiurbano,19.2673,-96.96505,19.2673,-96.96505,1.3,5
139826,2024-05-24,15000,Femenino,2,94100,94108,16000,6000,653,Cordoba,1.215447154,0,10000,5333.333333333333,Urbano,19.3977,-96.9904,19.2673,-96.96505,6.1,5
131500,2024-04-05,8000,Femenino,0,94500,94140,7000,3000,645,Cordoba,1.702053388,0,4000,7000.0,Urbano,18.8986,-96.9623,19.048354545454547,-97.09525454545457,6.1,4
132173,2024-04-09,15000,Masculino,2,94170,94170,14000,6000,502,Cordoba,1.891168091,0,8000,4666.666666666667,Urbano,19.0174,-96.9976,19.0174,-96.9976,2.0,4
133029,2024-04-16,12000,Femenino,2,94170,94140,8000,8000,412,Cordoba,1.001202935,0,0,2666.6666666666665,Urbano,19.0174,-96.9976,19.048354545454547,-97.09525454545457,1.2,4
133879,2024-04-22,10000,Femenino,1,94170,94170,9000,900,520,Cordoba,1.418370244,1,8100,4500.0,Urbano,19.0174,-96.9976,19.0174,-96.9976,2.2,4
134089,2024-04-24,5000,Femenino,1,94170,94170,6000,2000,551,Cordoba,1.001208703,0,4000,3000.0,Urbano,19.0174,-96.9976,19.0174,-96.9976,2.9,4
135594,2024-04-30,5000,Femenino,0,94170,94170,8800,2000,475,Cordoba,1.215750916,0,6800,8800.0,Urbano,19.0174,-96.9976,19.0174,-96.9976,1.6,4
99905,2023-08-28,7000,Femenino,2,94100,94100,10000,5000,534,Cordoba,1.063783368,0,5000,3333.3333333333335,Urbano,19.3977,-96.9904,19.3977,-96.9904,2.6,8
129837,2024-03-27,10000,Femenino,0,94940,94940,10000,4000,567,Cordoba,1.063783368,0,6000,10000.0,Rural,18.83765,-96.90025,18.83765,-96.90025,3.2,3
162072,2024-09-18,10000,Femenino,2,94940,94940,9000,6000,412,Cordoba,0.773656271,0,3000,3000.0,Rural,18.83765,-96.90025,18.83765,-96.90025,1.2,9
67298,2023-01-09,6000,Femenino,2,94106,94106,18000,15000,456,Cordoba,0.0,0,3000,6000.0,Urbano,19.2673,-96.96505,19.2673,-96.96505,1.5,1
88949,2023-06-19,3000,Femenino,1,94467,94466,22000,4000,458,Cordoba,1.134702259,0,18000,11000.0,Rural,18.9372,-97.0183,18.951633333333334,-97.01476666666667,1.5,6
129540,2024-03-26,15000,Masculino,1,94100,94100,15000,11000,603,Cordoba,1.063798027,0,4000,7500.0,Urbano,19.3977,-96.9904,19.3977,-96.9904,4.6,3
131628,2024-04-09,15000,Femenino,2,94100,94100,13000,10000,575,Cordoba,1.393388716,0,3000,4333.333333333333,Urbano,19.3977,-96.9904,19.3977,-96.9904,3.5,4
133815,2024-04-19,10000,Femenino,2,94100,94100,7000,8000,455,Cordoba,1.393329071,0,-1000,2333.3333333333335,Urbano,19.3977,-96.9904,19.3977,-96.9904,1.5,4
138932,2024-05-20,6000,Femenino,0,94107,94100,7000,6000,646,Cordoba,1.641935484,0,1000,7000.0,Urbano,19.2673,-96.96505,19.3977,-96.9904,6.1,5
129715,2024-03-26,12000,Femenino,0,94960,94960,18000,8000,528,Cordoba,1.215753425,0,10000,18000.0,Rural,18.9278,-96.8041,18.9278,-96.8041,2.2,3
129921,2024-03-26,11000,Femenino,0,94960,94960,16000,6000,459,Cordoba,1.387361466,0,10000,16000.0,Rural,18.9278,-96.8041,18.9278,-96.8041,1.5,3
130455,2024-04-01,15000,Femenino,2,94965,95965,19000,9000,412,Cordoba,1.280516564,0,10000,6333.333333333333,Rural,18.90464,-96.78908,18.1736,-94.6675,1.2,4
131585,2024-04-09,10000,Femenino,2,94960,94960,18000,8000,458,Cordoba,1.385158151,0,10000,6000.0,Rural,18.9278,-96.8041,18.9278,-96.8041,1.5,4
132569,2024-04-16,11000,Femenino,1,94960,94960,16000,6000,569,Cordoba,1.063798701,0,10000,8000.0,Rural,18.9278,-96.8041,18.9278,-96.8041,3.2,4
132677,2024-04-12,15000,Femenino,1,94960,94960,18000,9000,460,Cordoba,1.134717895,0,9000,9000.0,Rural,18.9278,-96.8041,18.9278,-96.8041,1.5,4
116907,2024-01-08,3000,Femenino,0,94542,94480,8000,2000,455,Cordoba,0.773671292,0,6000,8000.0,Urbano,18.88776,-96.96706,18.953016666666667,-96.94738333333332,1.5,1
124447,2024-02-19,3000,Femenino,1,94542,94488,8000,5000,418,Cordoba,1.00120355,1,3000,4000.0,Urbano,18.88776,-96.96706,18.9061,-96.96875,1.2,2
134438,2024-04-23,6000,Femenino,0,94542,94480,8000,2000,410,Cordoba,1.196917808,0,6000,8000.0,Urbano,18.88776,-96.96706,18.953016666666667,-96.94738333333332,1.2,4
136926,2024-05-07,6500,Masculino,0,94480,94480,8000,2000,511,Cordoba,1.134700855,1,6000,8000.0,Unknown,18.953016666666667,-96.94738333333332,18.953016666666667,-96.94738333333332,2.1,5
137070,2024-05-13,3000,Femenino,0,94487,94487,8000,2000,454,Cordoba,1.063782051,0,6000,8000.0,Rural,18.8382,-96.9547,18.8382,-96.9547,1.5,5
139839,2024-05-24,10000,Masculino,1,94480,94480,9000,4000,454,Cordoba,1.667572156,0,5000,4500.0,Unknown,18.953016666666667,-96.94738333333332,18.953016666666667,-96.94738333333332,1.5,5
139927,2024-05-28,11000,Masculino,0,94488,94480,8000,2000,457,Cordoba,1.063783368,0,6000,8000.0,Rural,18.9061,-96.96875,18.953016666666667,-96.94738333333332,1.5,5
135441,2024-04-30,15000,Femenino,0,94100,94100,10000,2000,678,Cordoba,1.379280822,0,8000,10000.0,Urbano,19.3977,-96.9904,19.3977,-96.9904,8.3,4
136566,2024-05-06,10000,Femenino,0,94100,94100,12000,2000,439,Cordoba,1.309271837,0,10000,12000.0,Urbano,19.3977,-96.9904,19.3977,-96.9904,1.3,5
138558,2024-05-17,13000,Femenino,0,94106,94100,10000,3500,499,Cordoba,1.118098835,0,6500,10000.0,Urbano,19.2673,-96.96505,19.3977,-96.9904,1.9,5
105254,2023-10-03,10000,Femenino,2,94160,94160,7000,8500,553,Cordoba,0.654636459,0,-1500,2333.3333333333335,Rural,19.00486666666667,-97.0326,19.00486666666667,-97.0326,2.9,10
132946,2024-04-15,14000,Femenino,2,94160,94160,12000,6000,437,Cordoba,1.063798027,0,6000,4000.0,Rural,19.00486666666667,-97.0326,19.00486666666667,-97.0326,1.3,4
148330,2024-07-10,7000,Femenino,2,94160,94160,13000,6000,534,Cordoba,0.895829917,0,7000,4333.333333333333,Rural,19.00486666666667,-97.0326,19.00486666666667,-97.0326,2.6,7
131884,2024-04-09,15000,Femenino,2,94106,94100,20000,5000,414,Cordoba,1.493427784,0,15000,6666.666666666667,Urbano,19.2673,-96.96505,19.3977,-96.9904,1.2,4
135110,2024-05-01,10000,Femenino,2,94108,94108,12000,5000,433,Cordoba,1.134695864,0,7000,4000.0,Semiurbano,19.2673,-96.96505,19.2673,-96.96505,1.2,5
118462,2024-01-19,3000,Femenino,2,94106,94106,6000,4000,525,Cordoba,0.945585216,0,2000,2000.0,Urbano,19.2673,-96.96505,19.2673,-96.96505,2.2,1
130836,2024-04-02,15000,Femenino,1,94108,94108,8000,5000,462,Cordoba,1.385576377,0,3000,4000.0,Semiurbano,19.2673,-96.96505,19.2673,-96.96505,1.5,4
122380,2024-02-06,3000,Femenino,1,94466,94463,10000,4000,410,Cordoba,1.134700855,0,6000,5000.0,Urbano,18.951633333333334,-97.01476666666667,18.8746,-97.03741111111113,1.2,2
142327,2024-06-10,7000,Femenino,1,94463,94463,11000,7000,503,Cordoba,1.673780488,0,4000,5500.0,Urbano,18.8746,-97.03741111111113,18.8746,-97.03741111111113,2.0,6
112003,2023-11-21,7000,Femenino,1,94930,94930,15000,2000,420,Cordoba,0.851021898,0,13000,7500.0,Rural,18.834875,-96.81465,18.834875,-96.81465,1.2,11
134237,2024-04-22,15000,Femenino,0,94967,94940,18000,3000,580,Cordoba,1.376732561,0,15000,18000.0,Rural,18.887435714285715,-96.77982857142857,18.83765,-96.90025,3.5,4
134746,2024-05-01,5000,Masculino,0,94965,94964,8000,2500,637,Cordoba,1.063783368,0,5500,8000.0,Rural,18.90464,-96.78908,18.8935,-96.79776666666665,6.1,5
140476,2024-05-28,6000,Masculino,0,94965,94965,15000,3000,602,Cordoba,1.134702259,0,12000,15000.0,Rural,18.90464,-96.78908,18.90464,-96.78908,4.6,5
141375,2024-06-04,17000,Femenino,0,94966,94968,20000,3000,454,Cordoba,1.114649682,0,17000,20000.0,Rural,18.920025,-96.81175,18.95049705882353,-96.81118235294116,1.5,6
142345,2024-06-11,12000,Femenino,0,94965,94970,9000,3000,461,Cordoba,1.063798027,0,6000,9000.0,Rural,18.90464,-96.78908,18.95892857142857,-96.66142857142856,1.5,6
152286,2024-07-30,15000,Femenino,0,94965,94965,0,2500,451,Cordoba,0.0,0,-2500,0.0,Rural,18.90464,-96.78908,18.90464,-96.78908,1.3,7
107514,2023-10-18,5000,Masculino,1,94140,94140,6500,2000,391,Cordoba,0.0,0,4500,3250.0,Urbano,19.048354545454547,-97.09525454545457,19.048354545454547,-97.09525454545457,0.9,10
122314,2024-02-06,7500,Femenino,2,94929,94940,15200,4200,493,Cordoba,0.773657289,0,11000,5066.666666666667,Rural,18.753,-96.7709,18.83765,-96.90025,1.9,2
139377,2024-05-22,5500,Femenino,1,94954,94940,8200,4100,652,Cordoba,1.502020202,1,4100,4100.0,Rural,18.84707142857143,-96.88574285714286,18.83765,-96.90025,6.1,5
140081,2024-05-28,7000,Femenino,0,94930,94930,9500,5000,463,Cordoba,1.134702259,0,4500,9500.0,Rural,18.834875,-96.81465,18.834875,-96.81465,1.5,5
112195,2023-11-21,8000,Femenino,0,94480,94552,15000,3700,449,Cordoba,1.063783368,0,11300,15000.0,Unknown,18.953016666666667,-96.94738333333332,18.9387,-96.96533333333332,1.3,11
140139,2024-05-29,4000,Femenino,1,94500,94500,13600,10000,461,Cordoba,1.134703196,0,3600,6800.0,Urbano,18.8986,-96.9623,18.8986,-96.9623,1.5,5
115734,2023-12-18,4000,Masculino,1,94640,94480,28000,15000,744,Cordoba,1.063798027,0,13000,14000.0,Urbano,18.89425,-96.930175,18.953016666666667,-96.94738333333332,8.3,12
129383,2024-03-27,5000,Femenino,0,94466,94466,18000,14000,425,Cordoba,1.418377322,0,4000,18000.0,Urbano,18.951633333333334,-97.01476666666667,18.951633333333334,-97.01476666666667,1.2,3
129716,2024-03-26,6000,Femenino,1,94640,94480,18000,12000,485,Cordoba,1.288895909,0,6000,9000.0,Urbano,18.89425,-96.930175,18.953016666666667,-96.94738333333332,1.8,3
131430,2024-04-08,6000,Femenino,1,94466,94473,18000,13000,634,Cordoba,1.668835616,0,5000,9000.0,Urbano,18.951633333333334,-97.01476666666667,18.89825,-96.9901,5.3,4
131811,2024-04-08,6000,Femenino,1,94555,94480,15000,7500,382,Cordoba,1.642051282,0,7500,7500.0,Unknown,18.905050000000003,-96.9274,18.953016666666667,-96.94738333333332,0.9,4
125388,2024-02-27,10000,Masculino,1,94160,94160,12500,6800,456,Cordoba,0.0,0,5700,6250.0,Rural,19.00486666666667,-97.0326,19.00486666666667,-97.0326,1.5,2
132635,2024-04-12,5500,Femenino,1,94160,94160,7500,12000,578,Cordoba,1.001221672,0,-4500,3750.0,Rural,19.00486666666667,-97.0326,19.00486666666667,-97.0326,3.5,4
138770,2024-05-17,17000,Masculino,1,94160,94160,25000,9000,546,Cordoba,1.063778119,0,16000,12500.0,Rural,19.00486666666667,-97.0326,19.00486666666667,-97.0326,2.75,5
138775,2024-05-17,17000,Femenino,1,94160,94160,20000,9500,694,Cordoba,1.063778119,0,10500,10000.0,Rural,19.00486666666667,-97.0326,19.00486666666667,-97.0326,8.3,5
133268,2024-06-19,12000,Masculino,1,94470,94466,18000,12000,474,Cordoba,1.850996377,0,6000,9000.0,Semiurbano,18.9111,-96.9937,18.951633333333334,-97.01476666666667,1.6,6
132637,2024-04-12,5000,Femenino,1,94100,94100,5000,10000,506,Cordoba,1.063783368,0,-5000,2500.0,Urbano,19.3977,-96.9904,19.3977,-96.9904,2.0,4
152792,2024-08-06,3000,Femenino,0,94100,94100,16000,8000,452,Cordoba,0.945580163,1,8000,16000.0,Urbano,19.3977,-96.9904,19.3977,-96.9904,1.5,8
127532,2024-03-11,8000,Masculino,0,94180,94180,7000,3500,555,Cordoba,1.64476386,0,3500,7000.0,Rural,19.04941666666667,-96.95793333333334,19.04941666666667,-96.95793333333334,2.9,3
129378,2024-03-26,10000,Femenino,1,94140,94140,5000,6000,536,Cordoba,3.283739837,0,-1000,2500.0,Urbano,19.048354545454547,-97.09525454545457,19.048354545454547,-97.09525454545457,2.6,3
132692,2024-04-12,5000,Femenino,1,94140,94140,6000,6000,508,Cordoba,1.379280822,0,0,3000.0,Urbano,19.048354545454547,-97.09525454545457,19.048354545454547,-97.09525454545457,2.0,4
134136,2024-04-22,8000,Femenino,1,94140,94140,7500,2000,478,Cordoba,1.501935884,0,5500,3750.0,Urbano,19.048354545454547,-97.09525454545457,19.048354545454547,-97.09525454545457,1.8,4
135141,2024-04-30,11000,Femenino,0,94140,94140,6000,6000,429,Cordoba,1.387254902,0,0,6000.0,Urbano,19.048354545454547,-97.09525454545457,19.048354545454547,-97.09525454545457,1.2,4
136087,2024-05-03,6500,Femenino,0,94140,94140,6000,6000,461,Cordoba,1.063784247,0,0,6000.0,Urbano,19.048354545454547,-97.09525454545457,19.048354545454547,-97.09525454545457,1.5,5
141091,2024-05-31,10000,Femenino,1,94180,94180,4000,9000,654,Cordoba,1.378265413,0,-5000,2000.0,Rural,19.04941666666667,-96.95793333333334,19.04941666666667,-96.95793333333334,6.1,5
134837,2024-04-29,3000,Femenino,0,94500,94480,10000,5700,411,Cordoba,1.063798027,0,4300,10000.0,Urbano,18.8986,-96.9623,18.953016666666667,-96.94738333333332,1.2,4
131459,2024-04-05,17000,Femenino,0,94680,94680,5000,2000,433,Cordoba,2.089065708,0,3000,5000.0,Urbano,18.90075,-96.9293,18.90075,-96.9293,1.2,4
112648,2023-11-27,5000,Masculino,0,94542,94575,13500,2000,596,Cordoba,1.204064249,0,11500,13500.0,Urbano,18.88776,-96.96706,18.8947,-96.95188333333331,4.0,11
114406,2023-12-11,7000,Femenino,0,94480,94575,11000,0,484,Cordoba,1.040973872,0,11000,11000.0,Unknown,18.953016666666667,-96.94738333333332,18.8947,-96.95188333333331,1.8,12
119762,2024-01-17,4400,Masculino,1,94470,94480,13000,3000,364,Cordoba,0.933285106,0,10000,6500.0,Semiurbano,18.9111,-96.9937,18.953016666666667,-96.94738333333332,0.9,1
130519,2024-03-29,17000,Femenino,1,94570,94480,12500,3250,638,Cordoba,1.496271122,1,9250,6250.0,Urbano,18.902075,-96.9444,18.953016666666667,-96.94738333333332,6.1,3
130529,2024-03-29,4000,Masculino,0,94580,94580,9500,2500,429,Cordoba,1.196917808,0,7000,9500.0,Urbano,18.8944,-96.9398,18.8944,-96.9398,1.2,3
138862,2024-05-20,3000,Masculino,1,94542,94480,10500,2500,694,Cordoba,1.001208703,0,8000,5250.0,Urbano,18.88776,-96.96706,18.953016666666667,-96.94738333333332,8.3,5
130408,2024-03-29,5000,Femenino,0,94170,94170,6800,3300,503,Cordoba,0.549046546,1,3500,6800.0,Urbano,19.0174,-96.9976,19.0174,-96.9976,2.0,3
138873,2024-05-21,6000,Femenino,1,94170,94170,3000,3000,425,Cordoba,1.063782051,0,0,1500.0,Urbano,19.0174,-96.9976,19.0174,-96.9976,1.2,5
129510,2024-03-26,8500,Femenino,1,94950,94940,9000,4250,425,Cordoba,1.063784247,0,4750,4500.0,Urbano,18.84745,-96.9106,18.83765,-96.90025,1.2,3
132290,2024-04-10,5000,Masculino,1,94950,94940,15000,6700,596,Cordoba,1.063784247,0,8300,7500.0,Urbano,18.84745,-96.9106,18.83765,-96.90025,4.0,4
138797,2024-05-20,15000,Femenino,1,94950,94950,15000,5000,433,Cordoba,1.092606884,0,10000,7500.0,Urbano,18.84745,-96.9106,18.84745,-96.9106,1.2,5
138383,2024-05-17,7000,Femenino,1,94160,94160,9000,14000,449,Cordoba,0.56734843,0,-5000,4500.0,Rural,19.00486666666667,-97.0326,19.00486666666667,-97.0326,1.3,5
129373,2024-03-22,12000,Femenino,0,94160,94160,15100,6000,410,Cordoba,1.114712825,0,9100,15100.0,Rural,19.00486666666667,-97.0326,19.00486666666667,-97.0326,1.2,3
129486,2024-03-26,8000,Masculino,0,94160,94160,12000,6000,420,Cordoba,1.001202935,0,6000,12000.0,Rural,19.00486666666667,-97.0326,19.00486666666667,-97.0326,1.2,3
134704,2024-04-24,9500,Femenino,2,94160,94160,8000,0,469,Cordoba,0.895829917,1,8000,2666.6666666666665,Rural,19.00486666666667,-97.0326,19.00486666666667,-97.0326,1.6,4
148786,2024-07-12,5000,Femenino,1,94940,94940,10000,5000,609,Cordoba,1.001208703,0,5000,5000.0,Rural,18.83765,-96.90025,18.83765,-96.90025,4.6,7
102854,2023-09-15,6000,Femenino,2,94680,94680,14500,6000,510,Cordoba,1.804699977,0,8500,4833.333333333333,Urbano,18.90075,-96.9293,18.90075,-96.9293,2.1,9
128333,2024-03-18,4500,Femenino,1,94480,94480,14000,6000,444,Cordoba,1.063782051,0,8000,7000.0,Unknown,18.953016666666667,-96.94738333333332,18.953016666666667,-96.94738333333332,1.3,3
129570,2024-03-26,13000,Femenino,0,94488,94487,12000,5000,416,Cordoba,1.492832003,1,7000,12000.0,Rural,18.9061,-96.96875,18.8382,-96.9547,1.2,3
129896,2024-03-26,17000,Femenino,1,94554,94480,15000,7000,477,Cordoba,1.063778119,0,8000,7500.0,Rural,18.90025,-96.9589,18.953016666666667,-96.94738333333332,1.6,3
129980,2024-03-27,17000,Femenino,1,94554,94480,18000,6000,460,Cordoba,1.376732561,0,12000,9000.0,Rural,18.90025,-96.9589,18.953016666666667,-96.94738333333332,1.5,3
131496,2024-04-08,6000,Femenino,0,94554,94480,11000,5000,418,Cordoba,1.114700855,0,6000,11000.0,Rural,18.90025,-96.9589,18.953016666666667,-96.94738333333332,1.2,4
131501,2024-04-08,7500,Femenino,3,94488,94480,10000,4000,429,Cordoba,1.376796715,0,6000,2500.0,Rural,18.9061,-96.96875,18.953016666666667,-96.94738333333332,1.2,4
137413,2024-05-13,6000,Femenino,1,94554,94610,15000,2000,673,Cordoba,1.001208703,0,13000,7500.0,Rural,18.90025,-96.9589,18.91485,-96.9328,8.3,5
139432,2024-05-22,13000,Masculino,2,94488,94948,23000,2000,418,Cordoba,1.271838331,1,21000,7666.666666666667,Rural,18.9061,-96.96875,18.867966666666664,-96.87726666666669,1.2,5
146335,2024-07-02,5000,Femenino,0,94100,94100,5500,2500,549,Cordoba,0.0,0,3000,5500.0,Urbano,19.3977,-96.9904,19.3977,-96.9904,2.9,7
135124,2024-04-29,7000,Femenino,1,94950,94940,11000,4000,425,Cordoba,1.196350365,0,7000,5500.0,Urbano,18.84745,-96.9106,18.83765,-96.90025,1.2,4
114160,2023-12-06,6000,Femenino,3,94542,94480,7500,5000,451,Cordoba,0.810501613,1,2500,1875.0,Urbano,18.88776,-96.96706,18.953016666666667,-96.94738333333332,1.3,12
116227,2023-12-26,7000,Femenino,1,94542,94542,9800,3500,623,Cordoba,1.063783368,0,6300,4900.0,Urbano,18.88776,-96.96706,18.88776,-96.96706,5.3,12
129547,2024-03-26,7500,Femenino,0,94542,94480,8000,3600,674,Cordoba,1.134695864,1,4400,8000.0,Urbano,18.88776,-96.96706,18.953016666666667,-96.94738333333332,8.3,3
139699,2024-05-28,11000,Masculino,0,94540,94510,14000,8000,343,Cordoba,1.063778521,0,6000,14000.0,Urbano,18.9147,-96.95175,18.91344,-96.93538,0.9,5
152439,2024-07-30,15000,Femenino,2,94542,94480,16000,6500,422,Cordoba,1.063784247,0,9500,5333.333333333333,Urbano,18.88776,-96.96706,18.953016666666667,-96.94738333333332,1.2,7
100237,2023-08-29,7000,Femenino,0,94657,94480,8500,3000,427,Cordoba,0.586923628,0,5500,8500.0,Urbano,18.8917,-96.94594,18.953016666666667,-96.94738333333332,1.2,8
101433,2023-09-06,4500,Femenino,2,94542,94480,10000,3000,539,Cordoba,0.709185412,0,7000,3333.3333333333335,Urbano,18.88776,-96.96706,18.953016666666667,-96.94738333333332,2.75,9
126931,2024-03-06,3000,Femenino,1,94542,94542,9000,3000,503,Cordoba,0.0,0,6000,4500.0,Urbano,18.88776,-96.96706,18.88776,-96.96706,2.0,3
129367,2024-03-22,10000,Femenino,0,94630,94480,8000,3000,433,Cordoba,1.280998263,0,5000,8000.0,Urbano,18.9097,-96.93225,18.953016666666667,-96.94738333333332,1.2,3
84056,2023-05-10,5000,Femenino,1,94480,94555,10000,5000,518,Cordoba,0.810502283,0,5000,5000.0,Unknown,18.953016666666667,-96.94738333333332,18.905050000000003,-96.9274,2.1,5
98802,2023-08-21,10000,Femenino,0,94560,94556,18000,0,506,Cordoba,0.615088276,1,18000,18000.0,Urbano,18.9155,-96.9504,18.89845,-96.955,2.0,8
121532,2024-01-30,5000,Femenino,0,94620,94620,13000,3000,464,Cordoba,0.895817573,1,10000,13000.0,Urbano,18.90555,-96.93595,18.90555,-96.93595,1.5,1
124581,2024-02-20,3500,Femenino,0,94580,94480,15000,2500,420,Cordoba,0.810501327,1,12500,15000.0,Urbano,18.8944,-96.9398,18.953016666666667,-96.94738333333332,1.2,2
129666,2024-03-26,17000,Femenino,0,94480,94480,18000,45000,427,Cordoba,1.001202935,0,-27000,18000.0,Unknown,18.953016666666667,-96.94738333333332,18.953016666666667,-96.94738333333332,1.2,3
132197,2024-04-09,15000,Masculino,3,94542,94480,15000,4000,419,Cordoba,1.180166147,1,11000,3750.0,Urbano,18.88776,-96.96706,18.953016666666667,-96.94738333333332,1.2,4
133848,2024-04-22,7500,Masculino,0,94500,94480,20000,4500,527,Cordoba,1.001221672,0,15500,20000.0,Urbano,18.8986,-96.9623,18.953016666666667,-96.94738333333332,2.2,4
141369,2024-06-03,4000,Femenino,1,94580,94480,14000,4000,521,Cordoba,1.063782051,0,10000,7000.0,Urbano,18.8944,-96.9398,18.953016666666667,-96.94738333333332,2.2,6
141591,2024-06-05,14500,Femenino,1,94600,94480,18000,5000,384,Cordoba,0.895813153,0,13000,9000.0,Urbano,18.8994,-96.9279,18.953016666666667,-96.94738333333332,0.9,6
142525,2024-06-11,6500,Femenino,1,94480,94549,11000,4000,429,Cordoba,1.111182796,1,7000,5500.0,Unknown,18.953016666666667,-96.94738333333332,18.9078,-96.9582,1.2,6
75192,2023-03-06,4000,Femenino,1,94480,94556,6000,3000,433,Cordoba,1.063777683,0,3000,3000.0,Unknown,18.953016666666667,-96.94738333333332,18.89845,-96.955,1.2,3
101629,2023-09-08,5000,Femenino,0,94575,94650,10500,6000,401,Cordoba,0.773671292,0,4500,10500.0,Urbano,18.8947,-96.95188333333331,18.88786,-96.94446,0.9,9
103182,2023-09-19,2000,Femenino,1,94556,94556,9500,3500,452,Cordoba,1.063777881,0,6000,4750.0,Urbano,18.89845,-96.955,18.89845,-96.955,1.5,9
121071,2024-01-26,5000,Femenino,0,94575,94480,9500,4000,473,Cordoba,0.680797721,0,5500,9500.0,Urbano,18.8947,-96.95188333333331,18.953016666666667,-96.94738333333332,1.6,1
124134,2024-02-19,10000,Masculino,0,94670,94480,10500,6000,0,Cordoba,1.134695864,0,4500,10500.0,Urbano,18.9018,-96.93785,18.953016666666667,-96.94738333333332,0.0,2
104665,2023-09-29,3000,Femenino,0,94470,94470,9800,3500,551,Cordoba,2.61669506,0,6300,9800.0,Semiurbano,18.9111,-96.9937,18.9111,-96.9937,2.9,9
129376,2024-03-26,17000,Femenino,1,94542,94480,9000,3500,593,Cordoba,1.378777551,0,5500,4500.0,Urbano,18.88776,-96.96706,18.953016666666667,-96.94738333333332,4.0,3
129575,2024-03-26,7000,Femenino,2,94542,94630,11000,3500,400,Cordoba,1.66826484,0,7500,3666.6666666666665,Urbano,18.88776,-96.96706,18.9097,-96.93225,0.9,3
172734,2024-11-13,17000,Femenino,4,94483,94480,15000,5000,484,Cordoba,0.0,0,10000,3000.0,Unknown,18.8859,-96.9201,18.953016666666667,-96.94738333333332,1.8,11
85556,2023-05-22,10500,Femenino,0,94575,94480,8000,3000,565,Cordoba,0.851038576,0,5000,8000.0,Urbano,18.8947,-96.95188333333331,18.953016666666667,-96.94738333333332,3.2,5
129917,2024-03-26,13000,Femenino,1,94575,94575,10000,2000,543,Cordoba,1.379192334,0,8000,5000.0,Urbano,18.8947,-96.95188333333331,18.8947,-96.95188333333331,2.75,3
142348,2024-06-11,10000,Femenino,0,94575,94480,8000,3000,543,Cordoba,0.89583008,1,5000,8000.0,Urbano,18.8947,-96.95188333333331,18.953016666666667,-96.94738333333332,2.75,6
129568,2024-03-26,4000,Femenino,0,94480,94480,9500,7000,406,Cordoba,0.985520362,0,2500,9500.0,Unknown,18.953016666666667,-96.94738333333332,18.953016666666667,-96.94738333333332,0.9,3
135264,2024-04-29,5000,Femenino,1,94542,94542,8000,6250,443,Cordoba,0.983279613,0,1750,4000.0,Urbano,18.88776,-96.96706,18.88776,-96.96706,1.3,4
137609,2024-05-13,15000,Femenino,1,94542,94542,16500,9550,459,Cordoba,1.115882754,0,6950,8250.0,Urbano,18.88776,-96.96706,18.88776,-96.96706,1.5,5
90730,2023-06-27,7000,Masculino,3,94472,94466,9500,6500,624,Cordoba,0.945585216,0,3000,2375.0,Urbano,18.909245454545456,-96.9918818181818,18.951633333333334,-97.01476666666667,5.3,6
111575,2023-11-21,4000,Masculino,0,94470,94466,8000,4500,424,Cordoba,0.65464494,0,3500,8000.0,Semiurbano,18.9111,-96.9937,18.951633333333334,-97.01476666666667,1.2,11
124392,2024-02-19,17000,Masculino,3,94470,94580,21000,7500,417,Cordoba,1.063778119,0,13500,5250.0,Semiurbano,18.9111,-96.9937,18.8944,-96.9398,1.2,2
97513,2023-08-14,6000,Femenino,0,94472,94466,4800,0,465,Cordoba,1.134700855,0,4800,4800.0,Urbano,18.909245454545456,-96.9918818181818,18.951633333333334,-97.01476666666667,1.5,8
75147,2023-03-03,10000,Femenino,0,94160,94160,12500,3500,710,Cordoba,1.001202935,0,9000,12500.0,Rural,19.00486666666667,-97.0326,19.00486666666667,-97.0326,8.3,3
105878,2023-10-06,10000,Masculino,1,94160,94160,18000,10000,478,Cordoba,0.810497614,0,8000,9000.0,Rural,19.00486666666667,-97.0326,19.00486666666667,-97.0326,1.8,10
117010,2024-01-02,12000,Femenino,0,94160,94160,18000,2100,486,Cordoba,1.012781186,0,15900,18000.0,Rural,19.00486666666667,-97.0326,19.00486666666667,-97.0326,1.8,1
148288,2024-07-10,15000,Femenino,0,94160,94160,17800,2500,429,Cordoba,0.981041589,1,15300,17800.0,Rural,19.00486666666667,-97.0326,19.00486666666667,-97.0326,1.2,7
129673,2024-03-26,10000,Femenino,0,94160,94160,18000,8000,408,Cordoba,0.851039261,0,10000,18000.0,Rural,19.00486666666667,-97.0326,19.00486666666667,-97.0326,1.2,3
132826,2024-04-15,3000,Femenino,2,94160,94160,12000,3000,583,Cordoba,1.379059829,0,9000,4000.0,Rural,19.00486666666667,-97.0326,19.00486666666667,-97.0326,3.5,4
86933,2023-05-31,2500,Femenino,0,94160,94160,7500,0,417,Cordoba,1.063783368,1,7500,7500.0,Rural,19.00486666666667,-97.0326,19.00486666666667,-97.0326,1.2,5
104939,2023-09-29,5000,Femenino,1,94160,94160,6800,4000,435,Cordoba,1.063784247,0,2800,3400.0,Rural,19.00486666666667,-97.0326,19.00486666666667,-97.0326,1.3,9
162470,2024-09-24,7000,Femenino,2,94160,94160,8100,5300,0,Cordoba,0.945585997,0,2800,2700.0,Rural,19.00486666666667,-97.0326,19.00486666666667,-97.0326,0.0,9
168960,2024-10-21,10500,Femenino,2,94160,94160,2400,2900,489,Cordoba,1.063780738,0,-500,800.0,Rural,19.00486666666667,-97.0326,19.00486666666667,-97.0326,1.8,10
131612,2024-04-09,11500,Masculino,1,94466,94466,12000,2500,667,Cordoba,1.194388237,0,9500,6000.0,Urbano,18.951633333333334,-97.01476666666667,18.951633333333334,-97.01476666666667,8.3,4
161122,2024-09-10,7000,Femenino,1,94160,94160,14000,1850,414,Cordoba,0.773656949,0,12150,7000.0,Rural,19.00486666666667,-97.0326,19.00486666666667,-97.0326,1.2,9
170372,2024-10-29,13000,Masculino,0,94160,94160,13000,1850,692,Cordoba,0.0,0,11150,13000.0,Rural,19.00486666666667,-97.0326,19.00486666666667,-97.0326,8.3,10
104959,2023-10-02,6000,Femenino,0,94466,94477,8000,6000,494,Cordoba,1.063784247,0,2000,8000.0,Urbano,18.951633333333334,-97.01476666666667,18.9219375,-96.9836875,1.9,10
131986,2024-04-09,8500,Femenino,0,94480,94480,12000,3600,0,Cordoba,1.309271374,1,8400,12000.0,Unknown,18.953016666666667,-96.94738333333332,18.953016666666667,-96.94738333333332,0.0,4
138096,2024-05-15,10000,Masculino,0,94553,94533,15000,3500,587,Cordoba,1.063798027,1,11500,15000.0,Rural,18.9428,-96.98486666666668,18.91946,-96.95784,4.0,5
128514,2024-03-18,5000,Femenino,2,94160,94160,6200,3000,459,Cordoba,0.895830485,0,3200,2066.6666666666665,Rural,19.00486666666667,-97.0326,19.00486666666667,-97.0326,1.5,3
131438,2024-04-05,5000,Femenino,2,94466,94466,6000,3000,640,Cordoba,1.134702259,0,3000,2000.0,Urbano,18.951633333333334,-97.01476666666667,18.951633333333334,-97.01476666666667,6.1,4
131587,2024-04-05,13500,Femenino,5,94466,94466,16000,5000,620,Cordoba,1.642032333,0,11000,2666.6666666666665,Urbano,18.951633333333334,-97.01476666666667,18.951633333333334,-97.01476666666667,5.3,4
138638,2024-05-17,5000,Femenino,0,94477,94466,6000,3000,663,Cordoba,1.063798027,0,3000,6000.0,Rural,18.9219375,-96.9836875,18.951633333333334,-97.01476666666667,6.1,5
145957,2024-07-02,5500,Femenino,0,94466,94466,10000,3000,715,Cordoba,1.001208703,0,7000,10000.0,Urbano,18.951633333333334,-97.01476666666667,18.951633333333334,-97.01476666666667,8.3,7
158573,2024-08-28,15000,Femenino,1,94470,94477,10000,3100,570,Cordoba,0.0,0,6900,5000.0,Semiurbano,18.9111,-96.9937,18.9219375,-96.9836875,3.2,8
88578,2023-06-13,5000,Femenino,2,94467,94467,12500,4200,510,Cordoba,1.001202233,1,8300,4166.666666666667,Rural,18.9372,-97.0183,18.9372,-97.0183,2.1,6
92139,2023-07-10,12000,Femenino,2,94466,94477,12000,3000,461,Cordoba,1.063798027,1,9000,4000.0,Urbano,18.951633333333334,-97.01476666666667,18.9219375,-96.9836875,1.5,7
129520,2024-03-26,5500,Masculino,1,94487,94488,20000,6000,458,Cordoba,1.063784247,1,14000,10000.0,Rural,18.8382,-96.9547,18.9061,-96.96875,1.5,3
135109,2024-04-29,11000,Femenino,2,94466,94466,10000,5800,522,Cordoba,1.288441569,1,4200,3333.3333333333335,Urbano,18.951633333333334,-97.01476666666667,18.951633333333334,-97.01476666666667,2.2,4
136221,2024-05-03,5500,Femenino,1,94160,94160,12000,6000,570,Cordoba,1.278592375,1,6000,6000.0,Rural,19.00486666666667,-97.0326,19.00486666666667,-97.0326,3.2,5
136726,2024-05-07,10000,Masculino,2,94480,94480,12000,1000,461,Cordoba,1.134702259,1,11000,4000.0,Unknown,18.953016666666667,-96.94738333333332,18.953016666666667,-96.94738333333332,1.5,5
137367,2024-05-13,5000,Femenino,0,94100,94220,10000,3000,474,Cordoba,1.001207875,1,7000,10000.0,Urbano,19.3977,-96.9904,19.07096,-96.78062,1.6,5
138660,2024-05-22,15500,Masculino,1,94140,94140,6500,2500,480,Cordoba,1.189108688,1,4000,3250.0,Urbano,19.048354545454547,-97.09525454545457,19.048354545454547,-97.09525454545457,1.8,5
140477,2024-05-28,10000,Femenino,0,94965,94965,13500,2700,587,Cordoba,1.656774194,1,10800,13500.0,Rural,18.90464,-96.78908,18.90464,-96.78908,4.0,5
141092,2024-06-05,5500,Femenino,0,94480,94480,8000,2000,449,Cordoba,1.279549719,1,6000,8000.0,Unknown,18.953016666666667,-96.94738333333332,18.953016666666667,-96.94738333333332,1.3,6
141865,2024-06-11,10000,Femenino,1,94480,94480,20000,6000,412,Cordoba,0.845789817,1,14000,10000.0,Unknown,18.953016666666667,-96.94738333333332,18.953016666666667,-96.94738333333332,1.2,6
142425,2024-06-11,7000,Femenino,0,94488,94488,8000,2000,413,Cordoba,1.280416013,1,6000,8000.0,Rural,18.9061,-96.96875,18.9061,-96.96875,1.2,6
142815,2024-06-12,3500,Femenino,0,94466,94466,10000,850,504,Cordoba,0.945584046,1,9150,10000.0,Urbano,18.951633333333334,-97.01476666666667,18.951633333333334,-97.01476666666667,2.0,6
145516,2024-06-26,12000,Femenino,1,94100,94100,8000,1200,465,Cordoba,1.547091906,1,6800,4000.0,Urbano,19.3977,-96.9904,19.3977,-96.9904,1.5,6
155051,2024-08-12,5000,Femenino,3,94466,94466,10000,3500,589,Cordoba,0.945580163,1,6500,2500.0,Urbano,18.951633333333334,-97.01476666666667,18.951633333333334,-97.01476666666667,4.0,8
161048,2024-09-20,7000,Femenino,3,94170,94170,18000,3500,448,Cordoba,1.063783368,1,14500,4500.0,Urbano,19.0174,-96.9976,19.0174,-96.9976,1.3,9
165933,2024-10-08,5000,Masculino,2,94140,94140,6500,2500,506,Cordoba,0.73772791,1,4000,2166.6666666666665,Urbano,19.048354545454547,-97.09525454545457,19.048354545454547,-97.09525454545457,2.0,10
168614,2024-10-22,4000,Femenino,1,94100,94100,7000,3000,601,Cordoba,1.483606557,1,4000,3500.0,Urbano,19.3977,-96.9904,19.3977,-96.9904,4.6,10
169621,2024-10-23,8000,Femenino,2,94953,94940,12000,3900,426,Cordoba,0.60787621,1,8100,4000.0,Rural,18.85606,-96.89202,18.83765,-96.90025,1.2,10
96928,2023-08-09,10000,Masculino,0,94160,94170,5700,0,517,Cordoba,0.945598246,1,5700,5700.0,Rural,19.00486666666667,-97.0326,19.0174,-96.9976,2.1,8
129831,2024-03-26,10000,Femenino,0,94160,94160,16000,7500,514,Cordoba,1.626926407,1,8500,16000.0,Rural,19.00486666666667,-97.0326,19.00486666666667,-97.0326,2.1,3
131921,2024-04-10,5000,Femenino,0,94160,94160,12000,4000,545,Cordoba,1.063783368,1,8000,12000.0,Rural,19.00486666666667,-97.0326,19.00486666666667,-97.0326,2.75,4
132323,2024-04-10,10000,Femenino,2,94160,94160,10000,2000,620,Cordoba,1.063783368,1,8000,3333.3333333333335,Rural,19.00486666666667,-97.0326,19.00486666666667,-97.0326,5.3,4
135052,2024-05-01,10000,Femenino,0,94160,94160,12000,8000,436,Cordoba,1.643292683,1,4000,12000.0,Rural,19.00486666666667,-97.0326,19.00486666666667,-97.0326,1.3,5
144008,2024-06-19,8000,Masculino,0,94160,94160,9000,2500,0,Cordoba,0.0,1,6500,9000.0,Rural,19.00486666666667,-97.0326,19.00486666666667,-97.0326,0.0,6
149984,2024-07-17,15000,Masculino,1,94160,94160,18000,10000,483,Cordoba,0.895829917,1,8000,9000.0,Rural,19.00486666666667,-97.0326,19.00486666666667,-97.0326,1.8,7
161354,2024-09-11,4000,Femenino,2,94160,94160,12000,2700,461,Cordoba,0.895719775,1,9300,4000.0,Rural,19.00486666666667,-97.0326,19.00486666666667,-97.0326,1.5,9
116268,2023-12-26,10000,Masculino,0,94580,94480,25000,4000,607,Cordoba,1.134697357,0,21000,25000.0,Urbano,18.8944,-96.9398,18.953016666666667,-96.94738333333332,4.6,12
124233,2024-02-21,7000,Femenino,0,94650,94575,25000,2500,418,Cordoba,0.607873211,0,22500,25000.0,Urbano,18.88786,-96.94446,18.8947,-96.95188333333331,1.2,2
135026,2024-04-29,13000,Femenino,1,94600,94480,25000,5000,465,Cordoba,1.393374252,0,20000,12500.0,Urbano,18.8994,-96.9279,18.953016666666667,-96.94738333333332,1.5,4
140556,2024-05-31,11000,Femenino,1,94580,94542,15000,3000,413,Cordoba,1.063778119,0,12000,7500.0,Urbano,18.8944,-96.9398,18.88776,-96.96706,1.2,5
141274,2024-06-04,6000,Femenino,1,94620,94480,12000,3000,593,Cordoba,1.281789639,0,9000,6000.0,Urbano,18.90555,-96.93595,18.953016666666667,-96.94738333333332,4.0,6
142070,2024-06-07,10000,Femenino,1,94487,94487,8000,3000,404,Cordoba,1.063778772,0,5000,4000.0,Rural,18.8382,-96.9547,18.8382,-96.9547,0.9,6
135754,2024-05-01,8000,Femenino,2,94466,94466,5000,2500,488,Cordoba,1.288377316,0,2500,1666.6666666666667,Urbano,18.951633333333334,-97.01476666666667,18.951633333333334,-97.01476666666667,1.8,5
83912,2023-05-08,5000,Femenino,2,94680,94480,17500,4500,475,Cordoba,0.810497282,0,13000,5833.333333333333,Urbano,18.90075,-96.9293,18.953016666666667,-96.94738333333332,1.6,5
116652,2023-12-26,3500,Femenino,0,94480,94533,6500,2000,514,Cordoba,1.001208703,0,4500,6500.0,Unknown,18.953016666666667,-96.94738333333332,18.91946,-96.95784,2.1,12
84911,2023-05-17,3000,Masculino,0,94466,94480,11000,0,517,Cordoba,0.851022147,0,11000,11000.0,Urbano,18.951633333333334,-97.01476666666667,18.953016666666667,-96.94738333333332,2.1,5
117443,2024-01-19,5000,Femenino,0,94170,94170,18400,7000,536,Cordoba,0.65463242,0,11400,18400.0,Urbano,19.0174,-96.9976,19.0174,-96.9976,2.6,1
126741,2024-03-05,10000,Femenino,1,94170,94170,9000,3000,580,Cordoba,1.702053388,0,6000,4500.0,Urbano,19.0174,-96.9976,19.0174,-96.9976,3.5,3
129536,2024-03-27,17000,Femenino,1,94540,94170,20000,8000,451,Cordoba,1.278485659,0,12000,10000.0,Urbano,18.9147,-96.95175,19.0174,-96.9976,1.3,3
71738,2023-02-08,10000,Femenino,0,94480,94480,10000,0,492,Cordoba,1.202868104,1,10000,10000.0,Unknown,18.953016666666667,-96.94738333333332,18.953016666666667,-96.94738333333332,1.9,2
84218,2023-05-12,3000,Masculino,2,94170,94170,8000,2500,483,Cordoba,0.810497282,0,5500,2666.6666666666665,Urbano,19.0174,-96.9976,19.0174,-96.9976,1.8,5
133873,2024-04-24,3000,Masculino,2,94170,94170,8000,2500,600,Cordoba,0.740023212,1,5500,2666.6666666666665,Urbano,19.0174,-96.9976,19.0174,-96.9976,4.6,4
136077,2024-05-06,7000,Masculino,2,94170,94170,9000,2500,720,Cordoba,1.063784247,0,6500,3000.0,Urbano,19.0174,-96.9976,19.0174,-96.9976,8.3,5
136755,2024-05-08,9000,Femenino,1,94170,94170,8000,2500,590,Cordoba,1.215745924,0,5500,4000.0,Urbano,19.0174,-96.9976,19.0174,-96.9976,4.0,5
142234,2024-06-11,5000,Masculino,2,94170,94170,8000,2500,463,Cordoba,0.987631976,0,5500,2666.6666666666665,Urbano,19.0174,-96.9976,19.0174,-96.9976,1.5,6
129852,2024-03-26,7000,Femenino,1,94934,94939,12000,4000,653,Cordoba,1.134696195,0,8000,6000.0,Rural,18.8117,-96.7917,18.8152,-96.7717,6.1,3
129903,2024-03-26,10000,Femenino,1,94940,94940,17000,2500,545,Cordoba,0.94558055,1,14500,8500.0,Rural,18.83765,-96.90025,18.83765,-96.90025,2.75,3
136060,2024-05-03,7000,Femenino,1,94939,94939,8500,3500,506,Cordoba,1.134702259,1,5000,4250.0,Rural,18.8152,-96.7717,18.8152,-96.7717,2.0,5
129704,2024-03-26,17000,Femenino,0,94516,94480,12000,700,418,Cordoba,1.2784739,0,11300,12000.0,Urbano,18.9086,-96.9304,18.953016666666667,-96.94738333333332,1.2,3
138751,2024-05-21,16000,Femenino,1,94550,94480,12000,1000,487,Cordoba,1.384843856,0,11000,6000.0,Urbano,18.8908,-97.0249,18.953016666666667,-96.94738333333332,1.8,5
139694,2024-05-24,3000,Femenino,0,94500,94480,11000,3500,482,Cordoba,1.063782051,0,7500,11000.0,Urbano,18.8986,-96.9623,18.953016666666667,-96.94738333333332,1.8,5
161758,2024-09-14,17000,Masculino,0,94473,94480,17000,8000,425,Cordoba,0.0,0,9000,17000.0,Semiurbano,18.89825,-96.9901,18.953016666666667,-96.94738333333332,1.2,9
69202,2023-01-21,7000,Masculino,0,94140,94140,14000,7000,420,Cordoba,1.063777372,1,7000,14000.0,Urbano,19.048354545454547,-97.09525454545457,19.048354545454547,-97.09525454545457,1.2,1
128523,2024-03-18,5000,Masculino,0,94140,94140,8000,2000,432,Cordoba,1.063909774,0,6000,8000.0,Urbano,19.048354545454547,-97.09525454545457,19.048354545454547,-97.09525454545457,1.2,3
129569,2024-03-26,3000,Masculino,1,94140,94140,6000,2000,405,Cordoba,1.124024641,0,4000,3000.0,Urbano,19.048354545454547,-97.09525454545457,19.048354545454547,-97.09525454545457,0.9,3
129572,2024-03-27,15000,Femenino,1,94180,94180,8000,2000,595,Cordoba,1.504047777,0,6000,4000.0,Rural,19.04941666666667,-96.95793333333334,19.04941666666667,-96.95793333333334,4.0,3
129578,2024-03-26,7000,Femenino,0,94140,94140,8000,2000,630,Cordoba,1.280302235,0,6000,8000.0,Urbano,19.048354545454547,-97.09525454545457,19.048354545454547,-97.09525454545457,5.3,3
130487,2024-03-29,15000,Femenino,1,94140,94140,8500,5000,435,Cordoba,1.063798701,0,3500,4250.0,Urbano,19.048354545454547,-97.09525454545457,19.048354545454547,-97.09525454545457,1.3,3
130716,2024-04-01,10000,Femenino,0,94140,94140,7500,2000,518,Cordoba,1.791207638,0,5500,7500.0,Urbano,19.048354545454547,-97.09525454545457,19.048354545454547,-97.09525454545457,2.1,4
130919,2024-04-02,15000,Femenino,1,94180,94140,8000,2000,452,Cordoba,1.286226866,0,6000,4000.0,Rural,19.04941666666667,-96.95793333333334,19.048354545454547,-97.09525454545457,1.5,4
131507,2024-04-09,15000,Femenino,1,94180,94180,7500,9000,493,Cordoba,1.282999455,0,-1500,3750.0,Rural,19.04941666666667,-96.95793333333334,19.04941666666667,-96.95793333333334,1.9,4
149783,2024-07-17,10000,Femenino,1,94140,94140,8000,2000,411,Cordoba,0.709185412,1,6000,4000.0,Urbano,19.048354545454547,-97.09525454545457,19.048354545454547,-97.09525454545457,1.2,7
67811,2023-01-11,5000,Femenino,1,94140,94140,8000,4000,662,Cordoba,1.134702259,0,4000,4000.0,Urbano,19.048354545454547,-97.09525454545457,19.048354545454547,-97.09525454545457,6.1,1
131764,2024-04-09,5500,Femenino,1,94140,94180,12000,3500,455,Cordoba,1.384904372,0,8500,6000.0,Urbano,19.048354545454547,-97.09525454545457,19.04941666666667,-96.95793333333334,1.5,4
131796,2024-04-09,17000,Femenino,1,94140,94140,8000,4000,506,Cordoba,1.499501959,1,4000,4000.0,Urbano,19.048354545454547,-97.09525454545457,19.048354545454547,-97.09525454545457,2.0,4
133215,2024-04-17,3000,Masculino,1,94140,94140,10000,2000,544,Cordoba,1.063784247,0,8000,5000.0,Urbano,19.048354545454547,-97.09525454545457,19.048354545454547,-97.09525454545457,2.75,4
134041,2024-04-24,5000,Femenino,1,94180,94160,12000,2000,498,Cordoba,1.509240246,1,10000,6000.0,Rural,19.04941666666667,-96.95793333333334,19.00486666666667,-97.0326,1.9,4
135452,2024-04-30,17000,Femenino,1,94140,94140,35000,5000,632,Cordoba,1.063778119,0,30000,17500.0,Urbano,19.048354545454547,-97.09525454545457,19.048354545454547,-97.09525454545457,5.3,4
136186,2024-05-06,16000,Masculino,1,94140,94140,12000,2000,637,Cordoba,1.063778119,0,10000,6000.0,Urbano,19.048354545454547,-97.09525454545457,19.048354545454547,-97.09525454545457,6.1,5
136743,2024-05-06,17000,Femenino,2,94140,94140,20000,4500,483,Cordoba,1.492542188,0,15500,6666.666666666667,Urbano,19.048354545454547,-97.09525454545457,19.048354545454547,-97.09525454545457,1.8,5
136744,2024-05-06,17000,Femenino,1,94140,94140,22000,5000,497,Cordoba,1.666826347,0,17000,11000.0,Urbano,19.048354545454547,-97.09525454545457,19.048354545454547,-97.09525454545457,1.9,5
136752,2024-05-08,17000,Femenino,2,94140,94140,20000,4000,569,Cordoba,1.666826347,0,16000,6666.666666666667,Urbano,19.048354545454547,-97.09525454545457,19.048354545454547,-97.09525454545457,3.2,5
138600,2024-05-17,8000,Femenino,0,94140,94140,18000,2000,516,Cordoba,1.278392945,0,16000,18000.0,Urbano,19.048354545454547,-97.09525454545457,19.048354545454547,-97.09525454545457,2.1,5
139740,2024-05-27,17000,Femenino,0,94140,94140,25000,4500,431,Cordoba,1.063778119,0,20500,25000.0,Urbano,19.048354545454547,-97.09525454545457,19.048354545454547,-97.09525454545457,1.2,5
140406,2024-05-28,7000,Femenino,0,94140,94140,8000,4000,531,Cordoba,0.773656497,0,4000,8000.0,Urbano,19.048354545454547,-97.09525454545457,19.048354545454547,-97.09525454545457,2.6,5
111548,2023-11-21,3000,Femenino,0,94140,94140,3500,1200,442,Cordoba,0.945585216,1,2300,3500.0,Urbano,19.048354545454547,-97.09525454545457,19.048354545454547,-97.09525454545457,1.3,11
129380,2024-03-22,10000,Femenino,0,94140,94140,6000,7500,518,Cordoba,1.667120954,0,-1500,6000.0,Urbano,19.048354545454547,-97.09525454545457,19.048354545454547,-97.09525454545457,2.1,3
132579,2024-04-16,5000,Masculino,1,94140,94140,10000,1200,503,Cordoba,1.063778772,0,8800,5000.0,Urbano,19.048354545454547,-97.09525454545457,19.048354545454547,-97.09525454545457,2.0,4
133075,2024-04-16,10000,Femenino,0,94140,94140,6000,600,517,Cordoba,1.667120954,1,5400,6000.0,Urbano,19.048354545454547,-97.09525454545457,19.048354545454547,-97.09525454545457,2.1,4
110320,2023-11-10,15000,Femenino,1,94100,94100,14700,2100,458,Cordoba,1.001221672,0,12600,7350.0,Urbano,19.3977,-96.9904,19.3977,-96.9904,1.5,11
118331,2024-01-08,10000,Masculino,1,94100,94113,9000,1200,460,Cordoba,0.810512782,0,7800,4500.0,Urbano,19.3977,-96.9904,19.1184,-96.9667,1.5,1
127306,2024-03-08,17000,Femenino,2,94107,94100,13000,2380,489,Cordoba,0.0,0,10620,4333.333333333333,Urbano,19.2673,-96.96505,19.3977,-96.9904,1.8,3
129897,2024-03-27,13000,Femenino,1,94100,94106,17000,2100,451,Cordoba,1.041601765,0,14900,8500.0,Urbano,19.3977,-96.9904,19.2673,-96.96505,1.3,3
129911,2024-03-26,4000,Femenino,2,94108,94106,16800,1900,508,Cordoba,1.378623188,0,14900,5600.0,Semiurbano,19.2673,-96.96505,19.2673,-96.96505,2.0,3
130437,2024-04-03,5500,Femenino,1,94106,94106,8000,1850,526,Cordoba,1.001207875,0,6150,4000.0,Urbano,19.2673,-96.96505,19.2673,-96.96505,2.2,4
130481,2024-04-01,7000,Masculino,1,94106,94106,10500,1600,423,Cordoba,1.134697357,0,8900,5250.0,Urbano,19.2673,-96.96505,19.2673,-96.96505,1.2,4
79726,2023-04-07,2000,Femenino,1,94100,94100,10000,6000,647,Cordoba,1.001206637,0,4000,5000.0,Urbano,19.3977,-96.9904,19.3977,-96.9904,6.1,4
118140,2024-01-08,8000,Femenino,1,94100,94100,12000,4000,476,Cordoba,1.505343039,0,8000,6000.0,Urbano,19.3977,-96.9904,19.3977,-96.9904,1.6,1
129511,2024-03-26,15000,Femenino,0,94106,94100,20200,5000,432,Cordoba,1.13469666,0,15200,20200.0,Urbano,19.2673,-96.96505,19.3977,-96.9904,1.2,3
131113,2024-04-03,3000,Femenino,1,94100,94100,12000,4000,432,Cordoba,1.494071146,0,8000,6000.0,Urbano,19.3977,-96.9904,19.3977,-96.9904,1.2,4
132654,2024-04-15,3000,Femenino,0,94100,94100,8000,3500,661,Cordoba,1.215750916,0,4500,8000.0,Urbano,19.3977,-96.9904,19.3977,-96.9904,6.1,4
133236,2024-04-16,3000,Femenino,2,94100,94100,14000,5000,545,Cordoba,1.27855747,0,9000,4666.666666666667,Urbano,19.3977,-96.9904,19.3977,-96.9904,2.75,4
134016,2024-04-24,8000,Femenino,0,94105,94105,12000,4000,422,Cordoba,0.945581131,0,8000,12000.0,Fake,19.2673,-96.96505,19.2673,-96.96505,1.2,4
134924,2024-05-01,5000,Femenino,0,94100,94100,10000,4000,650,Cordoba,1.503729604,0,6000,10000.0,Urbano,19.3977,-96.9904,19.3977,-96.9904,6.1,5
135079,2024-05-01,9000,Masculino,1,94100,94100,15000,6000,497,Cordoba,1.378710462,0,9000,7500.0,Urbano,19.3977,-96.9904,19.3977,-96.9904,1.9,5
139135,2024-05-20,8000,Femenino,0,94100,94100,20000,5000,487,Cordoba,1.284514612,1,15000,20000.0,Urbano,19.3977,-96.9904,19.3977,-96.9904,1.8,5
139327,2024-05-22,10000,Femenino,1,94100,94100,12000,4000,429,Cordoba,2.359907834,1,8000,6000.0,Urbano,19.3977,-96.9904,19.3977,-96.9904,1.2,5
84565,2023-05-17,15000,Femenino,0,94100,94100,10000,3000,676,Cordoba,0.0,0,7000,10000.0,Urbano,19.3977,-96.9904,19.3977,-96.9904,8.3,5
99186,2023-08-23,3500,Femenino,0,94100,94100,13000,4000,519,Cordoba,0.895812786,0,9000,13000.0,Urbano,19.3977,-96.9904,19.3977,-96.9904,2.2,8
122807,2024-02-07,6000,Masculino,1,94108,94107,10000,6000,503,Cordoba,0.810497155,0,4000,5000.0,Semiurbano,19.2673,-96.96505,19.2673,-96.96505,2.0,2
131700,2024-04-08,6000,Femenino,0,94100,94100,13000,4000,568,Cordoba,0.945584881,0,9000,13000.0,Urbano,19.3977,-96.9904,19.3977,-96.9904,3.2,4
132584,2024-04-12,10000,Femenino,1,94100,94100,14000,5000,592,Cordoba,1.134717895,0,9000,7000.0,Urbano,19.3977,-96.9904,19.3977,-96.9904,4.0,4
133326,2024-04-17,4000,Femenino,1,94106,94140,15000,8000,579,Cordoba,0.709185681,0,7000,7500.0,Urbano,19.2673,-96.96505,19.048354545454547,-97.09525454545457,3.5,4
133777,2024-04-22,7000,Femenino,1,94100,94100,10000,3500,436,Cordoba,1.107649706,0,6500,5000.0,Urbano,19.3977,-96.9904,19.3977,-96.9904,1.3,4
137149,2024-05-08,15000,Femenino,0,94100,94100,12000,3000,664,Cordoba,2.367935969,0,9000,12000.0,Urbano,19.3977,-96.9904,19.3977,-96.9904,6.1,5
144916,2024-06-24,5000,Femenino,1,94108,94100,12000,5000,502,Cordoba,0.607873584,0,7000,6000.0,Semiurbano,19.2673,-96.96505,19.3977,-96.9904,2.0,6
163459,2024-09-25,3000,Femenino,0,94100,94100,12000,0,456,Cordoba,0.654635108,0,12000,12000.0,Urbano,19.3977,-96.9904,19.3977,-96.9904,1.5,9
129506,2024-03-26,12000,Masculino,1,94180,94180,12000,5000,477,Cordoba,1.388961039,0,7000,6000.0,Rural,19.04941666666667,-96.95793333333334,19.04941666666667,-96.95793333333334,1.6,3
129893,2024-03-26,7000,Femenino,0,94180,94180,12000,3500,600,Cordoba,1.063778119,0,8500,12000.0,Rural,19.04941666666667,-96.95793333333334,19.04941666666667,-96.95793333333334,4.6,3
130268,2024-04-01,17000,Femenino,3,94180,94180,15000,3800,482,Cordoba,1.063778119,0,11200,3750.0,Rural,19.04941666666667,-96.95793333333334,19.04941666666667,-96.95793333333334,1.8,4
130342,2024-04-01,13000,Femenino,0,94170,94180,12000,5000,629,Cordoba,1.063777372,0,7000,12000.0,Urbano,19.0174,-96.9976,19.04941666666667,-96.95793333333334,5.3,4
133767,2024-04-19,17000,Femenino,2,94180,94180,12000,5000,529,Cordoba,1.134718458,0,7000,4000.0,Rural,19.04941666666667,-96.95793333333334,19.04941666666667,-96.95793333333334,2.6,4
134364,2024-04-24,11000,Femenino,2,94180,94180,12000,7000,456,Cordoba,1.063783368,0,5000,4000.0,Rural,19.04941666666667,-96.95793333333334,19.04941666666667,-96.95793333333334,1.5,4
134566,2024-04-24,14000,Femenino,1,94180,94180,12000,5000,474,Cordoba,1.388961039,0,7000,6000.0,Rural,19.04941666666667,-96.95793333333334,19.04941666666667,-96.95793333333334,1.6,4
135092,2024-04-29,15000,Masculino,1,94180,94180,12000,5000,453,Cordoba,1.13469666,0,7000,6000.0,Rural,19.04941666666667,-96.95793333333334,19.04941666666667,-96.95793333333334,1.5,4
136859,2024-05-08,3000,Femenino,1,94180,94180,12000,5000,596,Cordoba,1.063782051,0,7000,6000.0,Rural,19.04941666666667,-96.95793333333334,19.04941666666667,-96.95793333333334,4.0,5
137433,2024-05-15,15000,Femenino,2,94180,94180,12000,4000,421,Cordoba,1.309266181,0,8000,4000.0,Rural,19.04941666666667,-96.95793333333334,19.04941666666667,-96.95793333333334,1.2,5
138592,2024-05-17,10000,Masculino,1,94180,94180,10500,7000,523,Cordoba,1.376488095,0,3500,5250.0,Rural,19.04941666666667,-96.95793333333334,19.04941666666667,-96.95793333333334,2.2,5
138714,2024-05-17,13000,Femenino,0,94180,94180,12000,3500,664,Cordoba,2.07860262,0,8500,12000.0,Rural,19.04941666666667,-96.95793333333334,19.04941666666667,-96.95793333333334,6.1,5
140127,2024-05-28,10000,Masculino,1,94180,94180,12000,5000,567,Cordoba,1.134717895,0,7000,6000.0,Rural,19.04941666666667,-96.95793333333334,19.04941666666667,-96.95793333333334,3.2,5
140899,2024-06-03,14000,Masculino,0,94180,94180,10000,3500,704,Cordoba,1.063798395,0,6500,10000.0,Rural,19.04941666666667,-96.95793333333334,19.04941666666667,-96.95793333333334,8.3,6
141016,2024-06-03,17000,Femenino,1,94180,94180,12000,7500,431,Cordoba,1.134530938,0,4500,6000.0,Rural,19.04941666666667,-96.95793333333334,19.04941666666667,-96.95793333333334,1.2,6
142133,2024-06-11,3000,Masculino,1,94180,94180,13000,7000,420,Cordoba,1.063782051,0,6000,6500.0,Rural,19.04941666666667,-96.95793333333334,19.04941666666667,-96.95793333333334,1.2,6
142175,2024-06-12,15000,Femenino,1,94180,94170,12000,5000,622,Cordoba,1.063799234,0,7000,6000.0,Rural,19.04941666666667,-96.95793333333334,19.0174,-96.9976,5.3,6
142241,2024-06-12,17000,Femenino,2,94180,94170,10000,5000,471,Cordoba,1.063682678,0,5000,3333.3333333333335,Rural,19.04941666666667,-96.95793333333334,19.0174,-96.9976,1.6,6
128491,2024-03-18,5000,Masculino,0,94180,94180,8600,4000,502,Cordoba,1.001208703,0,4600,8600.0,Rural,19.04941666666667,-96.95793333333334,19.04941666666667,-96.95793333333334,2.0,3
137980,2024-05-14,7500,Femenino,2,94180,94180,10800,5500,463,Cordoba,1.505693485,0,5300,3600.0,Rural,19.04941666666667,-96.95793333333334,19.04941666666667,-96.95793333333334,1.5,5
130536,2024-04-03,7000,Masculino,0,94100,94100,7000,5000,504,Cordoba,1.520067202,0,2000,7000.0,Urbano,19.3977,-96.9904,19.3977,-96.9904,2.0,4
130542,2024-03-29,6000,Femenino,0,94106,94100,16000,2000,423,Cordoba,1.668205128,0,14000,16000.0,Urbano,19.2673,-96.96505,19.3977,-96.9904,1.2,3
135973,2024-05-01,4000,Femenino,0,94100,94100,19000,1800,0,Cordoba,1.199119374,0,17200,19000.0,Urbano,19.3977,-96.9904,19.3977,-96.9904,0.0,5
129914,2024-03-26,11500,Masculino,1,94100,94100,8000,1300,397,Cordoba,1.846780766,0,6700,4000.0,Urbano,19.3977,-96.9904,19.3977,-96.9904,0.9,3
130141,2024-03-27,17000,Femenino,1,94100,94100,8000,1300,471,Cordoba,2.753541076,0,6700,4000.0,Urbano,19.3977,-96.9904,19.3977,-96.9904,1.6,3
141899,2024-06-05,17000,Femenino,1,94100,94100,8000,1300,471,Cordoba,1.701796407,1,6700,4000.0,Urbano,19.3977,-96.9904,19.3977,-96.9904,1.6,6
113606,2023-12-04,3000,Femenino,0,94950,94940,7000,700,449,Cordoba,0.810502283,0,6300,7000.0,Urbano,18.84745,-96.9106,18.83765,-96.90025,1.3,12
114553,2023-12-11,15000,Femenino,0,94952,94952,12000,1000,506,Cordoba,1.533487298,0,11000,12000.0,Unknown,18.8434,-96.887,18.8434,-96.887,2.0,12
135031,2024-05-01,7000,Femenino,1,94940,94940,10000,1000,431,Cordoba,1.063777881,0,9000,5000.0,Rural,18.83765,-96.90025,18.83765,-96.90025,1.2,5
138724,2024-05-17,5000,Femenino,1,94940,94940,10000,1000,461,Cordoba,1.493902439,0,9000,5000.0,Rural,18.83765,-96.90025,18.83765,-96.90025,1.5,5
147742,2024-07-09,5000,Femenino,1,94940,94940,8000,1000,652,Cordoba,0.0,0,7000,4000.0,Rural,18.83765,-96.90025,18.83765,-96.90025,6.1,7
136724,2024-05-07,5500,Femenino,0,94480,94480,10000,4000,430,Cordoba,1.196831916,0,6000,10000.0,Unknown,18.953016666666667,-96.94738333333332,18.953016666666667,-96.94738333333332,1.2,5
69309,2023-01-23,6000,Femenino,3,94106,94100,7200,4000,552,Cordoba,1.001207875,1,3200,1800.0,Urbano,19.2673,-96.96505,19.3977,-96.9904,2.9,1
104008,2023-09-25,7000,Masculino,0,94100,94106,10000,2000,452,Cordoba,0.607873584,1,8000,10000.0,Urbano,19.3977,-96.9904,19.2673,-96.96505,1.5,9
131435,2024-04-05,17000,Femenino,2,94106,94100,10000,3000,480,Cordoba,1.371581862,0,7000,3333.3333333333335,Urbano,19.2673,-96.96505,19.3977,-96.9904,1.8,4
134960,2024-05-01,5000,Femenino,1,94100,94100,11000,3000,537,Cordoba,1.063782051,0,8000,5500.0,Urbano,19.3977,-96.9904,19.3977,-96.9904,2.6,5
135101,2024-05-01,11000,Femenino,3,94106,94106,8000,4000,417,Cordoba,1.194282061,0,4000,2000.0,Urbano,19.2673,-96.96505,19.2673,-96.96505,1.2,5
151365,2024-07-26,6000,Masculino,0,94106,94106,10000,5000,677,Cordoba,1.001206637,0,5000,10000.0,Urbano,19.2673,-96.96505,19.2673,-96.96505,8.3,7
101389,2023-09-08,5000,Masculino,1,94100,94100,18000,5000,614,Cordoba,0.740019561,0,13000,9000.0,Urbano,19.3977,-96.9904,19.3977,-96.9904,4.6,9
132698,2024-04-16,17000,Femenino,0,94106,94100,18000,9000,547,Cordoba,1.13469666,0,9000,18000.0,Urbano,19.2673,-96.96505,19.3977,-96.9904,2.75,4
134202,2024-04-24,17000,Masculino,0,94108,94100,8000,8000,596,Cordoba,1.846567587,0,0,8000.0,Semiurbano,19.2673,-96.96505,19.3977,-96.9904,4.0,4
76545,2023-03-14,4000,Femenino,1,94108,94108,33600,6000,520,Cordoba,1.702051282,0,27600,16800.0,Semiurbano,19.2673,-96.96505,19.2673,-96.96505,2.2,3
115861,2023-12-19,5000,Femenino,0,94100,94100,10680,3500,496,Cordoba,1.001202233,0,7180,10680.0,Urbano,19.3977,-96.9904,19.3977,-96.9904,1.9,12
118078,2024-01-08,4000,Femenino,1,94100,94100,8000,5600,418,Cordoba,0.680818414,0,2400,4000.0,Urbano,19.3977,-96.9904,19.3977,-96.9904,1.2,1
129394,2024-03-22,8000,Femenino,2,94100,94100,10000,6000,664,Cordoba,1.134697089,0,4000,3333.3333333333335,Urbano,19.3977,-96.9904,19.3977,-96.9904,6.1,3
129567,2024-03-26,15000,Femenino,1,94106,94100,5000,4000,634,Cordoba,1.547342585,0,1000,2500.0,Urbano,19.2673,-96.96505,19.3977,-96.9904,5.3,3
135207,2024-04-29,6000,Femenino,2,94100,94100,8000,4300,462,Cordoba,1.885304659,0,3700,2666.6666666666665,Urbano,19.3977,-96.9904,19.3977,-96.9904,1.5,4
136898,2024-05-08,17000,Femenino,2,94106,94100,10000,8000,587,Cordoba,1.701832994,0,2000,3333.3333333333335,Urbano,19.2673,-96.96505,19.3977,-96.9904,4.0,5
137099,2024-05-08,3000,Masculino,0,94100,94100,6000,0,509,Cordoba,1.309272919,0,6000,6000.0,Urbano,19.3977,-96.9904,19.3977,-96.9904,2.0,5
138333,2024-05-15,10000,Femenino,1,94108,94100,16000,8000,518,Cordoba,1.063783368,0,8000,8000.0,Semiurbano,19.2673,-96.96505,19.3977,-96.9904,2.1,5
138619,2024-05-17,17000,Femenino,1,94106,94100,10000,8000,476,Cordoba,1.701796407,1,2000,5000.0,Urbano,19.2673,-96.96505,19.3977,-96.9904,1.6,5
139876,2024-05-28,17000,Femenino,2,94100,94100,10000,6000,652,Cordoba,1.891012031,1,4000,3333.3333333333335,Urbano,19.3977,-96.9904,19.3977,-96.9904,6.1,5
145481,2024-06-25,5000,Femenino,1,94106,94100,8500,4800,602,Cordoba,0.945580163,1,3700,4250.0,Urbano,19.2673,-96.96505,19.3977,-96.9904,4.6,6
130598,2024-04-01,15000,Femenino,1,94106,94100,15000,5000,433,Cordoba,0.709198685,0,10000,7500.0,Urbano,19.2673,-96.96505,19.3977,-96.9904,1.2,4
136218,2024-05-03,15000,Masculino,3,94106,94106,44000,5500,550,Cordoba,1.418370825,0,38500,11000.0,Urbano,19.2673,-96.96505,19.2673,-96.96505,2.9,5
141023,2024-06-03,17000,Masculino,2,94106,94108,12000,6000,441,Cordoba,1.641694915,0,6000,4000.0,Urbano,19.2673,-96.96505,19.2673,-96.96505,1.3,6
161194,2024-09-10,6000,Femenino,0,94106,94100,16000,5000,461,Cordoba,1.206319703,0,11000,16000.0,Urbano,19.2673,-96.96505,19.3977,-96.9904,1.5,9
125302,2024-02-23,5000,Femenino,0,94180,94180,6500,4500,498,Cordoba,1.156350836,0,2000,6500.0,Rural,19.04941666666667,-96.95793333333334,19.04941666666667,-96.95793333333334,1.9,2
139320,2024-05-21,4500,Femenino,1,94140,94140,8000,1500,390,Cordoba,1.134696406,0,6500,4000.0,Urbano,19.048354545454547,-97.09525454545457,19.048354545454547,-97.09525454545457,0.9,5
113261,2023-12-01,9000,Femenino,0,94106,94100,12000,2800,456,Cordoba,1.063783368,0,9200,12000.0,Urbano,19.2673,-96.96505,19.3977,-96.9904,1.5,12
114547,2023-12-11,5000,Femenino,3,94100,94100,14000,3000,433,Cordoba,0.60787621,0,11000,3500.0,Urbano,19.3977,-96.9904,19.3977,-96.9904,1.2,12
129554,2024-03-26,17000,Masculino,1,94107,94100,13000,4500,518,Cordoba,1.063778119,0,8500,6500.0,Urbano,19.2673,-96.96505,19.3977,-96.9904,2.1,3
131457,2024-04-09,8000,Femenino,2,94106,94106,10200,3500,432,Cordoba,1.702052786,1,6700,3400.0,Urbano,19.2673,-96.96505,19.2673,-96.96505,1.2,4
127331,2024-03-13,3000,Femenino,2,94953,94953,8000,2500,486,Cordoba,0.895818313,1,5500,2666.6666666666665,Rural,18.85606,-96.89202,18.85606,-96.89202,1.8,3
129747,2024-03-27,9500,Femenino,3,94993,94953,10500,2000,468,Cordoba,1.134695864,0,8500,2625.0,Rural,18.8925,-96.35718181818184,18.85606,-96.89202,1.6,3
136293,2024-05-03,3500,Femenino,1,94953,94940,9500,2000,433,Cordoba,0.810500611,0,7500,4750.0,Rural,18.85606,-96.89202,18.83765,-96.90025,1.2,5
136645,2024-05-06,15000,Femenino,1,94993,94930,15000,2000,457,Cordoba,2.071990741,0,13000,7500.0,Rural,18.8925,-96.35718181818184,18.834875,-96.81465,1.5,5
145625,2024-06-26,5000,Femenino,1,94940,94940,9500,1500,463,Cordoba,0.851026694,1,8000,4750.0,Rural,18.83765,-96.90025,18.83765,-96.90025,1.5,6
164573,2024-09-30,6000,Masculino,1,94953,94940,11500,2000,524,Cordoba,1.063783368,1,9500,5750.0,Rural,18.85606,-96.89202,18.83765,-96.90025,2.2,9
131985,2024-04-09,10500,Femenino,1,94953,94940,10000,5000,499,Cordoba,1.667902813,1,5000,5000.0,Rural,18.85606,-96.89202,18.83765,-96.90025,1.9,4
139343,2024-05-21,17000,Femenino,0,94953,94953,10000,5000,476,Cordoba,1.063798555,0,5000,10000.0,Rural,18.85606,-96.89202,18.85606,-96.89202,1.6,5
139958,2024-05-28,7000,Femenino,0,94953,94940,10000,5000,412,Cordoba,1.662195122,1,5000,10000.0,Rural,18.85606,-96.89202,18.83765,-96.90025,1.2,5
139967,2024-05-28,6000,Femenino,1,94953,94953,10000,2000,550,Cordoba,1.063777683,0,8000,5000.0,Rural,18.85606,-96.89202,18.85606,-96.89202,2.9,5
133749,2024-04-19,12500,Femenino,1,94463,94463,13500,6000,638,Cordoba,1.134717895,0,7500,6750.0,Urbano,18.8746,-97.03741111111113,18.8746,-97.03741111111113,6.1,4
135694,2024-05-03,4000,Femenino,1,94472,94472,11500,4800,564,Cordoba,1.063784247,0,6700,5750.0,Urbano,18.909245454545456,-96.9918818181818,18.909245454545456,-96.9918818181818,3.2,5
140944,2024-05-31,8000,Femenino,0,94466,94466,10000,4000,498,Cordoba,1.503647944,0,6000,10000.0,Urbano,18.951633333333334,-97.01476666666667,18.951633333333334,-97.01476666666667,1.9,5
131797,2024-04-08,6000,Femenino,2,94466,94435,16600,5000,491,Cordoba,1.378336173,0,11600,5533.333333333333,Urbano,18.951633333333334,-97.01476666666667,18.8899,-97.1666,1.9,4
135154,2024-05-01,10000,Femenino,0,94100,94108,8000,5000,491,Cordoba,1.063778772,0,3000,8000.0,Urbano,19.3977,-96.9904,19.2673,-96.96505,1.9,5
135155,2024-05-01,5000,Femenino,0,94100,94106,10000,7000,426,Cordoba,0.680830737,1,3000,10000.0,Urbano,19.3977,-96.9904,19.2673,-96.96505,1.2,5
141628,2024-06-05,3500,Femenino,0,94106,94100,10000,8000,577,Cordoba,1.134700855,0,2000,10000.0,Urbano,19.2673,-96.96505,19.3977,-96.9904,3.5,6
131905,2024-04-09,8000,Masculino,0,94140,94140,13000,2000,438,Cordoba,1.286842521,0,11000,13000.0,Urbano,19.048354545454547,-97.09525454545457,19.048354545454547,-97.09525454545457,1.3,4
132429,2024-04-12,10000,Femenino,2,94140,94140,3000,1300,464,Cordoba,1.278536624,0,1700,1000.0,Urbano,19.048354545454547,-97.09525454545457,19.048354545454547,-97.09525454545457,1.5,4
135149,2024-04-30,15000,Femenino,1,94140,94140,3000,1600,591,Cordoba,1.197893488,0,1400,1500.0,Urbano,19.048354545454547,-97.09525454545457,19.048354545454547,-97.09525454545457,4.0,4
140780,2024-06-04,3000,Femenino,0,94140,94140,3000,1600,483,Cordoba,1.063783368,0,1400,3000.0,Urbano,19.048354545454547,-97.09525454545457,19.048354545454547,-97.09525454545457,1.8,6
141149,2024-06-04,13000,Femenino,2,94140,94140,6000,1200,433,Cordoba,1.215594996,0,4800,2000.0,Urbano,19.048354545454547,-97.09525454545457,19.048354545454547,-97.09525454545457,1.2,6
142017,2024-06-12,10000,Femenino,1,94140,94140,6000,1600,362,Cordoba,1.001221672,0,4400,3000.0,Urbano,19.048354545454547,-97.09525454545457,19.048354545454547,-97.09525454545457,0.9,6
86972,2023-06-02,4000,Femenino,1,94476,94476,9000,6000,300,Cordoba,0.0,0,3000,4500.0,Urbano,18.91435,-96.98084,18.91435,-96.98084,0.9,6
130444,2024-04-01,5500,Femenino,1,94480,94480,14600,8000,440,Cordoba,1.001202233,0,6600,7300.0,Unknown,18.953016666666667,-96.94738333333332,18.953016666666667,-96.94738333333332,1.3,4
122865,2024-02-07,7000,Femenino,1,94170,94170,4000,1500,412,Cordoba,0.810501613,0,2500,2000.0,Urbano,19.0174,-96.9976,19.0174,-96.9976,1.2,2
130053,2024-03-27,12000,Femenino,1,94170,94300,7500,4000,676,Cordoba,1.13469666,0,3500,3750.0,Urbano,19.0174,-96.9976,18.8508,-97.098,8.3,3
69974,2023-01-27,15000,Femenino,0,94476,94466,17000,0,415,Cordoba,0.0,0,17000,17000.0,Urbano,18.91435,-96.98084,18.951633333333334,-97.01476666666667,1.2,1
111611,2023-11-17,15000,Femenino,0,94106,94100,19200,6000,437,Cordoba,1.547342585,0,13200,19200.0,Urbano,19.2673,-96.96505,19.3977,-96.9904,1.3,11
130332,2024-04-01,3500,Femenino,2,94100,94108,12000,1500,443,Cordoba,2.746004566,0,10500,4000.0,Urbano,19.3977,-96.9904,19.2673,-96.96505,1.3,4
130501,2024-04-01,6500,Femenino,1,94100,94100,18000,6000,375,Cordoba,1.547321262,0,12000,9000.0,Urbano,19.3977,-96.9904,19.3977,-96.9904,0.9,4
130507,2024-04-01,16000,Femenino,2,94100,94100,16000,5000,449,Cordoba,1.309265377,0,11000,5333.333333333333,Urbano,19.3977,-96.9904,19.3977,-96.9904,1.3,4
131497,2024-04-09,5000,Masculino,2,94100,94100,17000,6500,448,Cordoba,1.063783368,0,10500,5666.666666666667,Urbano,19.3977,-96.9904,19.3977,-96.9904,1.3,4
132636,2024-04-12,9000,Femenino,3,94117,94106,18000,6000,453,Cordoba,1.13469666,0,12000,4500.0,Rural,19.1809,-96.998,19.2673,-96.96505,1.5,4
135115,2024-04-29,11500,Masculino,1,94100,94100,17000,4000,571,Cordoba,1.701832994,1,13000,8500.0,Urbano,19.3977,-96.9904,19.3977,-96.9904,3.2,4
137475,2024-05-15,6000,Femenino,1,94100,94100,16500,8000,459,Cordoba,1.542521994,0,8500,8250.0,Urbano,19.3977,-96.9904,19.3977,-96.9904,1.5,5
131151,2024-04-03,7000,Femenino,1,94106,94100,10000,3000,576,Cordoba,1.385036496,0,7000,5000.0,Urbano,19.2673,-96.96505,19.3977,-96.9904,3.5,4
132639,2024-04-12,7000,Femenino,1,94106,94100,8000,8000,474,Cordoba,1.063798027,0,0,4000.0,Urbano,19.2673,-96.96505,19.3977,-96.9904,1.6,4
139832,2024-05-29,10000,Masculino,2,94106,94100,13600,3100,438,Cordoba,1.001202233,0,10500,4533.333333333333,Urbano,19.2673,-96.96505,19.3977,-96.9904,1.3,5
141076,2024-05-31,10000,Femenino,1,94106,94106,27300,8000,427,Cordoba,1.063798027,0,19300,13650.0,Urbano,19.2673,-96.96505,19.2673,-96.96505,1.2,5
97430,2023-08-18,3000,Masculino,0,94480,94480,15500,9000,490,Cordoba,0.0,0,6500,15500.0,Unknown,18.953016666666667,-96.94738333333332,18.953016666666667,-96.94738333333332,1.9,8
135240,2024-04-29,7000,Femenino,0,94480,94480,10500,5000,433,Cordoba,1.134702259,0,5500,10500.0,Unknown,18.953016666666667,-96.94738333333332,18.953016666666667,-96.94738333333332,1.2,4
142421,2024-06-11,6000,Femenino,2,94480,94480,9000,10000,374,Cordoba,1.344748858,0,-1000,3000.0,Unknown,18.953016666666667,-96.94738333333332,18.953016666666667,-96.94738333333332,0.9,6
129923,2024-03-27,3000,Femenino,1,94100,94100,9000,2100,600,Cordoba,1.134699454,0,6900,4500.0,Urbano,19.3977,-96.9904,19.3977,-96.9904,4.6,3
136270,2024-05-03,10000,Masculino,2,94180,94180,8000,6000,0,Cordoba,1.890963969,0,2000,2666.6666666666665,Rural,19.04941666666667,-96.95793333333334,19.04941666666667,-96.95793333333334,0.0,5
141355,2024-06-03,10000,Femenino,2,94180,94180,8000,6000,454,Cordoba,1.890963969,0,2000,2666.6666666666665,Rural,19.04941666666667,-96.95793333333334,19.04941666666667,-96.95793333333334,1.5,6
129524,2024-03-26,7000,Femenino,1,94554,94480,10000,6000,438,Cordoba,1.196831916,0,4000,5000.0,Rural,18.90025,-96.9589,18.953016666666667,-96.94738333333332,1.3,3
138717,2024-05-21,10000,Masculino,1,94160,94160,10000,7500,460,Cordoba,0.680831409,1,2500,5000.0,Rural,19.00486666666667,-97.0326,19.00486666666667,-97.0326,1.5,5
141494,2024-06-04,13000,Femenino,1,94160,94160,12000,8500,539,Cordoba,1.001221672,0,3500,6000.0,Rural,19.00486666666667,-97.0326,19.00486666666667,-97.0326,2.75,6
162665,2024-09-25,4000,Masculino,1,94160,94160,0,8500,432,Cordoba,0.0,0,-8500,0.0,Rural,19.00486666666667,-97.0326,19.00486666666667,-97.0326,1.2,9
129565,2024-03-26,9500,Femenino,2,94140,94140,6500,2500,635,Cordoba,1.378710462,0,4000,2166.6666666666665,Urbano,19.048354545454547,-97.09525454545457,19.048354545454547,-97.09525454545457,6.1,3
135150,2024-04-29,9500,Femenino,1,94140,94140,6500,7000,509,Cordoba,1.378710462,0,-500,3250.0,Urbano,19.048354545454547,-97.09525454545457,19.048354545454547,-97.09525454545457,2.0,4
137667,2024-05-13,9500,Femenino,2,94140,94140,6500,2500,419,Cordoba,1.49411142,0,4000,2166.6666666666665,Urbano,19.048354545454547,-97.09525454545457,19.048354545454547,-97.09525454545457,1.2,5
138091,2024-05-14,6000,Femenino,1,94140,94140,4500,2500,484,Cordoba,1.063798027,0,2000,2250.0,Urbano,19.048354545454547,-97.09525454545457,19.048354545454547,-97.09525454545457,1.8,5
138955,2024-05-20,5500,Femenino,0,94180,94140,2500,2000,465,Cordoba,1.063784247,0,500,2500.0,Rural,19.04941666666667,-96.95793333333334,19.048354545454547,-97.09525454545457,1.5,5
140475,2024-05-28,9000,Masculino,1,94140,94140,10000,2500,624,Cordoba,1.547312541,1,7500,5000.0,Urbano,19.048354545454547,-97.09525454545457,19.048354545454547,-97.09525454545457,5.3,5
141078,2024-06-04,5500,Masculino,0,94140,94140,6500,2500,658,Cordoba,1.134417344,0,4000,6500.0,Urbano,19.048354545454547,-97.09525454545457,19.048354545454547,-97.09525454545457,6.1,6
141316,2024-06-03,16000,Femenino,1,94140,94140,10000,0,658,Cordoba,1.063778119,0,10000,5000.0,Urbano,19.048354545454547,-97.09525454545457,19.048354545454547,-97.09525454545457,6.1,6
137389,2024-05-13,8000,Femenino,0,94480,94480,18000,8000,438,Cordoba,1.515705839,0,10000,18000.0,Unknown,18.953016666666667,-96.94738333333332,18.953016666666667,-96.94738333333332,1.3,5
141461,2024-06-05,8000,Femenino,0,94680,94680,6000,1800,494,Cordoba,0.945598246,0,4200,6000.0,Urbano,18.90075,-96.9293,18.90075,-96.9293,1.9,6
82646,2023-05-01,10000,Femenino,2,94180,94180,8000,4500,0,Cordoba,0.0,0,3500,2666.6666666666665,Rural,19.04941666666667,-96.95793333333334,19.04941666666667,-96.95793333333334,0.0,5
133543,2024-04-17,7000,Femenino,1,94140,94140,13000,2000,537,Cordoba,1.134717895,0,11000,6500.0,Urbano,19.048354545454547,-97.09525454545457,19.048354545454547,-97.09525454545457,2.6,4
133811,2024-04-24,4000,Masculino,0,94140,94140,14000,7000,412,Cordoba,1.063782051,0,7000,14000.0,Urbano,19.048354545454547,-97.09525454545457,19.048354545454547,-97.09525454545457,1.2,4
133902,2024-04-24,7000,Masculino,0,94140,94140,7950,2000,486,Cordoba,0.895812524,0,5950,7950.0,Urbano,19.048354545454547,-97.09525454545457,19.048354545454547,-97.09525454545457,1.8,4
133940,2024-04-19,7000,Femenino,1,94140,94140,12000,2000,585,Cordoba,1.271232485,0,10000,6000.0,Urbano,19.048354545454547,-97.09525454545457,19.048354545454547,-97.09525454545457,4.0,4
134010,2024-04-19,10000,Femenino,1,94140,94140,13000,2500,462,Cordoba,1.494707347,1,10500,6500.0,Urbano,19.048354545454547,-97.09525454545457,19.048354545454547,-97.09525454545457,1.5,4
134236,2024-04-24,15000,Masculino,0,94130,94130,13000,2000,584,Cordoba,1.28844843,0,11000,13000.0,Rural,19.1201,-97.0937,19.1201,-97.0937,3.5,4
134505,2024-04-23,17000,Femenino,2,94130,94130,13000,5000,507,Cordoba,1.385253352,0,8000,4333.333333333333,Rural,19.1201,-97.0937,19.1201,-97.0937,2.0,4
135479,2024-04-30,10000,Femenino,1,94130,94130,13000,2000,629,Cordoba,1.134696195,0,11000,6500.0,Rural,19.1201,-97.0937,19.1201,-97.0937,5.3,4
135653,2024-05-01,8000,Femenino,0,94140,94140,3000,2000,560,Cordoba,1.288428777,0,1000,3000.0,Urbano,19.048354545454547,-97.09525454545457,19.048354545454547,-97.09525454545457,3.2,5
136944,2024-05-07,12000,Femenino,0,94140,94140,13000,2000,549,Cordoba,1.503647944,0,11000,13000.0,Urbano,19.048354545454547,-97.09525454545457,19.048354545454547,-97.09525454545457,2.9,5
137573,2024-05-14,6000,Femenino,2,94140,94140,13000,2000,575,Cordoba,1.063778119,0,11000,4333.333333333333,Urbano,19.048354545454547,-97.09525454545457,19.048354545454547,-97.09525454545457,3.5,5
140295,2024-05-27,9000,Femenino,0,94140,94140,12000,2000,677,Cordoba,1.386689291,0,10000,12000.0,Urbano,19.048354545454547,-97.09525454545457,19.048354545454547,-97.09525454545457,8.3,5
140451,2024-05-28,17000,Femenino,0,94130,94130,13000,2000,417,Cordoba,1.384843856,0,11000,13000.0,Rural,19.1201,-97.0937,19.1201,-97.0937,1.2,5
140463,2024-05-28,10000,Femenino,1,94140,94140,13000,2000,518,Cordoba,1.643292683,0,11000,6500.0,Urbano,19.048354545454547,-97.09525454545457,19.048354545454547,-97.09525454545457,2.1,5
141233,2024-06-03,10000,Femenino,1,94140,94140,10000,2000,479,Cordoba,1.063777372,0,8000,5000.0,Urbano,19.048354545454547,-97.09525454545457,19.048354545454547,-97.09525454545457,1.8,6
142247,2024-06-11,15000,Femenino,1,94130,94130,13000,2000,532,Cordoba,1.134718615,0,11000,6500.0,Rural,19.1201,-97.0937,19.1201,-97.0937,2.6,6
142430,2024-06-11,5000,Femenino,1,94140,94140,18000,2000,448,Cordoba,1.117043121,0,16000,9000.0,Urbano,19.048354545454547,-97.09525454545457,19.048354545454547,-97.09525454545457,1.3,6
98955,2023-08-23,2000,Femenino,1,94170,94170,3000,3000,425,Cordoba,0.601419303,0,0,1500.0,Urbano,19.0174,-96.9976,19.0174,-96.9976,1.2,8
131480,2024-04-09,5000,Masculino,0,94170,94170,7000,3500,447,Cordoba,1.063782051,1,3500,7000.0,Urbano,19.0174,-96.9976,19.0174,-96.9976,1.3,4
131800,2024-04-09,17000,Femenino,1,94170,94170,8000,3500,473,Cordoba,1.702045827,1,4500,4000.0,Urbano,19.0174,-96.9976,19.0174,-96.9976,1.6,4
132653,2024-04-12,10000,Femenino,0,94179,94170,8000,2000,454,Cordoba,1.215753425,0,6000,8000.0,Fake,19.0153,-96.9743,19.0174,-96.9976,1.5,4
138536,2024-05-17,5000,Femenino,0,94170,94170,9000,2500,541,Cordoba,1.063783368,0,6500,9000.0,Urbano,19.0174,-96.9976,19.0174,-96.9976,2.75,5
133791,2024-04-19,4500,Masculino,1,94106,94106,14000,4000,441,Cordoba,1.385273973,0,10000,7000.0,Urbano,19.2673,-96.96505,19.2673,-96.96505,1.3,4
134555,2024-04-23,10000,Femenino,0,94106,94100,15000,2000,464,Cordoba,1.385082936,0,13000,15000.0,Urbano,19.2673,-96.96505,19.3977,-96.9904,1.5,4
104577,2023-09-27,5000,Femenino,0,94160,94160,12000,0,445,Cordoba,0.630398831,0,12000,12000.0,Rural,19.00486666666667,-97.0326,19.00486666666667,-97.0326,1.3,9
111357,2023-11-15,5000,Femenino,0,94500,94500,18000,3000,412,Cordoba,0.810513296,0,15000,18000.0,Urbano,18.8986,-96.9623,18.8986,-96.9623,1.2,11
138910,2024-05-20,4000,Femenino,0,94480,94480,12000,3000,454,Cordoba,1.134700855,1,9000,12000.0,Unknown,18.953016666666667,-96.94738333333332,18.953016666666667,-96.94738333333332,1.5,5
138924,2024-05-22,17000,Femenino,0,94500,94500,18000,3000,427,Cordoba,1.385041865,0,15000,18000.0,Urbano,18.8986,-96.9623,18.8986,-96.9623,1.2,5
139207,2024-05-21,5000,Femenino,0,94552,94552,10000,3000,461,Cordoba,1.387117347,0,7000,10000.0,Rural,18.9387,-96.96533333333332,18.9387,-96.96533333333332,1.5,5
171890,2024-11-06,10000,Femenino,0,94480,94480,9000,3000,516,Cordoba,1.063782051,0,6000,9000.0,Unknown,18.953016666666667,-96.94738333333332,18.953016666666667,-96.94738333333332,2.1,11
83452,2023-05-08,4000,Femenino,1,94475,94475,7000,2500,433,Cordoba,1.198630137,0,4500,3500.0,Urbano,18.9047625,-97.003475,18.9047625,-97.003475,1.2,5
90556,2023-06-26,3000,Femenino,2,94475,94475,14000,5000,468,Cordoba,1.063780738,0,9000,4666.666666666667,Urbano,18.9047625,-97.003475,18.9047625,-97.003475,1.6,6
106263,2023-10-10,3000,Masculino,1,94475,94475,13000,3000,705,Cordoba,1.063783368,1,10000,6500.0,Urbano,18.9047625,-97.003475,18.9047625,-97.003475,8.3,10
118635,2024-01-08,3000,Femenino,1,94542,94542,10000,3000,476,Cordoba,1.001206637,0,7000,5000.0,Urbano,18.88776,-96.96706,18.88776,-96.96706,1.6,1
129379,2024-03-27,8000,Femenino,0,94466,94480,15000,6000,458,Cordoba,1.215745924,0,9000,15000.0,Urbano,18.951633333333334,-97.01476666666667,18.953016666666667,-96.94738333333332,1.5,3
130524,2024-04-01,3000,Masculino,0,94475,94466,20500,4000,450,Cordoba,1.063783368,0,16500,20500.0,Urbano,18.9047625,-97.003475,18.951633333333334,-97.01476666666667,1.3,4
87184,2023-06-06,9000,Femenino,0,74042,74000,6500,4000,452,Puebla Norte,1.109717153,0,2500,6500.0,Urbano,19.2689,-98.4285,19.2689,-98.4285,1.5,6
136019,2024-05-01,11500,Femenino,1,72230,72000,12000,5000,420,Puebla Norte,1.309291365,0,7000,6000.0,Urbano,19.0737,-98.18966666666668,19.0479,-98.1907,1.2,5
136537,2024-05-08,6000,Femenino,2,72050,76160,12000,3500,632,Puebla Norte,1.134696017,0,8500,4000.0,Urbano,19.06085,-98.20216666666666,20.7864,-100.4889,5.3,5
139621,2024-05-22,8500,Femenino,2,72000,72000,16500,4000,460,Puebla Norte,1.503627103,0,12500,5500.0,Urbano,19.0479,-98.1907,19.0479,-98.1907,1.5,5
139616,2024-05-27,3000,Masculino,0,72050,72310,12000,6000,495,Puebla Norte,0.945585997,0,6000,12000.0,Urbano,19.06085,-98.20216666666666,19.069975,-98.166425,1.9,5
111995,2023-11-20,8000,Masculino,0,72260,72280,17500,2500,494,Puebla Norte,1.29253646,0,15000,17500.0,Urbano,19.05975714285714,-98.18104285714286,19.064166666666665,-98.2141,1.9,11
129858,2024-03-26,5000,Femenino,2,72260,72261,13000,3000,545,Puebla Norte,1.196831916,0,10000,4333.333333333333,Urbano,19.05975714285714,-98.18104285714286,19.05975714285714,-98.18104285714286,2.75,3
133025,2024-04-15,13000,Masculino,0,72260,72280,17500,2500,530,Puebla Norte,1.492761442,0,15000,17500.0,Urbano,19.05975714285714,-98.18104285714286,19.064166666666665,-98.2141,2.6,4
133201,2024-04-17,5000,Masculino,1,72270,72220,17500,6000,614,Puebla Norte,1.668150685,0,11500,8750.0,Urbano,19.0526125,-98.1879,19.070925,-98.167425,4.6,4
133806,2024-04-22,8000,Masculino,1,72360,72000,8000,3500,418,Puebla Norte,1.194636219,0,4500,4000.0,Urbano,19.03525,-98.130425,19.0479,-98.1907,1.2,4
134357,2024-04-22,10000,Femenino,1,72000,72000,9000,3500,317,Puebla Norte,1.27935775,0,5500,4500.0,Urbano,19.0479,-98.1907,19.0479,-98.1907,0.9,4
134476,2024-04-23,10500,Masculino,1,72270,92280,13000,3000,413,Puebla Norte,1.377664109,0,10000,6500.0,Urbano,19.0526125,-98.1879,21.28305,-98.0373,1.2,4
136007,2024-05-01,8000,Femenino,0,72260,74160,12000,0,418,Puebla Norte,1.288390049,0,12000,12000.0,Urbano,19.05975714285714,-98.18104285714286,19.165713333333333,-98.42152666666668,1.2,5
136420,2024-05-04,8000,Masculino,0,72360,72270,8000,3000,455,Puebla Norte,1.492592593,0,5000,8000.0,Urbano,19.03525,-98.130425,19.0526125,-98.1879,1.5,5
137891,2024-05-13,10500,Masculino,2,72270,72280,15000,3500,469,Puebla Norte,1.494383324,0,11500,5000.0,Urbano,19.0526125,-98.1879,19.064166666666665,-98.2141,1.6,5
141821,2024-06-05,12500,Femenino,0,72260,72000,3000,2500,625,Puebla Norte,1.385098439,0,500,3000.0,Urbano,19.05975714285714,-98.18104285714286,19.0479,-98.1907,5.3,6
115958,2023-12-19,7000,Femenino,0,90491,90640,6000,3000,612,Puebla Norte,1.063783368,1,3000,6000.0,Urbano,19.3783,-98.1065,19.34672,-98.13502,4.6,12
133561,2024-04-17,4000,Masculino,3,90491,90490,7000,5000,603,Puebla Norte,1.001208703,0,2000,1750.0,Urbano,19.3783,-98.1065,19.37505,-98.089975,4.6,4
133568,2024-04-17,9000,Masculino,0,90355,90355,7000,6000,461,Puebla Norte,1.270857383,1,1000,7000.0,Urbano,19.4038,-98.02775,19.4038,-98.02775,1.5,4
115244,2023-12-13,5000,Femenino,1,72309,72309,6000,8650,514,Puebla Norte,1.203767123,0,-2650,3000.0,Urbano,19.0617,-98.149,19.0617,-98.149,2.1,12
105668,2023-10-06,3000,Femenino,0,74050,72000,12000,2500,520,Puebla Norte,0.894736842,0,9500,12000.0,Urbano,19.225466666666662,-98.40856666666669,19.0479,-98.1907,2.2,10
112137,2023-11-21,4500,Femenino,0,72017,72017,5000,1200,430,Puebla Norte,1.385844749,0,3800,5000.0,Urbano,19.0869,-98.1726,19.0869,-98.1726,1.2,11
126836,2024-03-06,3000,Masculino,2,72016,72016,1000,3000,421,Puebla Norte,0.709185254,0,-2000,333.3333333333333,Urbano,19.0893,-98.18754,19.0893,-98.18754,1.2,3
131955,2024-04-08,5000,Femenino,0,72017,72017,9000,4000,551,Puebla Norte,1.117123288,0,5000,9000.0,Urbano,19.0869,-98.1726,19.0869,-98.1726,2.9,4
132360,2024-04-10,7000,Femenino,2,74050,72000,15000,8000,491,Puebla Norte,1.063783368,0,7000,5000.0,Urbano,19.225466666666662,-98.40856666666669,19.0479,-98.1907,1.9,4
133712,2024-04-22,5000,Femenino,4,72260,72000,8500,8000,570,Puebla Norte,1.187377691,1,500,1700.0,Urbano,19.05975714285714,-98.18104285714286,19.0479,-98.1907,3.2,4
139045,2024-05-20,8000,Masculino,1,72220,72400,14000,8000,362,Puebla Norte,1.27991453,0,6000,7000.0,Urbano,19.070925,-98.167425,19.040875,-98.230575,0.9,5
136517,2024-05-04,7500,Femenino,0,74130,74130,10500,6000,508,Puebla Norte,1.047227926,1,4500,10500.0,Rural,19.27,-98.5165,19.27,-98.5165,2.0,5
138212,2024-05-15,5000,Masculino,3,74100,74100,16000,10000,654,Puebla Norte,1.380645161,0,6000,4000.0,Rural,19.305966666666663,-98.55533333333334,19.305966666666663,-98.55533333333334,6.1,5
139415,2024-05-22,6500,Femenino,0,74100,75160,0,4500,546,Puebla Norte,1.85260771,0,-4500,0.0,Rural,19.305966666666663,-98.55533333333334,19.138766666666665,-97.64386666666668,2.75,5
141017,2024-05-31,5000,Masculino,4,74100,74100,12000,7000,486,Puebla Norte,1.041452772,1,5000,2400.0,Rural,19.305966666666663,-98.55533333333334,19.305966666666663,-98.55533333333334,1.8,5
137027,2024-05-11,12000,Femenino,1,74122,74122,24000,8000,552,Puebla Norte,1.040972083,0,16000,12000.0,Rural,19.2917,-98.4681,19.2917,-98.4681,2.9,5
114045,2023-12-05,3000,Femenino,1,72680,72680,10000,6000,595,Puebla Norte,1.309272919,0,4000,5000.0,Rural,19.1341,-98.2834,19.1341,-98.2834,4.0,12
115596,2023-12-19,5000,Femenino,3,72680,72210,20000,15000,546,Puebla Norte,1.001208703,0,5000,5000.0,Rural,19.1341,-98.2834,19.07612857142857,-98.17524285714283,2.75,12
130069,2024-03-27,7000,Masculino,0,72680,72700,8000,8000,378,Puebla Norte,1.37063655,0,0,8000.0,Rural,19.1341,-98.2834,19.0836,-98.26316666666666,0.9,3
132620,2024-04-12,7500,Femenino,0,72700,72700,6000,4500,460,Puebla Norte,1.001202712,0,1500,6000.0,Urbano,19.0836,-98.26316666666666,19.0836,-98.26316666666666,1.5,4
133618,2024-04-22,7500,Femenino,1,72680,72670,23000,7000,376,Puebla Norte,1.504573455,0,16000,11500.0,Rural,19.1341,-98.2834,19.136,-98.30565,0.9,4
134616,2024-04-24,9000,Femenino,2,72680,72680,10000,9000,427,Puebla Norte,0.895830801,0,1000,3333.3333333333335,Rural,19.1341,-98.2834,19.1341,-98.2834,1.2,4
137832,2024-05-14,8000,Masculino,0,72680,72680,10000,10000,412,Puebla Norte,1.278810409,0,0,10000.0,Rural,19.1341,-98.2834,19.1341,-98.2834,1.2,5
140875,2024-05-29,3000,Femenino,0,72680,72670,8000,4600,486,Puebla Norte,1.181105991,1,3400,8000.0,Rural,19.1341,-98.2834,19.136,-98.30565,1.8,5
129544,2024-03-25,7500,Femenino,1,90440,90440,16500,6000,480,Puebla Norte,1.495239873,0,10500,8250.0,Urbano,19.42182,-98.21238,19.42182,-98.21238,1.8,3
112179,2023-11-22,5000,Femenino,0,74140,74140,8000,6500,454,Puebla Norte,1.134703196,0,1500,8000.0,Rural,19.2411,-98.49125,19.2411,-98.49125,1.5,11
118576,2024-01-08,7000,Femenino,1,74140,74140,16000,6800,437,Puebla Norte,1.063777372,0,9200,8000.0,Rural,19.2411,-98.49125,19.2411,-98.49125,1.3,1
135659,2024-04-30,5000,Femenino,2,74130,74130,8000,6500,507,Puebla Norte,1.001206637,0,1500,2666.6666666666665,Rural,19.27,-98.5165,19.27,-98.5165,2.0,4
138852,2024-05-22,3000,Femenino,1,74133,74130,7500,6500,547,Puebla Norte,0.945585997,1,1000,3750.0,Rural,19.27124,-98.47856,19.27,-98.5165,2.75,5
135252,2024-04-29,7500,Femenino,0,90290,90290,12000,9800,425,Puebla Norte,1.278471016,0,2200,12000.0,Urbano,19.4625,-98.4246,19.4625,-98.4246,1.2,4
140136,2024-05-25,7500,Femenino,1,90290,90290,11000,8000,446,Puebla Norte,1.215447154,0,3000,5500.0,Urbano,19.4625,-98.4246,19.4625,-98.4246,1.3,5
140464,2024-05-29,6500,Femenino,2,90290,90290,7500,3200,591,Puebla Norte,1.063784247,0,4300,2500.0,Urbano,19.4625,-98.4246,19.4625,-98.4246,4.0,5
140856,2024-06-01,7500,Femenino,2,90290,90290,15300,7500,549,Puebla Norte,1.215447154,0,7800,5100.0,Urbano,19.4625,-98.4246,19.4625,-98.4246,2.9,6
133508,2024-04-17,5500,Femenino,0,90605,90193,18500,5800,585,Puebla Norte,1.390981735,0,12700,18500.0,Urbano,19.3469,-98.19,19.2607,-98.21955,4.0,4
136310,2024-05-08,3000,Masculino,1,90804,90605,11200,5100,523,Puebla Norte,1.031035959,1,6100,5600.0,Urbano,19.3854,-98.2007,19.3469,-98.19,2.2,5
135499,2024-04-29,7500,Masculino,1,90460,90460,12000,3500,487,Puebla Norte,1.063783368,0,8500,6000.0,Urbano,19.40686666666667,-98.03701666666666,19.40686666666667,-98.03701666666666,1.8,4
138279,2024-05-15,5000,Femenino,0,90460,90460,14500,4500,602,Puebla Norte,1.251711157,0,10000,14500.0,Urbano,19.40686666666667,-98.03701666666666,19.40686666666667,-98.03701666666666,4.6,5
139565,2024-05-22,7000,Femenino,0,90830,90830,10000,7000,648,Puebla Norte,1.063784247,0,3000,10000.0,Urbano,19.2829,-98.1961,19.2829,-98.1961,6.1,5
141975,2024-06-17,5000,Femenino,0,90804,90800,20000,10500,477,Puebla Norte,0.851026694,0,9500,20000.0,Urbano,19.3854,-98.2007,19.3872,-98.2333,1.6,6
134759,2024-04-24,5500,Masculino,2,90432,90430,15500,4500,581,Puebla Norte,1.280031612,0,11000,5166.666666666667,Urbano,19.491,-98.0637,19.46616,-98.09848,3.5,4
134787,2024-04-26,7500,Femenino,0,90432,90432,10000,5000,632,Puebla Norte,1.642299795,0,5000,10000.0,Urbano,19.491,-98.0637,19.491,-98.0637,5.3,4
136031,2024-05-01,7500,Masculino,0,90432,90432,15000,3000,521,Puebla Norte,1.387748118,0,12000,15000.0,Urbano,19.491,-98.0637,19.491,-98.0637,2.2,5
140027,2024-05-25,5500,Femenino,1,90432,90430,8400,6000,507,Puebla Norte,1.134703196,0,2400,4200.0,Urbano,19.491,-98.0637,19.46616,-98.09848,2.0,5
140284,2024-05-27,5500,Masculino,3,90432,90432,12000,5600,481,Puebla Norte,1.134703196,0,6400,3000.0,Urbano,19.491,-98.0637,19.491,-98.0637,1.8,5
141704,2024-06-05,5000,Femenino,0,90432,90430,13000,4500,691,Puebla Norte,1.063784247,0,8500,13000.0,Urbano,19.491,-98.0637,19.46616,-98.09848,8.3,6
141769,2024-06-05,5500,Femenino,0,74135,74135,14000,2000,629,Puebla Norte,1.282133995,0,12000,14000.0,Rural,19.3058,-98.4783,19.3058,-98.4783,5.3,6
142141,2024-06-08,5000,Masculino,0,74135,74130,11700,12000,649,Puebla Norte,1.063784247,0,-300,11700.0,Rural,19.3058,-98.4783,19.27,-98.5165,6.1,6
137074,2024-05-08,5500,Femenino,0,90450,90450,12000,1000,600,Puebla Norte,1.280031612,0,11000,12000.0,Urbano,19.40008333333333,-98.17808333333332,19.40008333333333,-98.17808333333332,4.6,5
138841,2024-05-21,7000,Masculino,0,90450,90450,10000,1000,628,Puebla Norte,1.072895277,0,9000,10000.0,Urbano,19.40008333333333,-98.17808333333332,19.40008333333333,-98.17808333333332,5.3,5
139062,2024-05-20,5500,Femenino,0,90450,90450,21000,2000,591,Puebla Norte,2.360078278,0,19000,21000.0,Urbano,19.40008333333333,-98.17808333333332,19.40008333333333,-98.17808333333332,4.0,5
136894,2024-05-07,6500,Femenino,0,90241,90241,12000,1500,552,Puebla Norte,1.846938776,0,10500,12000.0,Urbano,19.5033,-98.3275,19.5033,-98.3275,2.9,5
174779,2024-11-20,3000,Masculino,0,90355,90355,7000,6000,439,Puebla Norte,0.586831019,0,1000,7000.0,Urbano,19.4038,-98.02775,19.4038,-98.02775,1.3,11
132433,2024-04-10,10000,Masculino,2,72014,72014,18000,8000,531,Puebla Norte,1.194335169,0,10000,6000.0,Urbano,19.104788888888887,-98.20335555555556,19.104788888888887,-98.20335555555556,2.6,4
141956,2024-06-05,7500,Femenino,0,72014,72000,8000,8500,555,Puebla Norte,1.377879404,0,-500,8000.0,Urbano,19.104788888888887,-98.20335555555556,19.0479,-98.1907,2.9,6
148344,2024-07-10,5000,Masculino,0,90250,90255,11200,1000,482,Puebla Norte,0.740019396,0,10200,11200.0,Urbano,19.60446,-98.18082,19.6593,-98.163,1.8,7
158142,2024-08-28,5000,Femenino,1,90250,90251,0,1800,491,Puebla Norte,1.48797654,0,-1800,0.0,Urbano,19.60446,-98.18082,19.6195,-98.19368,1.9,8
140548,2024-05-29,7500,Femenino,1,74129,74000,10000,6000,418,Puebla Norte,1.502470356,0,4000,5000.0,Urbano,19.253833333333333,-98.42978333333332,19.2689,-98.4285,1.2,5
156965,2024-08-21,5500,Femenino,0,72680,72595,6000,4000,483,Puebla Norte,2.070967742,0,2000,6000.0,Rural,19.1341,-98.2834,18.9977875,-98.176675,1.8,8
112396,2023-11-22,5500,Masculino,2,90250,90250,6000,2500,674,Puebla Norte,1.386986301,1,3500,2000.0,Urbano,19.60446,-98.18082,19.60446,-98.18082,8.3,11
112426,2023-11-22,7000,Femenino,3,90250,90250,3600,4600,514,Puebla Norte,1.1229295,1,-1000,900.0,Urbano,19.60446,-98.18082,19.60446,-98.18082,2.1,11
129677,2024-03-25,7000,Masculino,0,90450,90450,1000,5000,438,Puebla Norte,1.114715948,1,-4000,1000.0,Urbano,19.40008333333333,-98.17808333333332,19.40008333333333,-98.17808333333332,1.3,3
130081,2024-03-27,5500,Femenino,1,90454,90491,10000,4500,559,Puebla Norte,2.071489726,1,5500,5000.0,Urbano,19.41765,-98.1687,19.3783,-98.1065,2.9,3
133064,2024-04-15,9000,Femenino,2,90450,90450,30000,10000,343,Puebla Norte,1.194369135,1,20000,10000.0,Urbano,19.40008333333333,-98.17808333333332,19.40008333333333,-98.17808333333332,0.9,4
134326,2024-04-23,5500,Masculino,1,90401,90401,10500,6000,406,Puebla Norte,1.840860215,1,4500,5250.0,Urbano,19.42425,-98.1222,19.42425,-98.1222,0.9,4
135268,2024-04-27,5000,Femenino,1,90450,90450,10000,5000,461,Puebla Norte,0.945585216,1,5000,5000.0,Urbano,19.40008333333333,-98.17808333333332,19.40008333333333,-98.17808333333332,1.5,4
136287,2024-05-03,9000,Femenino,2,90450,90450,10000,6000,455,Puebla Norte,1.501924353,1,4000,3333.3333333333335,Urbano,19.40008333333333,-98.17808333333332,19.40008333333333,-98.17808333333332,1.5,5
136294,2024-05-03,5000,Femenino,0,90250,90250,9200,2060,487,Puebla Norte,1.20299208,1,7140,9200.0,Urbano,19.60446,-98.18082,19.60446,-98.18082,1.8,5
136689,2024-05-06,8000,Masculino,2,90250,90250,9000,4000,527,Puebla Norte,1.063777881,1,5000,3000.0,Urbano,19.60446,-98.18082,19.60446,-98.18082,2.2,5
137195,2024-05-08,5000,Femenino,0,90491,90491,8000,0,511,Puebla Norte,1.063784247,1,8000,8000.0,Urbano,19.3783,-98.1065,19.3783,-98.1065,2.1,5
137828,2024-05-13,3000,Masculino,2,90444,90440,32000,5000,477,Puebla Norte,0.985898469,1,27000,10666.666666666666,Urbano,19.3787,-98.204,19.42182,-98.21238,1.6,5
139056,2024-05-21,7000,Femenino,2,90300,90300,12000,7000,521,Puebla Norte,1.001207875,1,5000,4000.0,Urbano,19.4233,-98.1273,19.4233,-98.1273,2.2,5
144237,2024-06-19,4500,Masculino,2,90440,90444,12000,5000,508,Puebla Norte,0.945585216,1,7000,4000.0,Urbano,19.42182,-98.21238,19.3787,-98.204,2.0,6
157326,2024-08-21,5000,Masculino,0,90640,90640,8000,15000,0,Puebla Norte,1.063784247,0,-7000,8000.0,Urbano,19.34672,-98.13502,19.34672,-98.13502,0.0,8
97867,2023-08-16,7000,Femenino,2,72533,72533,1000,6500,475,Puebla Norte,0.654645585,0,-5500,333.3333333333333,Urbano,19.0342,-98.1927,19.0342,-98.1927,1.6,8
111654,2023-11-20,7500,Femenino,0,72160,72160,5000,6000,570,Puebla Norte,1.198619225,0,-1000,5000.0,Urbano,19.05973333333333,-98.23126666666668,19.05973333333333,-98.23126666666668,3.2,11
112701,2023-11-27,9000,Femenino,2,72533,72533,1000,6500,455,Puebla Norte,1.134695864,0,-5500,333.3333333333333,Urbano,19.0342,-98.1927,19.0342,-98.1927,1.5,11
116029,2023-12-22,5500,Femenino,1,72130,72000,10000,7000,518,Puebla Norte,1.001207521,0,3000,5000.0,Urbano,19.07322,-98.22908,19.0479,-98.1907,2.1,12
125049,2024-02-21,3500,Femenino,0,72000,72000,11800,6500,516,Puebla Norte,0.895817256,0,5300,11800.0,Urbano,19.0479,-98.1907,19.0479,-98.1907,2.1,2
131087,2024-04-03,5000,Masculino,0,72160,72000,8000,7000,0,Puebla Norte,1.063783368,0,1000,8000.0,Urbano,19.05973333333333,-98.23126666666668,19.0479,-98.1907,0.0,4
132477,2024-04-10,7000,Femenino,1,72130,72000,10000,7000,503,Puebla Norte,1.134696406,0,3000,5000.0,Urbano,19.07322,-98.22908,19.0479,-98.1907,2.0,4
132303,2024-04-13,3000,Masculino,3,72130,72000,10000,7000,523,Puebla Norte,0.945584046,0,3000,2500.0,Urbano,19.07322,-98.22908,19.0479,-98.1907,2.2,4
138423,2024-05-15,3000,Femenino,0,72160,72000,9000,6000,546,Puebla Norte,1.063784247,0,3000,9000.0,Urbano,19.05973333333333,-98.23126666666668,19.0479,-98.1907,2.75,5
138923,2024-05-18,16500,Femenino,2,72160,72160,0,8000,0,Puebla Norte,1.063778119,0,-8000,0.0,Urbano,19.05973333333333,-98.23126666666668,19.05973333333333,-98.23126666666668,0.0,5
138957,2024-05-20,3000,Femenino,2,72160,72160,1000,7000,613,Puebla Norte,1.063784247,0,-6000,333.3333333333333,Urbano,19.05973333333333,-98.23126666666668,19.05973333333333,-98.23126666666668,4.6,5
75772,2023-03-08,9000,Femenino,0,72000,72000,12000,0,462,Puebla Norte,1.41836983,1,12000,12000.0,Urbano,19.0479,-98.1907,19.0479,-98.1907,1.5,3
98261,2023-08-19,3000,Femenino,0,72014,72000,9000,4000,483,Puebla Norte,1.063783368,1,5000,9000.0,Urbano,19.104788888888887,-98.20335555555556,19.0479,-98.1907,1.8,8
112776,2023-11-27,9000,Femenino,0,72014,72014,8000,4000,415,Puebla Norte,1.290847838,0,4000,8000.0,Urbano,19.104788888888887,-98.20335555555556,19.104788888888887,-98.20335555555556,1.2,11
79770,2023-04-05,3000,Femenino,0,72000,72000,8000,7500,522,Puebla Norte,0.0,1,500,8000.0,Urbano,19.0479,-98.1907,19.0479,-98.1907,2.2,4
111657,2023-11-17,13000,Femenino,1,90640,90640,12000,6000,489,Puebla Norte,1.388180674,1,6000,6000.0,Urbano,19.34672,-98.13502,19.34672,-98.13502,1.8,11
112435,2023-11-22,9000,Femenino,0,90500,90502,10000,3000,471,Puebla Norte,1.202919708,1,7000,10000.0,Urbano,19.3073,-97.8213,19.25935,-97.98445,1.6,11
112543,2023-11-27,9000,Masculino,0,74130,74130,12000,7000,418,Puebla Norte,1.215770373,1,5000,12000.0,Rural,19.27,-98.5165,19.27,-98.5165,1.2,11
120922,2024-01-24,9500,Femenino,1,90780,90780,6400,3000,420,Puebla Norte,1.204735919,1,3400,3200.0,Urbano,19.2005,-98.24326666666668,19.2005,-98.24326666666668,1.2,1
125556,2024-02-26,5000,Femenino,2,72307,72300,17200,5200,404,Puebla Norte,0.0,1,12000,5733.333333333333,Urbano,19.0669,-98.1459,19.0538,-98.1546,0.9,2
126487,2024-03-04,5000,Femenino,1,90890,90890,45000,2500,444,Puebla Norte,0.810501613,1,42500,22500.0,Urbano,19.1549,-98.1049,19.1549,-98.1049,1.3,3
129928,2024-03-26,14000,Masculino,0,72160,72000,7500,7000,442,Puebla Norte,1.266786537,1,500,7500.0,Urbano,19.05973333333333,-98.23126666666668,19.0479,-98.1907,1.3,3
132317,2024-04-10,9500,Masculino,1,72160,72000,10000,7000,401,Puebla Norte,1.13469759,1,3000,5000.0,Urbano,19.05973333333333,-98.23126666666668,19.0479,-98.1907,0.9,4
132660,2024-04-12,6000,Femenino,0,72680,72670,8000,6000,509,Puebla Norte,1.36836983,1,2000,8000.0,Rural,19.1341,-98.2834,19.136,-98.30565,2.0,4
133140,2024-04-15,5500,Femenino,1,72680,72735,10000,5500,381,Puebla Norte,1.134703196,1,4500,5000.0,Rural,19.1341,-98.2834,19.10035,-98.25305,0.9,4
133785,2024-04-22,10000,Femenino,0,72227,72000,17200,4200,428,Puebla Norte,1.11483376,1,13000,17200.0,Urbano,19.08978888888889,-98.14578888888887,19.0479,-98.1907,1.2,4
134142,2024-04-24,5000,Femenino,1,72307,72307,13500,4200,412,Puebla Norte,0.567347932,1,9300,6750.0,Urbano,19.0669,-98.1459,19.0669,-98.1459,1.2,4
136244,2024-05-04,6000,Femenino,0,72680,72670,10000,6800,439,Puebla Norte,0.945580163,1,3200,10000.0,Rural,19.1341,-98.2834,19.136,-98.30565,1.3,5
137879,2024-05-13,4500,Masculino,2,72680,72000,7500,7000,496,Puebla Norte,0.895817573,1,500,2500.0,Rural,19.1341,-98.2834,19.0479,-98.1907,1.9,5
138095,2024-05-14,5500,Femenino,2,72680,72670,17000,5300,443,Puebla Norte,1.196917808,1,11700,5666.666666666667,Rural,19.1341,-98.2834,19.136,-98.30565,1.3,5
138868,2024-05-18,8000,Femenino,4,72680,72100,10000,5500,545,Puebla Norte,1.494276094,1,4500,2000.0,Rural,19.1341,-98.2834,19.098846153846157,-98.21896153846154,2.75,5
138879,2024-05-18,5000,Masculino,0,72680,72000,12000,6500,553,Puebla Norte,1.416666667,1,5500,12000.0,Rural,19.1341,-98.2834,19.0479,-98.1907,2.9,5
138943,2024-05-22,5000,Femenino,0,72680,72680,15500,5000,414,Puebla Norte,1.264071295,1,10500,15500.0,Rural,19.1341,-98.2834,19.1341,-98.2834,1.2,5
139510,2024-05-22,5000,Femenino,1,72020,72090,12000,4000,412,Puebla Norte,1.309272919,1,8000,6000.0,Urbano,19.09097142857143,-98.22592857142855,19.0493,-98.2144125,1.2,5
140801,2024-05-31,8000,Femenino,1,72010,72000,40000,5000,471,Puebla Norte,1.063777881,1,35000,20000.0,Urbano,19.0808,-98.2032,19.0479,-98.1907,1.6,5
141608,2024-06-05,10000,Masculino,1,72210,72000,22000,9000,449,Puebla Norte,1.278428094,1,13000,11000.0,Urbano,19.07612857142857,-98.17524285714283,19.0479,-98.1907,1.3,6
141881,2024-06-17,3000,Masculino,1,72227,72227,17200,5600,576,Puebla Norte,1.001208703,1,11600,8600.0,Urbano,19.08978888888889,-98.14578888888887,19.08978888888889,-98.14578888888887,3.5,6
69733,2023-01-24,6000,Femenino,0,72000,72000,6000,0,436,Puebla Norte,0.945585216,1,6000,6000.0,Urbano,19.0479,-98.1907,19.0479,-98.1907,1.3,1
112512,2023-11-27,4000,Femenino,0,74060,74000,4500,3800,570,Puebla Norte,1.385844749,0,700,4500.0,Urbano,19.24215,-98.40685,19.2689,-98.4285,3.2,11
112866,2023-11-27,4000,Femenino,0,74120,74080,5100,8000,486,Puebla Norte,1.063777683,0,-2900,5100.0,Urbano,19.28395,-98.429075,19.2167,-98.3881,1.8,11
133491,2024-04-24,4000,Masculino,0,74050,74122,6500,6000,460,Puebla Norte,0.895816464,0,500,6500.0,Urbano,19.225466666666662,-98.40856666666669,19.2917,-98.4681,1.5,4
135465,2024-04-29,3000,Femenino,2,74000,74000,4000,3200,458,Puebla Norte,0.945585997,1,800,1333.3333333333333,Urbano,19.2689,-98.4285,19.2689,-98.4285,1.5,4
85128,2023-05-17,4000,Masculino,0,90250,90250,8000,4000,689,Puebla Norte,1.063784247,1,4000,8000.0,Urbano,19.60446,-98.18082,19.60446,-98.18082,8.3,5
93587,2023-07-15,3000,Femenino,0,90800,90800,7000,4500,429,Puebla Norte,0.0,1,2500,7000.0,Urbano,19.3872,-98.2333,19.3872,-98.2333,1.2,7
112310,2023-11-22,7000,Femenino,0,90800,90800,6000,5000,513,Puebla Norte,0.895812524,1,1000,6000.0,Urbano,19.3872,-98.2333,19.3872,-98.2333,2.1,11
112482,2023-11-27,5000,Masculino,0,90750,90750,10000,6500,475,Puebla Norte,0.709188912,1,3500,10000.0,Urbano,19.1943375,-98.2415375,19.1943375,-98.2415375,1.6,11
112627,2023-11-27,7500,Femenino,0,90255,90255,12000,4900,444,Puebla Norte,1.63449692,1,7100,12000.0,Urbano,19.6593,-98.163,19.6593,-98.163,1.3,11
112821,2023-11-28,7000,Femenino,0,90544,90540,4800,2800,619,Puebla Norte,1.21575242,1,2000,4800.0,Urbano,19.469,-97.9559,19.456966666666663,-97.93876666666668,5.3,11
115077,2023-12-12,6400,Masculino,0,90402,90402,8000,4000,591,Puebla Norte,1.063665501,1,4000,8000.0,Urbano,19.4233,-98.10695,19.4233,-98.10695,4.0,12
118722,2024-01-09,4000,Femenino,1,90750,90750,7500,3200,500,Puebla Norte,0.0,1,4300,3750.0,Urbano,19.1943375,-98.2415375,19.1943375,-98.2415375,2.0,1
118948,2024-01-10,5000,Femenino,0,90460,90460,6000,0,534,Puebla Norte,0.567350427,1,6000,6000.0,Urbano,19.40686666666667,-98.03701666666666,19.40686666666667,-98.03701666666666,2.6,1
134596,2024-04-24,7500,Femenino,2,90250,90255,15860,6150,499,Puebla Norte,1.134702259,1,9710,5286.666666666667,Urbano,19.60446,-98.18082,19.6593,-98.163,1.9,4
139887,2024-05-24,10000,Femenino,2,90402,90402,16000,8000,483,Puebla Norte,1.376585145,1,8000,5333.333333333333,Urbano,19.4233,-98.10695,19.4233,-98.10695,1.8,5
140808,2024-05-29,7000,Femenino,0,90250,90255,14900,5330,483,Puebla Norte,1.110754258,1,9570,14900.0,Urbano,19.60446,-98.18082,19.6593,-98.163,1.8,5
133256,2024-04-15,7500,Femenino,0,90290,90290,2000,3800,551,Puebla Norte,1.134702259,1,-1800,2000.0,Urbano,19.4625,-98.4246,19.4625,-98.4246,2.9,4
131377,2024-04-08,4000,Femenino,2,74070,74000,0,4000,617,Puebla Norte,1.063784247,1,-4000,0.0,Urbano,19.2689,-98.4285,19.2689,-98.4285,5.3,4
132251,2024-04-10,4500,Masculino,2,74100,74100,14000,7000,636,Puebla Norte,0.810501613,1,7000,4666.666666666667,Rural,19.305966666666663,-98.55533333333334,19.305966666666663,-98.55533333333334,6.1,4
138464,2024-05-17,10000,Femenino,0,74000,74000,1000,5000,492,Puebla Norte,1.183874796,1,-4000,1000.0,Urbano,19.2689,-98.4285,19.2689,-98.4285,1.9,5
141957,2024-06-05,7500,Masculino,2,74030,74000,16000,10700,524,Puebla Norte,1.286039886,1,5300,5333.333333333333,Urbano,19.2838,-98.42855,19.2689,-98.4285,2.2,6
150433,2024-07-24,5000,Femenino,1,74128,74128,16500,5000,414,Puebla Norte,0.810424898,1,11500,8250.0,Rural,19.2412,-98.4229,19.2412,-98.4229,1.2,7
115909,2023-12-20,5500,Femenino,2,72680,72670,8000,6000,406,Puebla Norte,1.418377322,1,2000,2666.6666666666665,Rural,19.1341,-98.2834,19.136,-98.30565,0.9,12
118895,2024-01-10,5000,Femenino,0,72710,72130,7000,6000,477,Puebla Norte,1.290832455,1,1000,7000.0,Urbano,19.13397142857143,-98.24565714285714,19.07322,-98.22908,1.6,1
72380,2023-02-13,11000,Femenino,0,72900,72000,8000,7000,412,Puebla Norte,1.049004042,0,1000,8000.0,Rural,19.1519,-98.1031,19.0479,-98.1907,1.2,2
92605,2023-07-10,3000,Femenino,2,72900,90890,8000,4500,612,Puebla Norte,1.12260274,0,3500,2666.6666666666665,Rural,19.1519,-98.1031,19.1549,-98.1049,4.6,7
95185,2023-07-26,12000,Masculino,2,90890,72000,8000,4500,508,Puebla Norte,1.063798027,0,3500,2666.6666666666665,Urbano,19.1549,-98.1049,19.0479,-98.1907,2.0,7
97519,2023-08-14,13000,Femenino,0,72900,72900,8000,7000,543,Puebla Norte,1.489741609,0,1000,8000.0,Rural,19.1519,-98.1031,19.1519,-98.1031,2.75,8
99637,2023-08-30,3000,Masculino,0,72900,72000,2800,1000,546,Puebla Norte,1.198630137,0,1800,2800.0,Rural,19.1519,-98.1031,19.0479,-98.1907,2.75,8
112187,2023-11-21,15000,Masculino,1,72400,90890,8600,4500,584,Puebla Norte,1.291751875,0,4100,4300.0,Urbano,19.040875,-98.230575,19.1549,-98.1049,3.5,11
112413,2023-11-22,3000,Femenino,1,90890,72900,8000,4000,488,Puebla Norte,1.134703196,0,4000,4000.0,Urbano,19.1549,-98.1049,19.1519,-98.1031,1.8,11
112527,2023-11-27,3000,Femenino,2,72900,72310,15500,5000,637,Puebla Norte,1.063784247,0,10500,5166.666666666667,Rural,19.1519,-98.1031,19.069975,-98.166425,6.1,11
113230,2023-11-29,3000,Femenino,0,72900,72000,7000,6500,610,Puebla Norte,1.203033268,0,500,7000.0,Rural,19.1519,-98.1031,19.0479,-98.1907,4.6,11
113775,2023-12-02,5000,Femenino,2,90890,72900,7500,5000,456,Puebla Norte,1.001208703,0,2500,2500.0,Urbano,19.1549,-98.1049,19.1519,-98.1031,1.5,12
114252,2023-12-06,14000,Femenino,1,72900,72900,4000,4000,577,Puebla Norte,1.063778305,0,0,2000.0,Rural,19.1519,-98.1031,19.1519,-98.1031,3.5,12
115050,2023-12-12,12000,Femenino,1,72900,72000,10500,4000,684,Puebla Norte,1.063798027,0,6500,5250.0,Rural,19.1519,-98.1031,19.0479,-98.1907,8.3,12
115062,2023-12-13,7000,Femenino,2,72900,72900,7500,5000,499,Puebla Norte,1.281630074,1,2500,2500.0,Rural,19.1519,-98.1031,19.1519,-98.1031,1.9,12
115554,2023-12-18,15000,Masculino,1,72900,72000,17000,3500,644,Puebla Norte,1.001202935,0,13500,8500.0,Rural,19.1519,-98.1031,19.0479,-98.1907,6.1,12
115557,2023-12-18,11000,Femenino,2,90890,90890,10000,4000,469,Puebla Norte,1.052540416,0,6000,3333.3333333333335,Urbano,19.1549,-98.1049,19.1549,-98.1049,1.6,12
134857,2024-04-24,3000,Femenino,2,72900,90890,8000,4500,606,Puebla Norte,0.810497046,0,3500,2666.6666666666665,Rural,19.1519,-98.1031,19.1549,-98.1049,4.6,4
139465,2024-05-22,17000,Masculino,1,72400,90890,8600,4500,432,Puebla Norte,1.272224781,0,4100,4300.0,Urbano,19.040875,-98.230575,19.1549,-98.1049,1.2,5
157132,2024-08-21,3000,Masculino,2,72900,72000,9000,4500,443,Puebla Norte,1.063784247,1,4500,3000.0,Rural,19.1519,-98.1031,19.0479,-98.1907,1.3,8
61612,2023-03-28,3000,Femenino,0,72310,72000,1000,1000,545,Puebla Norte,0.0,0,0,1000.0,Urbano,19.069975,-98.166425,19.0479,-98.1907,2.75,3
111928,2023-11-20,4000,Femenino,0,72310,72000,1000,1000,614,Puebla Norte,1.063782051,0,0,1000.0,Urbano,19.069975,-98.166425,19.0479,-98.1907,4.6,11
112880,2023-11-27,3000,Femenino,1,72310,72000,6600,5000,427,Puebla Norte,1.063784247,0,1600,3300.0,Urbano,19.069975,-98.166425,19.0479,-98.1907,1.2,11
113577,2023-12-02,3000,Masculino,0,72308,72000,6000,4000,588,Puebla Norte,1.053938356,0,2000,6000.0,Urbano,19.06525,-98.14165,19.0479,-98.1907,4.0,12
136433,2024-05-04,4000,Femenino,1,72310,72014,9000,6000,425,Puebla Norte,1.001206637,0,3000,4500.0,Urbano,19.069975,-98.166425,19.104788888888887,-98.20335555555556,1.2,5
141496,2024-06-04,7000,Masculino,2,72314,72314,5808,6000,456,Puebla Norte,1.063783368,0,-192,1936.0,Urbano,19.0608,-98.1425,19.0608,-98.1425,1.5,6
137864,2024-05-13,7000,Femenino,3,72229,72000,19000,6000,500,Puebla Norte,1.270889275,1,13000,4750.0,Urbano,19.068116666666665,-98.13001666666666,19.0479,-98.1907,2.0,5
69057,2023-01-20,3000,Femenino,1,90640,90640,8500,3000,667,Puebla Norte,1.001206637,0,5500,4250.0,Urbano,19.34672,-98.13502,19.34672,-98.13502,8.3,1
112058,2023-11-20,4000,Femenino,1,90640,90640,8500,3000,658,Puebla Norte,1.134696195,0,5500,4250.0,Urbano,19.34672,-98.13502,19.34672,-98.13502,6.1,11
112128,2023-11-21,5000,Masculino,0,90640,90660,10000,5500,395,Puebla Norte,1.385083714,0,4500,10000.0,Urbano,19.34672,-98.13502,19.349500000000003,-98.0903,0.9,11
112302,2023-11-22,5000,Masculino,3,90620,90620,0,6000,498,Puebla Norte,1.063777372,0,-6000,0.0,Urbano,19.3466,-98.1706,19.3466,-98.1706,1.9,11
112390,2023-11-22,9500,Femenino,1,90620,90620,17000,14000,412,Puebla Norte,1.634242838,0,3000,8500.0,Urbano,19.3466,-98.1706,19.3466,-98.1706,1.2,11
115898,2023-12-19,5000,Femenino,2,90640,90640,15000,10000,652,Puebla Norte,1.802215705,1,5000,5000.0,Urbano,19.34672,-98.13502,19.34672,-98.13502,6.1,12
129505,2024-03-25,5000,Masculino,1,90640,90640,8000,5000,653,Puebla Norte,1.379280822,0,3000,4000.0,Urbano,19.34672,-98.13502,19.34672,-98.13502,6.1,3
129509,2024-03-25,10000,Femenino,1,90640,90640,8000,5000,508,Puebla Norte,1.278352454,0,3000,4000.0,Urbano,19.34672,-98.13502,19.34672,-98.13502,2.0,3
130066,2024-03-27,5000,Masculino,0,90650,90640,11000,6000,653,Puebla Norte,1.063777372,0,5000,11000.0,Urbano,19.3425,-98.1281,19.34672,-98.13502,6.1,3
135907,2024-05-01,3000,Masculino,2,90640,90640,12000,8000,685,Puebla Norte,1.063777881,0,4000,4000.0,Urbano,19.34672,-98.13502,19.34672,-98.13502,8.3,5
139461,2024-05-22,10000,Femenino,2,90640,90640,14000,4000,587,Puebla Norte,1.063798027,0,10000,4666.666666666667,Urbano,19.34672,-98.13502,19.34672,-98.13502,4.0,5
142060,2024-06-07,7000,Femenino,2,90640,90640,12000,10000,541,Puebla Norte,1.063783368,0,2000,4000.0,Urbano,19.34672,-98.13502,19.34672,-98.13502,2.75,6
76244,2023-03-11,3000,Femenino,0,90160,90160,9000,5000,643,Puebla Norte,1.049229452,0,4000,9000.0,Urbano,19.324725,-98.245175,19.324725,-98.245175,6.1,3
115317,2023-12-16,7000,Femenino,1,90542,90540,8000,1000,500,Puebla Norte,1.063777372,0,7000,4000.0,Rural,19.4957,-97.903375,19.456966666666663,-97.93876666666668,2.0,12
102689,2023-09-15,3000,Masculino,0,90450,90355,10000,8000,679,Puebla Norte,1.063784247,0,2000,10000.0,Urbano,19.40008333333333,-98.17808333333332,19.4038,-98.02775,8.3,9
114993,2023-12-12,11000,Femenino,0,90355,90300,10000,8500,482,Puebla Norte,1.052230878,1,1500,10000.0,Urbano,19.4038,-98.02775,19.4233,-98.1273,1.8,12
132589,2024-04-17,7500,Femenino,0,90355,90300,8000,4500,425,Puebla Norte,1.385010267,0,3500,8000.0,Urbano,19.4038,-98.02775,19.4233,-98.1273,1.2,4
137023,2024-05-08,5000,Femenino,0,90355,90355,15000,8000,453,Puebla Norte,1.368412047,0,7000,15000.0,Urbano,19.4038,-98.02775,19.4038,-98.02775,1.5,5
71456,2023-02-06,3000,Masculino,2,90440,90450,25000,10000,578,Puebla Norte,1.122655715,0,15000,8333.333333333334,Urbano,19.42182,-98.21238,19.40008333333333,-98.17808333333332,3.5,2
111581,2023-11-17,8500,Femenino,0,90440,90440,20000,8000,620,Puebla Norte,1.063777683,0,12000,20000.0,Urbano,19.42182,-98.21238,19.42182,-98.21238,5.3,11
127164,2024-03-08,5000,Masculino,1,90620,90620,15000,5500,482,Puebla Norte,1.063777372,0,9500,7500.0,Urbano,19.3466,-98.1706,19.3466,-98.1706,1.8,3
74171,2023-02-24,5000,Masculino,0,90500,90500,9800,4000,471,Puebla Norte,0.0,0,5800,9800.0,Urbano,19.3073,-97.8213,19.3073,-97.8213,1.6,2
112720,2023-11-27,7000,Femenino,0,90500,90500,40000,3200,449,Puebla Norte,1.134702259,0,36800,40000.0,Urbano,19.3073,-97.8213,19.3073,-97.8213,1.3,11
138197,2024-05-14,15000,Masculino,0,90505,90500,23000,3000,425,Puebla Norte,1.386836518,0,20000,23000.0,Urbano,19.325071428571427,-97.93571428571428,19.3073,-97.8213,1.2,5
139280,2024-05-21,9000,Femenino,2,90500,90500,8900,3500,653,Puebla Norte,1.272543515,0,5400,2966.6666666666665,Urbano,19.3073,-97.8213,19.3073,-97.8213,6.1,5
139286,2024-05-21,6000,Masculino,0,90500,90500,23000,2500,517,Puebla Norte,1.063783368,0,20500,23000.0,Urbano,19.3073,-97.8213,19.3073,-97.8213,2.1,5
140715,2024-05-29,7000,Femenino,2,90502,90502,3000,2800,475,Puebla Norte,1.063799076,1,200,1000.0,Urbano,19.25935,-97.98445,19.25935,-97.98445,1.6,5
155228,2024-08-13,3000,Femenino,2,90500,90500,18000,4300,627,Puebla Norte,0.567351598,0,13700,6000.0,Urbano,19.3073,-97.8213,19.3073,-97.8213,5.3,8
112868,2023-11-27,10000,Femenino,0,90500,90500,7000,4900,517,Puebla Norte,1.385549872,0,2100,7000.0,Urbano,19.3073,-97.8213,19.3073,-97.8213,2.1,11
111557,2023-11-17,6000,Femenino,0,90450,90450,9000,6000,373,Puebla Norte,1.00120355,0,3000,9000.0,Urbano,19.40008333333333,-98.17808333333332,19.40008333333333,-98.17808333333332,0.9,11
111767,2023-11-18,11000,Femenino,0,90300,90300,10000,1500,475,Puebla Norte,1.63556582,0,8500,10000.0,Urbano,19.4233,-98.1273,19.4233,-98.1273,1.6,11
127771,2024-03-12,3000,Masculino,1,90490,90490,8000,4000,420,Puebla Norte,0.962097541,0,4000,4000.0,Urbano,19.37505,-98.089975,19.37505,-98.089975,1.2,3
130871,2024-04-02,7000,Masculino,0,90300,90300,10000,6000,526,Puebla Norte,1.277681251,0,4000,10000.0,Urbano,19.4233,-98.1273,19.4233,-98.1273,2.2,4
132789,2024-04-13,4000,Femenino,1,90380,90300,8000,3500,520,Puebla Norte,1.063782051,0,4500,4000.0,Urbano,19.4336,-98.1503,19.4233,-98.1273,2.2,4
141776,2024-06-05,3000,Masculino,4,90300,90300,28000,12000,555,Puebla Norte,0.851027397,1,16000,5600.0,Urbano,19.4233,-98.1273,19.4233,-98.1273,2.9,6
141781,2024-06-05,5000,Femenino,1,90300,90300,7000,4500,541,Puebla Norte,1.134696406,1,2500,3500.0,Urbano,19.4233,-98.1273,19.4233,-98.1273,2.75,6
100719,2023-09-04,3000,Masculino,1,90250,90250,8000,4100,585,Puebla Norte,0.654636459,1,3900,4000.0,Urbano,19.60446,-98.18082,19.60446,-98.18082,4.0,9
112399,2023-11-22,9500,Femenino,0,90250,90250,2000,5500,668,Puebla Norte,1.063777372,0,-3500,2000.0,Urbano,19.60446,-98.18082,19.60446,-98.18082,8.3,11
112650,2023-11-25,3300,Femenino,1,90250,90250,12000,8000,504,Puebla Norte,1.063783368,0,4000,6000.0,Urbano,19.60446,-98.18082,19.60446,-98.18082,2.0,11
115073,2023-12-12,7500,Femenino,2,90250,90250,12000,2250,578,Puebla Norte,1.21575242,0,9750,4000.0,Urbano,19.60446,-98.18082,19.60446,-98.18082,3.5,12
119301,2024-01-13,8000,Masculino,0,90250,90250,11300,6200,472,Puebla Norte,0.81053878,1,5100,11300.0,Urbano,19.60446,-98.18082,19.60446,-98.18082,1.6,1
131161,2024-04-03,3000,Femenino,0,90250,90250,12000,5650,589,Puebla Norte,1.063784247,0,6350,12000.0,Urbano,19.60446,-98.18082,19.60446,-98.18082,4.0,4
132244,2024-04-10,5000,Femenino,1,90250,90253,6000,4900,432,Puebla Norte,0.895812524,0,1100,3000.0,Urbano,19.60446,-98.18082,19.6202,-98.177,1.2,4
133345,2024-04-17,17000,Masculino,1,90250,90250,30000,12500,656,Puebla Norte,1.063778119,0,17500,15000.0,Urbano,19.60446,-98.18082,19.60446,-98.18082,6.1,4
136066,2024-05-01,5500,Femenino,2,90250,90250,31500,10800,529,Puebla Norte,1.840860215,1,20700,10500.0,Urbano,19.60446,-98.18082,19.60446,-98.18082,2.6,5
141819,2024-06-05,10500,Femenino,0,90250,90250,13700,6000,445,Puebla Norte,1.063778772,0,7700,13700.0,Urbano,19.60446,-98.18082,19.60446,-98.18082,1.3,6
84323,2023-05-16,3000,Femenino,3,74000,74000,5000,9000,531,Puebla Norte,1.309270217,0,-4000,1250.0,Urbano,19.2689,-98.4285,19.2689,-98.4285,2.6,5
95958,2023-08-02,9000,Femenino,0,74120,74000,0,9000,458,Puebla Norte,1.063778772,0,-9000,0.0,Urbano,19.28395,-98.429075,19.2689,-98.4285,1.5,8
98098,2023-08-16,4000,Masculino,0,74120,74120,21000,7500,425,Puebla Norte,1.292307692,0,13500,21000.0,Urbano,19.28395,-98.429075,19.28395,-98.429075,1.2,8
134459,2024-04-24,5000,Masculino,2,74000,74000,10500,9000,431,Puebla Norte,1.134696195,0,1500,3500.0,Urbano,19.2689,-98.4285,19.2689,-98.4285,1.2,4
112024,2023-11-20,5500,Femenino,1,90430,90430,8000,7500,408,Puebla Norte,1.134703196,0,500,4000.0,Urbano,19.46616,-98.09848,19.46616,-98.09848,1.2,11
112188,2023-11-22,3000,Femenino,2,90340,90300,8500,7500,436,Puebla Norte,0.934170472,0,1000,2833.3333333333335,Urbano,19.4233,-98.1273,19.4233,-98.1273,1.3,11
123824,2024-02-14,8000,Femenino,1,90401,90300,12000,7500,513,Puebla Norte,2.260138838,1,4500,6000.0,Urbano,19.42425,-98.1222,19.4233,-98.1273,2.1,2
173294,2024-11-13,3000,Femenino,1,90300,90300,10000,5000,495,Puebla Norte,0.630390144,0,5000,5000.0,Urbano,19.4233,-98.1273,19.4233,-98.1273,1.9,11
71439,2023-02-14,5000,Femenino,0,72014,72014,5000,4500,389,Puebla Norte,1.001208703,0,500,5000.0,Urbano,19.104788888888887,-98.20335555555556,19.104788888888887,-98.20335555555556,0.9,2
112219,2023-11-22,7500,Femenino,0,72014,72014,7000,3500,426,Puebla Norte,1.296951508,0,3500,7000.0,Urbano,19.104788888888887,-98.20335555555556,19.104788888888887,-98.20335555555556,1.2,11
114922,2023-12-11,5000,Masculino,0,90514,90514,8000,6000,532,Puebla Norte,1.063784247,0,2000,8000.0,Urbano,19.402742857142854,-97.91162857142857,19.402742857142854,-97.91162857142857,2.6,12
129473,2024-03-27,4000,Femenino,2,90514,90500,4500,4000,588,Puebla Norte,1.063782051,0,500,1500.0,Urbano,19.402742857142854,-97.91162857142857,19.3073,-97.8213,4.0,3
130103,2024-03-27,5000,Femenino,2,90514,90514,7000,5000,591,Puebla Norte,1.196703297,0,2000,2333.3333333333335,Urbano,19.402742857142854,-97.91162857142857,19.402742857142854,-97.91162857142857,4.0,3
111719,2023-11-20,5000,Femenino,2,74129,74000,13000,6000,499,Puebla Norte,1.203277886,0,7000,4333.333333333333,Urbano,19.253833333333333,-98.42978333333332,19.2689,-98.4285,1.9,11
158605,2024-08-28,5000,Masculino,3,90780,90780,12000,6000,686,Puebla Norte,1.204312115,0,6000,3000.0,Urbano,19.2005,-98.24326666666668,19.2005,-98.24326666666668,8.3,8
114950,2023-12-11,5000,Masculino,0,72310,72310,6000,4000,617,Puebla Norte,1.063784247,0,2000,6000.0,Urbano,19.069975,-98.166425,19.069975,-98.166425,5.3,12
115391,2023-12-18,4300,Masculino,0,72000,72000,8500,5000,601,Puebla Norte,1.063693317,0,3500,8500.0,Urbano,19.0479,-98.1907,19.0479,-98.1907,4.6,12
111632,2023-11-20,3000,Femenino,4,72680,72100,10000,5500,528,Puebla Norte,0.993150685,0,4500,2000.0,Rural,19.1341,-98.2834,19.098846153846157,-98.21896153846154,2.2,11
112038,2023-11-20,14000,Femenino,1,72710,72700,8800,8500,544,Puebla Norte,1.126695527,0,300,4400.0,Urbano,19.13397142857143,-98.24565714285714,19.0836,-98.26316666666666,2.75,11
112048,2023-11-20,5000,Femenino,2,72710,72710,10000,5500,427,Puebla Norte,1.384988584,0,4500,3333.3333333333335,Urbano,19.13397142857143,-98.24565714285714,19.13397142857143,-98.24565714285714,1.2,11
112288,2023-11-22,5000,Femenino,2,72710,72710,10000,6500,439,Puebla Norte,1.384988584,0,3500,3333.3333333333335,Urbano,19.13397142857143,-98.24565714285714,19.13397142857143,-98.24565714285714,1.3,11
112891,2023-11-27,2000,Femenino,1,72670,72120,8000,4200,551,Puebla Norte,0.81049961,0,3800,4000.0,Rural,19.136,-98.30565,19.077,-98.24652,2.9,11
115617,2023-12-19,8000,Femenino,0,72680,72680,7000,6000,442,Puebla Norte,1.804213135,0,1000,7000.0,Rural,19.1341,-98.2834,19.1341,-98.2834,1.3,12
115779,2023-12-19,3500,Masculino,1,72680,72680,8000,7000,463,Puebla Norte,0.945584046,0,1000,4000.0,Rural,19.1341,-98.2834,19.1341,-98.2834,1.5,12
129828,2024-03-26,7500,Masculino,1,72680,72680,12000,6000,639,Puebla Norte,1.844072697,0,6000,6000.0,Rural,19.1341,-98.2834,19.1341,-98.2834,6.1,3
130933,2024-04-03,7500,Femenino,1,72700,72700,12000,8500,494,Puebla Norte,1.49486653,1,3500,6000.0,Urbano,19.0836,-98.26316666666666,19.0836,-98.26316666666666,1.9,4
134717,2024-04-24,12000,Femenino,1,72680,72670,12000,7500,438,Puebla Norte,1.272527473,0,4500,6000.0,Rural,19.1341,-98.2834,19.136,-98.30565,1.3,4
135593,2024-04-29,7500,Masculino,1,72710,72700,11000,8000,406,Puebla Norte,1.278471016,0,3000,5500.0,Urbano,19.13397142857143,-98.24565714285714,19.0836,-98.26316666666666,0.9,4
135759,2024-05-01,7500,Femenino,0,72050,72000,19500,5000,484,Puebla Norte,1.667276423,0,14500,19500.0,Urbano,19.06085,-98.20216666666666,19.0479,-98.1907,1.8,5
136000,2024-05-01,7000,Femenino,0,72680,72680,7000,6000,516,Puebla Norte,0.895813703,1,1000,7000.0,Rural,19.1341,-98.2834,19.1341,-98.2834,2.1,5
138855,2024-05-18,5500,Femenino,1,72680,72670,15000,20000,398,Puebla Norte,1.063784247,0,-5000,7500.0,Rural,19.1341,-98.2834,19.136,-98.30565,0.9,5
141488,2024-06-04,5000,Femenino,1,72230,72680,0,10000,488,Puebla Norte,1.063778772,0,-10000,0.0,Urbano,19.0737,-98.18966666666668,19.1341,-98.2834,1.8,6
163868,2024-10-04,6000,Femenino,0,72680,72680,10000,5000,489,Puebla Norte,1.063777881,0,5000,10000.0,Rural,19.1341,-98.2834,19.1341,-98.2834,1.8,10
71980,2023-02-08,7000,Femenino,0,72014,72106,10500,1500,559,Puebla Norte,1.049922998,1,9000,10500.0,Urbano,19.104788888888887,-98.20335555555556,19.1181,-98.21373333333334,2.9,2
79220,2023-04-03,4000,Femenino,2,90750,90740,6000,6000,518,Puebla Norte,1.053938356,1,0,2000.0,Urbano,19.1943375,-98.2415375,19.2159,-98.23941428571428,2.1,4
114140,2023-12-06,7500,Femenino,0,90750,90750,1000,6800,652,Puebla Norte,1.291897015,0,-5800,1000.0,Urbano,19.1943375,-98.2415375,19.1943375,-98.2415375,6.1,12
112304,2023-11-22,9000,Femenino,1,90750,90740,6000,13500,395,Puebla Norte,1.293767546,1,-7500,3000.0,Urbano,19.1943375,-98.2415375,19.2159,-98.23941428571428,0.9,11
98699,2023-08-19,2500,Femenino,0,90460,90480,6500,1000,564,Puebla Norte,0.851027397,0,5500,6500.0,Urbano,19.40686666666667,-98.03701666666666,19.3887,-98.02175,3.2,8
138295,2024-05-15,3000,Femenino,2,90460,90460,3500,500,527,Puebla Norte,0.895818313,1,3000,1166.6666666666667,Urbano,19.40686666666667,-98.03701666666666,19.40686666666667,-98.03701666666666,2.2,5
138287,2024-05-15,4000,Femenino,0,90460,90460,12000,9000,469,Puebla Norte,0.709188912,1,3000,12000.0,Urbano,19.40686666666667,-98.03701666666666,19.40686666666667,-98.03701666666666,1.6,5
78742,2023-04-01,7000,Femenino,2,90920,90920,5200,3200,522,Puebla Norte,0.0,1,2000,1733.3333333333333,Urbano,19.1374,-98.1546,19.1374,-98.1546,2.2,4
74221,2023-02-24,12000,Femenino,0,90540,90540,8000,5000,567,Puebla Norte,1.063798027,1,3000,8000.0,Urbano,19.456966666666663,-97.93876666666668,19.456966666666663,-97.93876666666668,3.2,2
74795,2023-03-01,5000,Femenino,0,90540,90540,14000,0,421,Puebla Norte,1.052919708,1,14000,14000.0,Urbano,19.456966666666663,-97.93876666666668,19.456966666666663,-97.93876666666668,1.2,3
112348,2023-11-22,4000,Femenino,3,90540,90540,0,6000,470,Puebla Norte,1.063784247,0,-6000,0.0,Urbano,19.456966666666663,-97.93876666666668,19.456966666666663,-97.93876666666668,1.6,11
134602,2024-04-24,12000,Femenino,2,90540,90540,10000,5000,446,Puebla Norte,1.104011544,0,5000,3333.3333333333335,Urbano,19.456966666666663,-97.93876666666668,19.456966666666663,-97.93876666666668,1.3,4
137215,2024-05-10,3000,Femenino,0,90540,90540,12000,3000,553,Puebla Norte,1.110273973,1,9000,12000.0,Urbano,19.456966666666663,-97.93876666666668,19.456966666666663,-97.93876666666668,2.9,5
141437,2024-06-03,7500,Femenino,2,90540,90540,15000,8000,498,Puebla Norte,1.134702259,0,7000,5000.0,Urbano,19.456966666666663,-97.93876666666668,19.456966666666663,-97.93876666666668,1.9,6
173040,2024-11-12,3000,Femenino,2,90540,90540,13000,6000,463,Puebla Norte,0.773658718,0,7000,4333.333333333333,Urbano,19.456966666666663,-97.93876666666668,19.456966666666663,-97.93876666666668,1.5,11
142210,2024-06-12,3000,Masculino,2,90544,90540,6000,4500,449,Puebla Norte,1.001208703,1,1500,2000.0,Urbano,19.469,-97.9559,19.456966666666663,-97.93876666666668,1.3,6
115604,2023-12-18,10000,Masculino,2,90790,90790,5000,4500,603,Puebla Norte,1.13469759,1,500,1666.6666666666667,Urbano,19.166083333333333,-98.20861666666669,19.166083333333333,-98.20861666666669,4.6,12
134245,2024-04-24,9000,Masculino,0,90780,90870,12000,4000,416,Puebla Norte,1.134695864,1,8000,12000.0,Urbano,19.2005,-98.24326666666668,19.1961,-98.1839,1.2,4
163801,2024-09-24,9000,Femenino,1,90790,90790,0,4000,488,Puebla Norte,0.0,0,-4000,0.0,Urbano,19.166083333333333,-98.20861666666669,19.166083333333333,-98.20861666666669,1.8,9
112916,2023-11-29,7500,Femenino,0,90760,90195,1000,8000,598,Puebla Norte,1.063783368,0,-7000,1000.0,Urbano,19.2239,-98.2486,19.23405,-98.25335,4.0,11
129519,2024-03-25,10000,Femenino,0,90760,90195,1000,8000,631,Puebla Norte,1.06377899,1,-7000,1000.0,Urbano,19.2239,-98.2486,19.23405,-98.25335,5.3,3
129527,2024-03-25,5500,Femenino,0,90180,90180,10000,8000,698,Puebla Norte,1.063777372,0,2000,10000.0,Urbano,19.248933333333333,-98.22826666666668,19.248933333333333,-98.22826666666668,8.3,3
71852,2023-02-08,9000,Femenino,0,72228,72000,8000,0,432,Puebla Norte,1.215745568,1,8000,8000.0,Urbano,19.08726,-98.16228,19.0479,-98.1907,1.2,2
96917,2023-08-09,13000,Femenino,0,72017,72000,7000,6500,547,Puebla Norte,1.063798395,0,500,7000.0,Urbano,19.0869,-98.1726,19.0479,-98.1907,2.75,8
113354,2023-12-02,3000,Femenino,1,72228,72017,8500,4000,616,Puebla Norte,1.063784247,0,4500,4250.0,Urbano,19.08726,-98.16228,19.0869,-98.1726,5.3,12
113917,2023-12-05,9000,Masculino,0,72016,72016,9500,5000,505,Puebla Norte,0.851038422,0,4500,9500.0,Urbano,19.0893,-98.18754,19.0893,-98.18754,2.0,12
134327,2024-04-23,3000,Femenino,0,90450,90450,7000,2000,581,Puebla Norte,1.038741438,0,5000,7000.0,Urbano,19.40008333333333,-98.17808333333332,19.40008333333333,-98.17808333333332,3.5,4
139381,2024-05-22,5000,Masculino,3,90450,90450,12000,8000,544,Puebla Norte,1.001208703,0,4000,3000.0,Urbano,19.40008333333333,-98.17808333333332,19.40008333333333,-98.17808333333332,2.75,5
141869,2024-06-05,9000,Femenino,3,90450,90450,1000,8000,563,Puebla Norte,1.134587252,0,-7000,250.0,Urbano,19.40008333333333,-98.17808333333332,19.40008333333333,-98.17808333333332,3.2,6
115374,2023-12-13,5000,Femenino,1,74129,74000,10000,6000,415,Puebla Norte,1.20425636,0,4000,5000.0,Urbano,19.253833333333333,-98.42978333333332,19.2689,-98.4285,1.2,12
97649,2023-08-14,3000,Femenino,1,72670,72670,8000,8500,489,Puebla Norte,0.0,0,-500,4000.0,Rural,19.136,-98.30565,19.136,-98.30565,1.8,8
112186,2023-11-21,7500,Femenino,2,90403,90300,8000,6000,535,Puebla Norte,1.632032854,0,2000,2666.6666666666665,Urbano,19.4384,-98.0781,19.4233,-98.1273,2.6,11
112699,2023-11-25,7000,Femenino,0,90402,90402,10000,4000,526,Puebla Norte,0.851021898,0,6000,10000.0,Urbano,19.4233,-98.10695,19.4233,-98.10695,2.2,11
128722,2024-03-18,4000,Masculino,3,90402,90460,8000,6000,556,Puebla Norte,1.295463511,0,2000,2000.0,Urbano,19.4233,-98.10695,19.40686666666667,-98.03701666666666,2.9,3
132257,2024-04-10,9000,Masculino,1,90300,90300,19000,10000,615,Puebla Norte,1.063799076,0,9000,9500.0,Urbano,19.4233,-98.1273,19.4233,-98.1273,5.3,4
132926,2024-04-13,7500,Femenino,1,90430,90430,1000,6000,440,Puebla Norte,1.179671458,0,-5000,500.0,Urbano,19.46616,-98.09848,19.46616,-98.09848,1.3,4
133576,2024-04-17,7500,Femenino,0,90300,90300,12000,7500,382,Puebla Norte,1.108231014,0,4500,12000.0,Urbano,19.4233,-98.1273,19.4233,-98.1273,0.9,4
139894,2024-05-29,3000,Femenino,1,90300,90355,13000,9500,381,Puebla Norte,1.194227006,0,3500,6500.0,Urbano,19.4233,-98.1273,19.4038,-98.02775,0.9,5
140897,2024-06-01,9000,Femenino,2,90402,90300,14000,8500,646,Puebla Norte,1.276788713,0,5500,4666.666666666667,Urbano,19.4233,-98.10695,19.4233,-98.1273,6.1,6
74369,2023-02-25,3000,Femenino,0,72000,72000,4800,820,480,Puebla Norte,0.0,0,3980,4800.0,Urbano,19.0479,-98.1907,19.0479,-98.1907,1.8,2
113996,2023-12-05,6000,Femenino,2,72230,72229,25000,3800,460,Puebla Norte,1.125641026,1,21200,8333.333333333334,Urbano,19.0737,-98.18966666666668,19.068116666666665,-98.13001666666666,1.5,12
129859,2024-03-26,8000,Femenino,1,72000,72000,2000,2000,504,Puebla Norte,1.27852445,1,0,1000.0,Urbano,19.0479,-98.1907,19.0479,-98.1907,2.0,3
137160,2024-05-08,5000,Femenino,0,72200,74050,1000,5000,483,Puebla Norte,1.002368097,0,-4000,1000.0,Urbano,19.0807,-98.1818,19.225466666666662,-98.40856666666669,1.8,5
137589,2024-05-13,5500,Femenino,0,72210,72000,17000,2000,452,Puebla Norte,1.281085353,0,15000,17000.0,Urbano,19.07612857142857,-98.17524285714283,19.0479,-98.1907,1.5,5
141047,2024-05-31,7500,Femenino,0,72210,72210,8000,3000,587,Puebla Norte,1.194047619,0,5000,8000.0,Urbano,19.07612857142857,-98.17524285714283,19.07612857142857,-98.17524285714283,4.0,5
137635,2024-05-11,6000,Femenino,1,90110,90017,17000,10700,460,Puebla Norte,1.063777881,0,6300,8500.0,Urbano,19.2946,-98.245,19.3094,-98.2368,1.5,5
141939,2024-06-05,5500,Masculino,2,90000,90000,0,4500,661,Puebla Norte,2.070967742,0,-4500,0.0,Urbano,19.3617,-98.2338,19.3617,-98.2338,6.1,6
111851,2023-11-20,7000,Femenino,2,72680,72670,15000,9000,505,Puebla Norte,1.063784247,0,6000,5000.0,Rural,19.1341,-98.2834,19.136,-98.30565,2.0,11
112877,2023-11-27,7500,Masculino,0,72680,72680,8000,10000,369,Puebla Norte,1.632648871,0,-2000,8000.0,Rural,19.1341,-98.2834,19.1341,-98.2834,0.9,11
113042,2023-11-28,5000,Femenino,0,72680,72670,8000,6000,509,Puebla Norte,1.641438356,0,2000,8000.0,Rural,19.1341,-98.2834,19.136,-98.30565,2.0,11
114027,2023-12-05,5000,Femenino,2,72680,72670,12000,9000,500,Puebla Norte,1.385273973,1,3000,4000.0,Rural,19.1341,-98.2834,19.136,-98.30565,2.0,12
115186,2023-12-13,7500,Femenino,2,72680,72670,10000,7000,424,Puebla Norte,1.134702259,0,3000,3333.3333333333335,Rural,19.1341,-98.2834,19.136,-98.30565,1.2,12
115443,2023-12-18,5500,Masculino,3,72680,72680,18000,12000,518,Puebla Norte,1.508094645,1,6000,4500.0,Rural,19.1341,-98.2834,19.1341,-98.2834,2.1,12
115465,2023-12-19,8000,Femenino,0,72680,72670,10000,7000,567,Puebla Norte,1.503717472,0,3000,10000.0,Rural,19.1341,-98.2834,19.136,-98.30565,3.2,12
129743,2024-03-25,5500,Masculino,2,72710,72710,8800,6000,498,Puebla Norte,1.847792998,0,2800,2933.3333333333335,Urbano,19.13397142857143,-98.24565714285714,19.13397142857143,-98.24565714285714,1.9,3
130271,2024-03-27,4500,Femenino,0,72680,74910,12000,10000,442,Puebla Norte,2.263003663,0,2000,12000.0,Rural,19.1341,-98.2834,18.4044,-97.8292,1.3,3
132657,2024-04-12,7000,Femenino,0,72710,72000,10000,10000,504,Puebla Norte,1.275575519,0,0,10000.0,Urbano,19.13397142857143,-98.24565714285714,19.0479,-98.1907,2.0,4
132958,2024-04-13,4000,Femenino,1,72680,72680,9000,5000,500,Puebla Norte,1.215750916,0,4000,4500.0,Rural,19.1341,-98.2834,19.1341,-98.2834,2.0,4
134376,2024-04-22,3000,Femenino,0,72700,72700,7000,9000,439,Puebla Norte,1.286354057,0,-2000,7000.0,Urbano,19.0836,-98.26316666666666,19.0836,-98.26316666666666,1.3,4
134875,2024-04-29,7500,Femenino,2,72680,72670,15000,6000,462,Puebla Norte,1.215747418,0,9000,5000.0,Rural,19.1341,-98.2834,19.136,-98.30565,1.5,4
136907,2024-05-07,3000,Femenino,0,72680,72670,16000,9000,522,Puebla Norte,1.283719705,0,7000,16000.0,Rural,19.1341,-98.2834,19.136,-98.30565,2.2,5
138896,2024-05-18,5000,Masculino,0,72680,72670,15000,12000,471,Puebla Norte,1.134702259,0,3000,15000.0,Rural,19.1341,-98.2834,19.136,-98.30565,1.6,5
139301,2024-05-22,5000,Femenino,1,72680,72670,4000,6000,535,Puebla Norte,1.194338516,0,-2000,2000.0,Rural,19.1341,-98.2834,19.136,-98.30565,2.6,5
141655,2024-06-04,4500,Femenino,0,72680,74910,12000,10000,443,Puebla Norte,1.666742081,0,2000,12000.0,Rural,19.1341,-98.2834,18.4044,-97.8292,1.3,6
141657,2024-06-04,6000,Femenino,1,72680,72680,0,9000,455,Puebla Norte,1.280416013,0,-9000,0.0,Rural,19.1341,-98.2834,19.1341,-98.2834,1.5,6
141823,2024-06-05,7000,Femenino,0,72680,72680,0,9000,488,Puebla Norte,1.278298937,0,-9000,0.0,Rural,19.1341,-98.2834,19.1341,-98.2834,1.8,6
142349,2024-06-10,5000,Masculino,0,72700,72680,15000,11000,653,Puebla Norte,1.369086022,0,4000,15000.0,Urbano,19.0836,-98.26316666666666,19.1341,-98.2834,6.1,6
142374,2024-06-08,5000,Femenino,3,72680,72670,15000,8000,646,Puebla Norte,1.063780738,0,7000,3750.0,Rural,19.1341,-98.2834,19.136,-98.30565,6.1,6
142406,2024-06-10,12000,Masculino,0,72680,72700,15000,10000,398,Puebla Norte,1.844306663,1,5000,15000.0,Rural,19.1341,-98.2834,19.0836,-98.26316666666666,0.9,6
111705,2023-11-20,3000,Femenino,0,74122,74064,9000,5500,616,Puebla Norte,1.2971549,0,3500,9000.0,Rural,19.2917,-98.4681,19.2706,-98.4447,5.3,11
115043,2023-12-12,6000,Femenino,0,74000,74000,6000,5000,482,Puebla Norte,0.945580163,0,1000,6000.0,Urbano,19.2689,-98.4285,19.2689,-98.4285,1.8,12
112488,2023-11-27,5000,Femenino,2,72014,72014,8000,7000,451,Puebla Norte,1.001206637,0,1000,2666.6666666666665,Urbano,19.104788888888887,-98.20335555555556,19.104788888888887,-98.20335555555556,1.3,11
112465,2023-11-24,6000,Femenino,0,90640,90640,10000,6000,461,Puebla Norte,1.203872103,0,4000,10000.0,Urbano,19.34672,-98.13502,19.34672,-98.13502,1.5,11
130188,2024-03-27,5000,Femenino,0,90640,90640,10000,6000,530,Puebla Norte,1.063777683,0,4000,10000.0,Urbano,19.34672,-98.13502,19.34672,-98.13502,2.6,3
130295,2024-03-27,5000,Femenino,0,90640,90495,10000,5000,613,Puebla Norte,1.38514174,0,5000,10000.0,Urbano,19.34672,-98.13502,19.3604,-98.0877,4.6,3
141909,2024-06-05,6000,Femenino,2,90640,90640,25000,18000,535,Puebla Norte,0.851021898,0,7000,8333.333333333334,Urbano,19.34672,-98.13502,19.34672,-98.13502,2.6,6
111876,2023-11-18,7000,Femenino,1,90000,90000,11000,12500,503,Puebla Norte,1.134702259,0,-1500,5500.0,Urbano,19.3617,-98.2338,19.3617,-98.2338,2.0,11
139031,2024-05-22,7000,Femenino,0,72307,72310,10500,7000,471,Puebla Norte,1.273100616,1,3500,10500.0,Urbano,19.0669,-98.1459,19.069975,-98.166425,1.6,5
138845,2024-05-18,8000,Masculino,2,74367,74367,5000,6800,523,Puebla Poniente,0.986384835,1,-1800,1666.6666666666667,Urbano,18.93472,-98.3947,18.93472,-98.3947,2.2,5
174334,2024-11-19,10000,Masculino,0,72498,72850,8000,4000,530,Puebla Poniente,0.0,1,4000,8000.0,Urbano,19.014940000000003,-98.22058,18.960625,-98.305825,2.6,11
112232,2023-11-22,4000,Femenino,1,71243,71240,4000,8000,568,Oaxaca,1.215753425,0,-4000,2000.0,Urbano,17.05905,-96.7304,17.0661,-96.68595,3.2,11
116855,2023-12-27,7000,Femenino,1,71294,71294,8000,3500,591,Oaxaca,1.199911998,0,4500,4000.0,Rural,16.9137,-96.7252,16.9137,-96.7252,4.0,12
88728,2023-06-14,4100,Femenino,0,71260,71260,20000,15000,439,Oaxaca,0.851023018,0,5000,20000.0,Urbano,17.0086,-96.70443333333333,17.0086,-96.70443333333333,1.3,6
112260,2023-11-22,5000,Masculino,2,71313,71310,3800,3000,426,Oaxaca,1.123972603,1,800,1266.6666666666667,Urbano,16.928575000000002,-96.743425,16.956875,-96.757825,1.2,11
112572,2023-11-27,4300,Femenino,0,71265,71205,5000,1000,665,Oaxaca,0.945585216,0,4000,5000.0,Urbano,16.81875,-96.79395,16.845599999999997,-96.800075,8.3,11
112283,2023-11-22,3500,Femenino,1,68270,68270,12000,4000,537,Oaxaca,0.680817518,0,8000,6000.0,Urbano,17.111433333333334,-96.59863333333332,17.111433333333334,-96.59863333333332,2.6,11
112306,2023-11-22,5000,Femenino,1,71226,68297,15000,6000,0,Oaxaca,0.945585216,0,9000,7500.0,Rural,17.0583,-96.6833,17.043075,-96.63,0.0,11
124509,2024-02-20,3000,Femenino,1,68020,68000,13000,5000,404,Oaxaca,0.851027397,0,8000,6500.0,Urbano,17.1034,-96.7063,17.0654,-96.7236,0.9,2
112531,2023-11-24,2500,Femenino,0,71200,71200,9000,3000,513,Oaxaca,0.77366127,1,6000,9000.0,Urbano,16.850640000000002,-96.83808,16.850640000000002,-96.83808,2.1,11
177168,2024-12-06,3000,Femenino,1,70464,70461,0,5500,521,Oaxaca,0.0,1,-5500,0.0,Rural,16.9551,-96.5436,17.0158,-96.54,2.2,12
104038,2023-09-23,5000,Femenino,2,71232,71230,15000,20000,641,Oaxaca,1.063783368,0,-5000,5000.0,Urbano,17.016242857142856,-96.74754285714286,17.030383333333333,-96.75216666666668,6.1,9
112516,2023-11-24,12500,Femenino,1,71232,71232,16000,12000,533,Oaxaca,1.635514019,0,4000,8000.0,Urbano,17.016242857142856,-96.74754285714286,17.016242857142856,-96.74754285714286,2.6,11
115264,2023-12-13,5500,Femenino,2,71230,71230,10000,12000,626,Oaxaca,1.40696347,0,-2000,3333.3333333333335,Urbano,17.030383333333333,-96.75216666666668,17.030383333333333,-96.75216666666668,5.3,12
109422,2023-11-01,3000,Masculino,1,71240,71240,9000,5500,487,Oaxaca,1.063888889,1,3500,4500.0,Urbano,17.0661,-96.68595,17.0661,-96.68595,1.8,11
111844,2023-11-21,4500,Masculino,0,68120,68000,10000,8500,452,Oaxaca,0.709184915,0,1500,10000.0,Urbano,17.0337,-96.71745,17.0654,-96.7236,1.5,11
112653,2023-11-27,9000,Femenino,1,71243,71243,16000,10000,491,Oaxaca,0.945599179,0,6000,8000.0,Urbano,17.05905,-96.7304,17.05905,-96.7304,1.9,11
112671,2023-11-27,6500,Masculino,0,68000,68485,10000,5000,387,Oaxaca,1.063783368,0,5000,10000.0,Urbano,17.0654,-96.7236,17.732499999999998,-96.31203333333332,0.9,11
125026,2024-02-21,4500,Femenino,1,71243,71243,10000,8000,410,Oaxaca,0.945579886,0,2000,5000.0,Urbano,17.05905,-96.7304,17.05905,-96.7304,1.2,2
129418,2024-03-26,5500,Femenino,2,71260,71260,10000,6500,453,Oaxaca,1.001208703,0,3500,3333.3333333333335,Urbano,17.0086,-96.70443333333333,17.0086,-96.70443333333333,1.5,3
105025,2023-09-30,5000,Femenino,1,70400,70400,32000,15000,585,Oaxaca,1.019484668,0,17000,16000.0,Urbano,16.907600000000002,-96.42645,16.907600000000002,-96.42645,4.0,9
111857,2023-11-22,6500,Femenino,1,70400,70403,28000,12000,449,Oaxaca,1.378614916,0,16000,14000.0,Urbano,16.907600000000002,-96.42645,16.932555555555556,-96.43321111111112,1.3,11
92809,2023-07-12,3000,Femenino,0,70417,70417,20000,8000,435,Oaxaca,0.851026694,0,12000,20000.0,Rural,17.0012,-96.6035,17.0012,-96.6035,1.3,7
112216,2023-11-22,13500,Femenino,1,68276,68000,16000,3500,589,Oaxaca,1.510945146,0,12500,8000.0,Urbano,17.11635,-96.7372,17.0654,-96.7236,4.0,11
112268,2023-11-22,7500,Femenino,0,68010,68000,12000,5000,518,Oaxaca,1.295371979,0,7000,12000.0,Urbano,17.10575,-96.7343,17.0654,-96.7236,2.1,11
115369,2023-12-13,6500,Masculino,1,71230,71230,16000,6000,416,Oaxaca,2.01755137,0,10000,8000.0,Urbano,17.030383333333333,-96.75216666666668,17.030383333333333,-96.75216666666668,1.2,12
85070,2023-05-17,6000,Femenino,0,71205,71200,12500,0,483,Oaxaca,0.945585216,1,12500,12500.0,Rural,16.845599999999997,-96.800075,16.850640000000002,-96.83808,1.8,5
111867,2023-11-18,5500,Masculino,2,71254,71250,28000,4000,439,Oaxaca,1.292149631,0,24000,9333.333333333334,Urbano,17.0226,-96.7049,17.027,-96.6988,1.3,11
112121,2023-11-22,7500,Masculino,3,71253,71253,28000,8000,494,Oaxaca,0.992933929,0,20000,7000.0,Urbano,17.0229,-96.69495,17.0229,-96.69495,1.9,11
112127,2023-11-21,8000,Femenino,0,71250,71250,28000,10000,648,Oaxaca,2.316781731,0,18000,28000.0,Urbano,17.027,-96.6988,17.027,-96.6988,6.1,11
112281,2023-11-22,7500,Femenino,1,71230,71230,22500,12500,669,Oaxaca,2.302837573,0,10000,11250.0,Urbano,17.030383333333333,-96.75216666666668,17.030383333333333,-96.75216666666668,8.3,11
124156,2024-02-16,7500,Femenino,0,94463,94450,13000,6000,523,Orizaba,1.20299208,0,7000,13000.0,Urbano,18.8746,-97.03741111111113,18.86552,-97.04702,2.2,2
125638,2024-02-26,5000,Femenino,1,94463,94463,8500,2500,525,Orizaba,1.203033268,1,6000,4250.0,Urbano,18.8746,-97.03741111111113,18.8746,-97.03741111111113,2.2,2
98249,2023-08-16,3000,Femenino,0,94320,94300,9000,4000,511,Orizaba,1.063783368,0,5000,9000.0,Urbano,18.85786,-97.1011,18.8508,-97.098,2.1,8
135371,2024-04-29,8000,Femenino,0,94339,94440,9300,6900,559,Orizaba,1.134696406,0,2400,9300.0,Urbano,18.872,-97.1012,18.9205,-97.0815,2.9,4
135377,2024-04-29,11000,Femenino,0,94339,94440,22800,7100,468,Orizaba,1.001222019,0,15700,22800.0,Urbano,18.872,-97.1012,18.9205,-97.0815,1.6,4
137080,2024-05-08,5000,Femenino,0,94339,94339,12000,6800,541,Orizaba,1.215745568,0,5200,12000.0,Urbano,18.872,-97.1012,18.872,-97.1012,2.75,5
137083,2024-05-08,7000,Femenino,0,94339,94339,16000,6900,497,Orizaba,1.21574615,0,9100,16000.0,Urbano,18.872,-97.1012,18.872,-97.1012,1.9,5
108021,2023-10-25,5000,Femenino,0,94380,94380,7000,5000,397,Orizaba,0.810497046,1,2000,7000.0,Urbano,18.838225,-97.099325,18.838225,-97.099325,0.9,10
119811,2024-01-17,2700,Femenino,0,94430,94310,8500,1940,477,Orizaba,0.680821114,0,6560,8500.0,Urbano,18.88128571428572,-97.13495714285716,18.86438,-97.11274,1.6,1
133395,2024-04-17,8000,Femenino,1,94457,94450,12000,4300,474,Orizaba,1.492734032,1,7700,6000.0,Rural,18.8214,-97.0276,18.86552,-97.04702,1.6,4
130846,2024-04-01,10000,Femenino,0,94320,94740,16200,9000,627,Orizaba,1.418371987,0,7200,16200.0,Urbano,18.85786,-97.1011,18.804,-97.1787,5.3,4
134349,2024-04-22,6000,Masculino,0,94460,94460,12000,8000,573,Orizaba,1.377321603,0,4000,12000.0,Semiurbano,18.85034,-97.05392,18.85034,-97.05392,3.5,4
135840,2024-05-01,7500,Masculino,0,94380,94300,11200,8200,650,Orizaba,1.309265084,0,3000,11200.0,Urbano,18.838225,-97.099325,18.8508,-97.098,6.1,5
130325,2024-03-27,7500,Femenino,0,94349,94460,3800,2300,463,Orizaba,1.19118428,1,1500,3800.0,Urbano,18.8597,-97.0722,18.85034,-97.05392,1.5,3
132132,2024-04-10,5500,Femenino,0,94450,94300,4800,2500,571,Orizaba,1.063784247,1,2300,4800.0,Urbano,18.86552,-97.04702,18.8508,-97.098,3.2,4
130861,2024-04-01,5500,Femenino,0,94410,94410,7600,4500,648,Orizaba,1.288988409,0,3100,7600.0,Urbano,18.806366666666666,-97.09823333333334,18.806366666666666,-97.09823333333334,6.1,4
130882,2024-04-02,3500,Femenino,2,94410,94410,8000,3500,435,Orizaba,1.001207521,0,4500,2666.6666666666665,Urbano,18.806366666666666,-97.09823333333334,18.806366666666666,-97.09823333333334,1.3,4
131030,2024-04-03,7500,Femenino,1,94860,94860,8000,4500,664,Orizaba,1.134696406,0,3500,4000.0,Rural,18.8056,-97.0987,18.8056,-97.0987,6.1,4
131613,2024-04-08,5500,Femenino,1,94860,94860,8000,4000,660,Orizaba,1.196917808,1,4000,4000.0,Rural,18.8056,-97.0987,18.8056,-97.0987,6.1,4
133865,2024-04-19,7500,Femenino,2,94410,94410,9000,4500,462,Orizaba,1.516390673,0,4500,3000.0,Urbano,18.806366666666666,-97.09823333333334,18.806366666666666,-97.09823333333334,1.5,4
133872,2024-04-19,7000,Femenino,1,94410,94410,9000,4500,517,Orizaba,1.001207875,1,4500,4500.0,Urbano,18.806366666666666,-97.09823333333334,18.806366666666666,-97.09823333333334,2.1,4
135696,2024-04-30,7500,Masculino,0,94410,94410,10000,5000,317,Orizaba,1.134702259,0,5000,10000.0,Urbano,18.806366666666666,-97.09823333333334,18.806366666666666,-97.09823333333334,0.9,4
139388,2024-05-22,5000,Femenino,1,94410,94410,10000,5000,667,Orizaba,1.215753425,0,5000,5000.0,Urbano,18.806366666666666,-97.09823333333334,18.806366666666666,-97.09823333333334,8.3,5
136685,2024-05-06,5500,Masculino,0,94460,95460,10000,4000,422,Orizaba,1.21574615,1,6000,10000.0,Semiurbano,18.85034,-97.05392,18.6133,-95.6589,1.2,5
129573,2024-03-25,6000,Femenino,0,94300,94300,14000,6500,653,Orizaba,1.286245353,0,7500,14000.0,Urbano,18.8508,-97.098,18.8508,-97.098,6.1,3
131078,2024-04-03,4000,Femenino,1,94462,94462,8000,5000,526,Orizaba,1.001207875,0,3000,4000.0,Urbano,18.89908,-97.0576,18.89908,-97.0576,2.2,4
131571,2024-04-10,7000,Femenino,2,94462,94450,13000,4500,425,Orizaba,1.21575242,0,8500,4333.333333333333,Urbano,18.89908,-97.0576,18.86552,-97.04702,1.2,4
131716,2024-04-10,7500,Femenino,0,94462,94450,9500,6000,471,Orizaba,1.278495227,0,3500,9500.0,Urbano,18.89908,-97.0576,18.86552,-97.04702,1.6,4
133360,2024-04-17,4000,Femenino,0,94340,94300,9500,5000,508,Orizaba,1.278451001,0,4500,9500.0,Urbano,18.85474,-97.08142,18.8508,-97.098,2.0,4
135639,2024-04-30,6500,Femenino,0,94450,94450,9500,5000,425,Orizaba,1.495104895,0,4500,9500.0,Urbano,18.86552,-97.04702,18.86552,-97.04702,1.2,4
102881,2023-09-15,3000,Femenino,0,94462,94462,7500,3500,600,Orizaba,1.123264957,1,4000,7500.0,Urbano,18.89908,-97.0576,18.89908,-97.0576,4.6,9
121522,2024-01-29,3000,Femenino,0,94460,94300,8000,4000,480,Orizaba,0.0,0,4000,8000.0,Semiurbano,18.85034,-97.05392,18.8508,-97.098,1.8,1
110389,2023-11-08,3000,Masculino,0,94329,94467,18000,6500,563,Orizaba,0.680821355,0,11500,18000.0,Urbano,18.858,-97.0989,18.9372,-97.0183,3.2,11
108974,2023-10-30,3000,Masculino,1,94469,94469,12000,5000,500,Orizaba,0.740023824,0,7000,6000.0,Unknown,18.8544,-96.9825,18.8544,-96.9825,2.0,10
130172,2024-03-27,8000,Masculino,1,94469,94469,12000,5000,515,Orizaba,1.288390049,1,7000,6000.0,Unknown,18.8544,-96.9825,18.8544,-96.9825,2.1,3
131670,2024-04-08,8500,Femenino,0,94469,94469,10000,4500,629,Orizaba,1.134696195,0,5500,10000.0,Unknown,18.8544,-96.9825,18.8544,-96.9825,5.3,4
132066,2024-04-09,7500,Femenino,0,94469,94450,18500,4500,600,Orizaba,1.504573455,0,14000,18500.0,Unknown,18.8544,-96.9825,18.86552,-97.04702,4.6,4
132937,2024-04-15,5500,Masculino,1,94469,94469,0,21000,557,Orizaba,1.134703196,0,-21000,0.0,Unknown,18.8544,-96.9825,18.8544,-96.9825,2.9,4
133109,2024-04-17,5500,Masculino,0,94469,94450,12000,3500,559,Orizaba,1.387557078,0,8500,12000.0,Unknown,18.8544,-96.9825,18.86552,-97.04702,2.9,4
133847,2024-04-19,7500,Femenino,0,94469,94450,12500,3500,426,Orizaba,1.280998263,0,9000,12500.0,Unknown,18.8544,-96.9825,18.86552,-97.04702,1.2,4
129606,2024-03-25,17000,Femenino,0,94450,94450,8000,1500,664,Orizaba,1.063778209,1,6500,8000.0,Urbano,18.86552,-97.04702,18.86552,-97.04702,6.1,3
130578,2024-04-01,5500,Femenino,0,94460,94450,9000,5000,492,Orizaba,1.134703196,0,4000,9000.0,Semiurbano,18.85034,-97.05392,18.86552,-97.04702,1.9,4
131093,2024-04-05,5500,Masculino,0,94730,94780,9500,2500,496,Orizaba,1.278714436,0,7000,9500.0,Semiurbano,18.84075,-97.1467,18.8134,-97.1594,1.9,4
133970,2024-04-22,3000,Femenino,0,94732,94730,17000,3500,519,Orizaba,1.134703196,0,13500,17000.0,Urbano,18.84103333333333,-97.13744,18.84075,-97.1467,2.2,4
130908,2024-04-02,12000,Femenino,3,94399,94730,18000,6500,440,Orizaba,1.063799234,0,11500,4500.0,Urbano,18.8497,-97.09925,18.84075,-97.1467,1.3,4
133800,2024-04-19,5000,Masculino,3,94340,94340,8000,5000,433,Orizaba,1.063783368,0,3000,2000.0,Urbano,18.85474,-97.08142,18.85474,-97.08142,1.2,4
136687,2024-05-06,8000,Masculino,1,94733,94733,8000,7000,417,Orizaba,1.418370508,0,1000,4000.0,Semiurbano,18.83532222222222,-97.13045555555556,18.83532222222222,-97.13045555555556,1.2,5
131532,2024-04-08,14000,Femenino,0,94720,94720,14000,2800,425,Orizaba,1.194248609,0,11200,14000.0,Urbano,18.82150625,-97.170475,18.82150625,-97.170475,1.2,4
131819,2024-04-08,5500,Femenino,0,94730,94740,7500,3500,575,Orizaba,1.134703196,0,4000,7500.0,Semiurbano,18.84075,-97.1467,18.804,-97.1787,3.5,4
117570,2024-01-02,3000,Femenino,1,94310,94300,8600,4800,483,Orizaba,0.0,0,3800,4300.0,Urbano,18.86438,-97.11274,18.8508,-97.098,1.8,1
129906,2024-03-26,5000,Femenino,0,94350,94350,12750,2010,608,Orizaba,1.063784247,0,10740,12750.0,Urbano,18.85173333333333,-97.11285,18.85173333333333,-97.11285,4.6,3
133982,2024-04-22,13000,Masculino,0,94310,94300,37890,2160,368,Orizaba,1.192971806,0,35730,37890.0,Urbano,18.86438,-97.11274,18.8508,-97.098,0.9,4
134146,2024-04-22,7500,Femenino,0,94464,94450,22000,6900,438,Orizaba,1.526787381,0,15100,22000.0,Rural,18.83342,-96.99822,18.86552,-97.04702,1.3,4
129495,2024-03-25,5500,Femenino,1,94350,94300,13000,5200,595,Orizaba,1.492839352,0,7800,6500.0,Urbano,18.85173333333333,-97.11285,18.8508,-97.098,4.0,3
130549,2024-03-29,5500,Masculino,0,94310,94300,10000,5000,629,Orizaba,1.702054795,0,5000,10000.0,Urbano,18.86438,-97.11274,18.8508,-97.098,5.3,3
119070,2024-01-10,3000,Femenino,1,94442,94463,2400,1200,408,Orizaba,2.260273973,0,1200,1200.0,Rural,18.9522,-97.0739,18.8746,-97.03741111111113,1.2,1
132842,2024-04-15,5500,Masculino,2,94450,94450,6500,7500,502,Orizaba,1.378995434,0,-1000,2166.6666666666665,Urbano,18.86552,-97.04702,18.86552,-97.04702,2.0,4
134051,2024-04-22,5500,Femenino,0,94462,94460,6500,5000,469,Orizaba,1.196917808,0,1500,6500.0,Urbano,18.89908,-97.0576,18.85034,-97.05392,1.6,4
134554,2024-04-24,5500,Femenino,2,94450,94462,6500,5000,404,Orizaba,1.672260274,0,1500,2166.6666666666665,Urbano,18.86552,-97.04702,18.89908,-97.0576,0.9,4
135237,2024-04-29,5500,Femenino,0,94460,94460,6500,7000,433,Orizaba,1.377568493,0,-500,6500.0,Semiurbano,18.85034,-97.05392,18.85034,-97.05392,1.2,4
136509,2024-05-06,5500,Masculino,1,94460,94460,6500,7500,579,Orizaba,1.386700913,0,-1000,3250.0,Semiurbano,18.85034,-97.05392,18.85034,-97.05392,3.5,5
100154,2023-08-29,4000,Femenino,0,94748,94730,6500,3000,449,Orizaba,0.680821355,1,3500,6500.0,Rural,18.7903,-97.1681,18.84075,-97.1467,1.3,8
142705,2024-06-12,9000,Femenino,0,94300,94300,10000,6000,396,Orizaba,0.0,0,4000,10000.0,Urbano,18.8508,-97.098,18.8508,-97.098,0.9,6
136473,2024-05-06,9000,Femenino,0,94328,94300,12000,720,449,Orizaba,1.134695864,1,11280,12000.0,Urbano,18.858,-97.0989,18.8508,-97.098,1.3,5
133056,2024-04-15,3000,Masculino,1,94430,94430,19000,3000,568,Orizaba,1.134703196,0,16000,9500.0,Urbano,18.88128571428572,-97.13495714285716,18.88128571428572,-97.13495714285716,3.2,4
131088,2024-04-03,7000,Femenino,0,94732,94730,6000,3500,604,Orizaba,1.271521087,0,2500,6000.0,Urbano,18.84103333333333,-97.13744,18.84075,-97.1467,4.6,4
131899,2024-04-08,7000,Femenino,2,94730,94730,21500,17000,432,Orizaba,1.134695864,0,4500,7166.666666666667,Semiurbano,18.84075,-97.1467,18.84075,-97.1467,1.2,4
129371,2024-03-25,9000,Femenino,1,94734,94734,9000,2500,609,Orizaba,1.116593674,1,6500,4500.0,Semiurbano,18.8338,-97.15671666666668,18.8338,-97.15671666666668,4.6,3
133113,2024-04-17,7000,Masculino,1,94462,94420,12500,10000,425,Orizaba,0.77366127,0,2500,6250.0,Urbano,18.89908,-97.0576,18.896316666666667,-97.121975,1.2,4
131936,2024-04-08,7500,Femenino,1,94732,94732,9150,4000,427,Orizaba,1.377652293,0,5150,4575.0,Urbano,18.84103333333333,-97.13744,18.84103333333333,-97.13744,1.2,4
130777,2024-04-01,4000,Masculino,3,94462,94462,9000,4500,340,Orizaba,1.189194139,1,4500,2250.0,Urbano,18.89908,-97.0576,18.89908,-97.0576,0.9,4
130793,2024-04-01,7000,Femenino,0,94462,94462,9000,4500,494,Orizaba,1.063777372,1,4500,9000.0,Urbano,18.89908,-97.0576,18.89908,-97.0576,1.9,4
131929,2024-04-08,3000,Masculino,0,94723,94740,14000,8000,475,Orizaba,1.001208703,1,6000,14000.0,Rural,18.80123333333333,-97.19875,18.804,-97.1787,1.6,4
137515,2024-05-14,5000,Femenino,0,94337,94300,6800,2890,390,Orizaba,1.116210046,0,3910,6800.0,Urbano,18.8752,-97.1009,18.8508,-97.098,0.9,5
138654,2024-05-17,7000,Masculino,0,94860,94860,10000,8000,450,Orizaba,1.21575242,0,2000,10000.0,Rural,18.8056,-97.0987,18.8056,-97.0987,1.3,5
142372,2024-06-10,5000,Femenino,0,94469,94469,12000,3500,451,Orizaba,1.063784247,0,8500,12000.0,Unknown,18.8544,-96.9825,18.8544,-96.9825,1.3,6
222983,2025-07-28,10000,Masculino,0,94390,94390,15000,7000,371,Orizaba,1.27896294,1,8000,15000.0,Urbano,18.8401,-97.09076666666668,18.8401,-97.09076666666668,0.9,7
134813,2024-04-24,6500,Femenino,1,94300,94300,7500,3000,518,Orizaba,1.063782051,1,4500,3750.0,Urbano,18.8508,-97.098,18.8508,-97.098,2.1,4
132611,2024-04-12,3500,Femenino,2,94464,94464,12000,3000,495,Orizaba,0.810500611,1,9000,4000.0,Rural,18.83342,-96.99822,18.83342,-96.99822,1.9,4
80731,2023-04-17,5000,Femenino,1,94300,94340,5500,5000,441,Orizaba,0.895850738,1,500,2750.0,Urbano,18.8508,-97.098,18.85474,-97.08142,1.3,4
87804,2023-06-13,5000,Masculino,1,94450,94462,12000,2000,429,Orizaba,0.0,0,10000,6000.0,Urbano,18.86552,-97.04702,18.89908,-97.0576,1.2,6
129365,2024-03-25,7000,Masculino,1,94450,94462,12000,2000,490,Orizaba,1.123203285,1,10000,6000.0,Urbano,18.86552,-97.04702,18.89908,-97.0576,1.9,3
133662,2024-04-22,5500,Femenino,0,94320,94450,10000,6200,507,Orizaba,1.063784247,0,3800,10000.0,Urbano,18.85786,-97.1011,18.86552,-97.04702,2.0,4
134461,2024-04-23,5500,Masculino,1,94450,94450,15000,8000,368,Orizaba,1.885304659,0,7000,7500.0,Urbano,18.86552,-97.04702,18.86552,-97.04702,0.9,4
132845,2024-04-15,4000,Femenino,1,94732,94733,9000,21500,661,Orizaba,1.278500986,0,-12500,4500.0,Urbano,18.84103333333333,-97.13744,18.83532222222222,-97.13045555555556,6.1,4
120931,2024-01-24,3000,Femenino,0,94430,94430,10000,8500,640,Orizaba,1.001208703,0,1500,10000.0,Urbano,18.88128571428572,-97.13495714285716,18.88128571428572,-97.13495714285716,6.1,1
129494,2024-03-25,8000,Femenino,0,94430,94430,12000,10500,467,Orizaba,1.063777881,0,1500,12000.0,Urbano,18.88128571428572,-97.13495714285716,18.88128571428572,-97.13495714285716,1.6,3
129885,2024-03-25,7500,Femenino,0,94430,94430,12000,11000,455,Orizaba,1.644147844,0,1000,12000.0,Urbano,18.88128571428572,-97.13495714285716,18.88128571428572,-97.13495714285716,1.5,3
124142,2024-02-16,12000,Femenino,1,94732,94320,11500,9500,458,Orizaba,1.205071119,0,2000,5750.0,Urbano,18.84103333333333,-97.13744,18.85786,-97.1011,1.5,2
129479,2024-03-25,3000,Femenino,2,94734,94734,6000,21500,410,Orizaba,0.0,0,-15500,2000.0,Semiurbano,18.8338,-97.15671666666668,18.8338,-97.15671666666668,1.2,3
130928,2024-04-02,3000,Femenino,2,94733,94723,5000,3000,491,Orizaba,0.607876712,1,2000,1666.6666666666667,Semiurbano,18.83532222222222,-97.13045555555556,18.80123333333333,-97.19875,1.9,4
134346,2024-04-22,7500,Masculino,1,94740,94740,8000,6000,625,Orizaba,1.06377899,0,2000,4000.0,Rural,18.804,-97.1787,18.804,-97.1787,5.3,4
135334,2024-04-29,14000,Femenino,1,94732,94740,7500,6000,492,Orizaba,1.194372294,0,1500,3750.0,Urbano,18.84103333333333,-97.13744,18.804,-97.1787,1.9,4
129564,2024-03-25,8500,Femenino,1,94460,94450,12000,3000,442,Orizaba,0.89583008,0,9000,6000.0,Semiurbano,18.85034,-97.05392,18.86552,-97.04702,1.3,3
132306,2024-04-10,6500,Masculino,0,94450,94450,27000,3000,459,Orizaba,1.063782051,1,24000,27000.0,Urbano,18.86552,-97.04702,18.86552,-97.04702,1.5,4
132778,2024-04-15,5000,Masculino,0,94460,94300,10000,3000,671,Orizaba,1.063782051,0,7000,10000.0,Semiurbano,18.85034,-97.05392,18.8508,-97.098,8.3,4
133245,2024-04-16,3000,Femenino,0,94463,94330,10000,3000,437,Orizaba,0.945585997,0,7000,10000.0,Urbano,18.8746,-97.03741111111113,18.870228571428573,-97.10114285714285,1.3,4
134965,2024-04-26,5500,Femenino,0,94340,94340,12000,2500,548,Orizaba,1.288724974,0,9500,12000.0,Urbano,18.85474,-97.08142,18.85474,-97.08142,2.75,4
135387,2024-04-29,4000,Femenino,0,94399,94300,8000,5500,542,Orizaba,0.654635918,0,2500,8000.0,Urbano,18.8497,-97.09925,18.8508,-97.098,2.75,4
112126,2023-11-22,3000,Masculino,1,94450,94450,11500,4000,602,Orizaba,1.063782051,0,7500,5750.0,Urbano,18.86552,-97.04702,18.86552,-97.04702,4.6,11
126980,2024-03-06,3000,Femenino,1,94456,94464,9000,3500,478,Orizaba,0.549048801,1,5500,4500.0,Rural,18.8283,-97.03215,18.83342,-96.99822,1.8,3
128575,2024-03-19,3000,Femenino,1,94456,94456,9000,3500,0,Orizaba,1.001206637,1,5500,4500.0,Rural,18.8283,-97.03215,18.8283,-97.03215,0.0,3
129628,2024-03-25,5000,Femenino,0,94464,94450,10000,4800,600,Orizaba,0.945585216,1,5200,10000.0,Rural,18.83342,-96.99822,18.86552,-97.04702,4.6,3
130096,2024-03-27,8000,Masculino,0,94456,94460,18000,8500,622,Orizaba,1.846551012,1,9500,18000.0,Rural,18.8283,-97.03215,18.85034,-97.05392,5.3,3
130513,2024-03-29,7000,Masculino,1,94464,94460,12500,4950,617,Orizaba,1.040693431,1,7550,6250.0,Rural,18.83342,-96.99822,18.85034,-97.05392,5.3,3
130719,2024-04-03,3000,Masculino,1,94450,94450,11500,4000,486,Orizaba,0.945585997,0,7500,5750.0,Urbano,18.86552,-97.04702,18.86552,-97.04702,1.8,4
130931,2024-04-02,3000,Masculino,0,94456,94456,12000,5000,653,Orizaba,1.001208703,1,7000,12000.0,Rural,18.8283,-97.03215,18.8283,-97.03215,6.1,4
131066,2024-04-03,5000,Masculino,0,94464,94450,12500,4000,497,Orizaba,1.187133072,1,8500,12500.0,Rural,18.83342,-96.99822,18.86552,-97.04702,1.9,4
133106,2024-04-17,3000,Femenino,0,94456,94450,7500,4800,442,Orizaba,1.001208703,0,2700,7500.0,Rural,18.8283,-97.03215,18.86552,-97.04702,1.3,4
135117,2024-04-30,5000,Femenino,0,94464,94450,11000,4600,610,Orizaba,1.309272919,1,6400,11000.0,Rural,18.83342,-96.99822,18.86552,-97.04702,4.6,4
135864,2024-05-01,4000,Femenino,2,94464,94464,8000,3000,531,Orizaba,1.063784247,0,5000,2666.6666666666665,Rural,18.83342,-96.99822,18.83342,-96.99822,2.6,5
69167,2023-01-23,3000,Femenino,1,94734,94320,1000,1000,510,Orizaba,0.0,0,0,500.0,Semiurbano,18.8338,-97.15671666666668,18.85786,-97.1011,2.1,1
83437,2023-05-05,3000,Femenino,1,94320,94320,5000,2000,487,Orizaba,0.945584046,0,3000,2500.0,Urbano,18.85786,-97.1011,18.85786,-97.1011,1.8,5
129368,2024-03-25,14500,Femenino,2,94720,94734,8500,21500,593,Orizaba,1.134718615,0,-13000,2833.3333333333335,Urbano,18.82150625,-97.170475,18.8338,-97.15671666666668,4.0,3
121529,2024-01-29,5500,Masculino,1,94347,94300,14500,15000,418,Orizaba,1.292413066,0,-500,7250.0,Urbano,18.8601,-97.0806,18.8508,-97.098,1.2,1
129814,2024-03-26,5000,Femenino,2,94467,94420,7000,3000,528,Orizaba,1.418378995,1,4000,2333.3333333333335,Rural,18.9372,-97.0183,18.896316666666667,-97.121975,2.2,3
130879,2024-04-02,5000,Femenino,0,94337,94337,9000,4000,416,Orizaba,1.418378995,0,5000,9000.0,Urbano,18.8752,-97.1009,18.8752,-97.1009,1.2,4
131570,2024-04-08,7000,Masculino,0,94732,94732,8000,3500,436,Orizaba,1.134696195,0,4500,8000.0,Urbano,18.84103333333333,-97.13744,18.84103333333333,-97.13744,1.3,4
134277,2024-04-24,5000,Femenino,1,94420,94467,7000,3500,689,Orizaba,1.418378995,0,3500,3500.0,Urbano,18.896316666666667,-97.121975,18.9372,-97.0183,8.3,4
97798,2023-08-15,3000,Femenino,0,94720,94720,8500,5800,494,Orizaba,0.630390665,0,2700,8500.0,Urbano,18.82150625,-97.170475,18.82150625,-97.170475,1.9,8
104339,2023-09-26,5000,Masculino,1,94720,94780,9000,4000,441,Orizaba,1.158602711,0,5000,4500.0,Urbano,18.82150625,-97.170475,18.8134,-97.1594,1.3,9
118629,2024-01-09,3000,Femenino,0,94732,94732,8000,5000,706,Orizaba,1.063784247,0,3000,8000.0,Urbano,18.84103333333333,-97.13744,18.84103333333333,-97.13744,8.3,1
116517,2023-12-26,5000,Femenino,1,94339,94440,25800,5500,479,Orizaba,1.001207875,0,20300,12900.0,Urbano,18.872,-97.1012,18.9205,-97.0815,1.8,12
133174,2024-04-17,5000,Masculino,1,94464,94464,9000,22000,489,Orizaba,1.392523364,1,-13000,4500.0,Rural,18.83342,-96.99822,18.83342,-96.99822,1.8,4
71107,2023-02-03,4000,Femenino,1,94410,94410,7000,8000,498,Orizaba,0.810502283,0,-1000,3500.0,Urbano,18.806366666666666,-97.09823333333334,18.806366666666666,-97.09823333333334,1.9,2
71697,2023-02-08,3000,Femenino,0,94410,94410,8000,5000,463,Orizaba,0.851027397,0,3000,8000.0,Urbano,18.806366666666666,-97.09823333333334,18.806366666666666,-97.09823333333334,1.5,2
75046,2023-03-03,5000,Femenino,1,94410,94410,6000,7000,432,Orizaba,0.0,1,-1000,3000.0,Urbano,18.806366666666666,-97.09823333333334,18.806366666666666,-97.09823333333334,1.2,3
92386,2023-07-11,8000,Femenino,1,94410,94410,7000,8000,422,Orizaba,1.382169222,1,-1000,3500.0,Urbano,18.806366666666666,-97.09823333333334,18.806366666666666,-97.09823333333334,1.2,7
111624,2023-11-17,5000,Femenino,1,94860,94840,8000,8000,446,Orizaba,1.204500978,0,0,4000.0,Rural,18.8056,-97.0987,18.73,-97.0699,1.3,11
114874,2023-12-12,7000,Femenino,0,94410,94410,10000,8000,620,Orizaba,1.198644421,0,2000,10000.0,Urbano,18.806366666666666,-97.09823333333334,18.806366666666666,-97.09823333333334,5.3,12
121667,2024-01-30,9000,Femenino,3,94410,94410,8000,6000,469,Orizaba,1.200181458,0,2000,2000.0,Urbano,18.806366666666666,-97.09823333333334,18.806366666666666,-97.09823333333334,1.6,1
129563,2024-03-25,5000,Femenino,1,94410,94410,8000,6400,530,Orizaba,1.379280822,0,1600,4000.0,Urbano,18.806366666666666,-97.09823333333334,18.806366666666666,-97.09823333333334,2.6,3
129751,2024-03-25,4000,Femenino,1,94410,94410,8000,6000,609,Orizaba,1.504669988,0,2000,4000.0,Urbano,18.806366666666666,-97.09823333333334,18.806366666666666,-97.09823333333334,4.6,3
131202,2024-04-03,7000,Femenino,0,94410,94410,7000,6000,618,Orizaba,1.309271837,0,1000,7000.0,Urbano,18.806366666666666,-97.09823333333334,18.806366666666666,-97.09823333333334,5.3,4
131258,2024-04-03,3000,Femenino,2,94410,94410,8800,6200,545,Orizaba,1.063777881,0,2600,2933.3333333333335,Urbano,18.806366666666666,-97.09823333333334,18.806366666666666,-97.09823333333334,2.75,4
131646,2024-04-08,4000,Femenino,1,94410,94410,7200,6000,450,Orizaba,1.379280822,0,1200,3600.0,Urbano,18.806366666666666,-97.09823333333334,18.806366666666666,-97.09823333333334,1.3,4
131895,2024-04-08,7000,Femenino,0,94410,94410,8000,6500,684,Orizaba,1.194338516,0,1500,8000.0,Urbano,18.806366666666666,-97.09823333333334,18.806366666666666,-97.09823333333334,8.3,4
132597,2024-04-15,3000,Masculino,0,94860,94860,8000,8000,469,Orizaba,0.895816464,0,0,8000.0,Rural,18.8056,-97.0987,18.8056,-97.0987,1.6,4
132886,2024-04-15,4000,Masculino,3,94410,94410,7500,6000,609,Orizaba,1.196917808,1,1500,1875.0,Urbano,18.806366666666666,-97.09823333333334,18.806366666666666,-97.09823333333334,4.6,4
132893,2024-04-15,4000,Femenino,0,94410,94410,8400,9500,606,Orizaba,1.063777516,0,-1100,8400.0,Urbano,18.806366666666666,-97.09823333333334,18.806366666666666,-97.09823333333334,4.6,4
134107,2024-04-22,11500,Femenino,0,94410,94410,12000,10000,506,Orizaba,1.384355424,0,2000,12000.0,Urbano,18.806366666666666,-97.09823333333334,18.806366666666666,-97.09823333333334,2.0,4
135415,2024-04-29,7000,Femenino,0,94410,94410,8000,8000,582,Orizaba,1.504573455,0,0,8000.0,Urbano,18.806366666666666,-97.09823333333334,18.806366666666666,-97.09823333333334,3.5,4
136258,2024-05-06,6000,Femenino,1,94410,94410,8000,6000,498,Orizaba,1.001202525,0,2000,4000.0,Urbano,18.806366666666666,-97.09823333333334,18.806366666666666,-97.09823333333334,1.9,5
136745,2024-05-07,7000,Masculino,1,94410,94410,7000,8000,716,Orizaba,1.063783368,0,-1000,3500.0,Urbano,18.806366666666666,-97.09823333333334,18.806366666666666,-97.09823333333334,8.3,5
136890,2024-05-07,9000,Femenino,3,94410,94410,8000,6000,457,Orizaba,1.19795447,1,2000,2000.0,Urbano,18.806366666666666,-97.09823333333334,18.806366666666666,-97.09823333333334,1.5,5
139497,2024-05-22,5000,Femenino,2,94410,94410,7500,6500,587,Orizaba,1.116923077,0,1000,2500.0,Urbano,18.806366666666666,-97.09823333333334,18.806366666666666,-97.09823333333334,4.0,5
99374,2023-08-23,4000,Femenino,1,94463,94463,8000,4500,597,Orizaba,1.001208703,0,3500,4000.0,Urbano,18.8746,-97.03741111111113,18.8746,-97.03741111111113,4.0,8
129719,2024-03-25,9500,Masculino,1,94452,94450,10800,4000,635,Orizaba,1.37676399,1,6800,5400.0,Urbano,18.9094,-97.038,18.86552,-97.04702,6.1,3
132878,2024-04-15,5000,Masculino,1,94732,94730,10000,7000,610,Orizaba,1.001207875,0,3000,5000.0,Urbano,18.84103333333333,-97.13744,18.84075,-97.1467,4.6,4
129055,2024-03-20,3500,Femenino,0,94464,94469,10000,2800,609,Orizaba,1.0012054,1,7200,10000.0,Rural,18.83342,-96.99822,18.8544,-96.9825,4.6,3
130190,2024-03-27,7500,Femenino,0,94464,94464,15000,2800,605,Orizaba,1.379192334,0,12200,15000.0,Rural,18.83342,-96.99822,18.83342,-96.99822,4.6,3
130577,2024-03-29,5500,Femenino,3,94464,94464,12000,10000,677,Orizaba,1.063778772,0,2000,3000.0,Rural,18.83342,-96.99822,18.83342,-96.99822,8.3,3
131863,2024-04-08,3000,Masculino,3,94456,94450,5000,3000,646,Orizaba,1.063782051,0,2000,1250.0,Rural,18.8283,-97.03215,18.86552,-97.04702,6.1,4
132875,2024-04-15,5000,Femenino,0,94464,94450,16000,3000,524,Orizaba,1.063783368,0,13000,16000.0,Rural,18.83342,-96.99822,18.86552,-97.04702,2.2,4
133282,2024-04-17,3000,Masculino,3,94464,94450,10000,10000,518,Orizaba,1.134703196,0,0,2500.0,Rural,18.83342,-96.99822,18.86552,-97.04702,2.1,4
134585,2024-04-24,6000,Femenino,3,94464,94464,19000,15000,559,Orizaba,1.063783368,0,4000,4750.0,Rural,18.83342,-96.99822,18.83342,-96.99822,2.9,4
135020,2024-04-26,5500,Femenino,0,94450,94450,12000,0,433,Orizaba,1.063784247,0,12000,12000.0,Urbano,18.86552,-97.04702,18.86552,-97.04702,1.2,4
135114,2024-04-30,6000,Masculino,1,94450,94450,16000,3200,690,Orizaba,1.134696195,0,12800,8000.0,Urbano,18.86552,-97.04702,18.86552,-97.04702,8.3,4
136208,2024-05-06,7000,Femenino,1,94450,94450,11000,3000,516,Orizaba,1.063783368,0,8000,5500.0,Urbano,18.86552,-97.04702,18.86552,-97.04702,2.1,5
136281,2024-05-06,3500,Femenino,0,94464,94450,12000,3100,482,Orizaba,0.945580163,0,8900,12000.0,Rural,18.83342,-96.99822,18.86552,-97.04702,1.8,5
116879,2024-01-02,5000,Femenino,1,94457,94457,9000,3500,485,Orizaba,1.014758727,1,5500,4500.0,Rural,18.8214,-97.0276,18.8214,-97.0276,1.8,1
129586,2024-03-25,5500,Masculino,1,94457,94450,12000,4000,464,Orizaba,0.981193965,1,8000,6000.0,Rural,18.8214,-97.0276,18.86552,-97.04702,1.5,3
131531,2024-04-08,3000,Masculino,0,94480,94463,10000,3500,481,Orizaba,0.895812952,0,6500,10000.0,Unknown,18.953016666666667,-96.94738333333332,18.8746,-97.03741111111113,1.8,4
134658,2024-04-24,5000,Femenino,0,94457,94457,14500,3500,563,Orizaba,1.001208703,1,11000,14500.0,Rural,18.8214,-97.0276,18.8214,-97.0276,3.2,4
135772,2024-04-30,3000,Femenino,1,94469,94469,9000,4000,657,Orizaba,0.945585997,0,5000,4500.0,Unknown,18.8544,-96.9825,18.8544,-96.9825,6.1,4
81675,2023-04-22,4500,Femenino,0,94329,94300,6000,5500,439,Orizaba,1.203277886,1,500,6000.0,Urbano,18.858,-97.0989,18.8508,-97.098,1.3,4
132853,2024-04-15,6000,Femenino,2,94732,94335,20000,11000,397,Orizaba,1.063782051,0,9000,6666.666666666667,Urbano,18.84103333333333,-97.13744,18.872,-97.1012,0.9,4
70161,2023-01-30,5000,Masculino,0,94410,94410,7000,4000,500,Orizaba,0.0,0,3000,7000.0,Urbano,18.806366666666666,-97.09823333333334,18.806366666666666,-97.09823333333334,2.0,1
111628,2023-11-17,11500,Femenino,1,94410,94410,9000,7000,527,Orizaba,1.134719015,0,2000,4500.0,Urbano,18.806366666666666,-97.09823333333334,18.806366666666666,-97.09823333333334,2.2,11
131464,2024-04-10,5000,Femenino,1,94410,94410,6500,7500,544,Orizaba,1.063783368,0,-1000,3250.0,Urbano,18.806366666666666,-97.09823333333334,18.806366666666666,-97.09823333333334,2.75,4
132270,2024-04-10,10000,Femenino,1,94410,94410,7800,6500,699,Orizaba,1.001221672,1,1300,3900.0,Urbano,18.806366666666666,-97.09823333333334,18.806366666666666,-97.09823333333334,8.3,4
132684,2024-04-15,6000,Femenino,1,94410,94410,11000,7500,423,Orizaba,1.495104895,0,3500,5500.0,Urbano,18.806366666666666,-97.09823333333334,18.806366666666666,-97.09823333333334,1.2,4
133854,2024-04-19,7000,Femenino,1,94410,94410,8000,9500,432,Orizaba,1.280998263,0,-1500,4000.0,Urbano,18.806366666666666,-97.09823333333334,18.806366666666666,-97.09823333333334,1.2,4
133855,2024-04-19,3000,Masculino,0,94410,94410,6500,7500,625,Orizaba,1.063782051,0,-1000,6500.0,Urbano,18.806366666666666,-97.09823333333334,18.806366666666666,-97.09823333333334,5.3,4
135455,2024-04-29,5000,Masculino,0,94410,94410,6500,5000,419,Orizaba,1.418378995,0,1500,6500.0,Urbano,18.806366666666666,-97.09823333333334,18.806366666666666,-97.09823333333334,1.2,4
129737,2024-03-25,6000,Femenino,0,94410,94410,7500,3500,419,Orizaba,1.196703297,1,4000,7500.0,Urbano,18.806366666666666,-97.09823333333334,18.806366666666666,-97.09823333333334,1.2,3
134056,2024-04-22,7500,Femenino,1,94310,94310,12000,6000,370,Orizaba,1.280998263,1,6000,6000.0,Urbano,18.86438,-97.11274,18.86438,-97.11274,0.9,4
129711,2024-03-25,12500,Femenino,1,94380,94300,8000,7000,438,Orizaba,1.547342585,0,1000,4000.0,Urbano,18.838225,-97.099325,18.8508,-97.098,1.3,3
137420,2024-05-14,4500,Femenino,0,94450,94300,10000,7500,504,Orizaba,0.680821355,0,2500,10000.0,Urbano,18.86552,-97.04702,18.8508,-97.098,2.0,5
129377,2024-03-22,5000,Masculino,3,94732,94732,10000,2000,415,Orizaba,1.134700855,0,8000,2500.0,Urbano,18.84103333333333,-97.13744,18.84103333333333,-97.13744,1.2,3
132643,2024-04-12,5000,Femenino,0,94733,94370,9000,2000,438,Orizaba,1.063782051,0,7000,9000.0,Semiurbano,18.83532222222222,-97.13045555555556,18.83742857142857,-97.11112857142858,1.3,4
124659,2024-02-20,3000,Femenino,2,94732,94733,7400,5200,412,Orizaba,1.15704501,1,2200,2466.6666666666665,Urbano,18.84103333333333,-97.13744,18.83532222222222,-97.13045555555556,1.2,2
127348,2024-03-08,5000,Femenino,0,94749,94748,8000,4500,500,Orizaba,1.172862454,1,3500,8000.0,Fake,18.7903,-97.1681,18.7903,-97.1681,2.0,3
129561,2024-03-25,7000,Masculino,2,94732,94748,8500,4500,408,Orizaba,1.492999813,1,4000,2833.3333333333335,Urbano,18.84103333333333,-97.13744,18.7903,-97.1681,1.2,3
129733,2024-03-25,5000,Femenino,1,94748,94748,7500,4000,494,Orizaba,1.110198494,1,3500,3750.0,Rural,18.7903,-97.1681,18.7903,-97.1681,1.9,3
130273,2024-04-02,3000,Masculino,0,94347,94734,19000,2800,390,Orizaba,1.001208703,1,16200,19000.0,Urbano,18.8601,-97.0806,18.8338,-97.15671666666668,0.9,4
130609,2024-04-02,7000,Femenino,0,94733,94733,15000,3500,617,Orizaba,1.667100372,1,11500,15000.0,Semiurbano,18.83532222222222,-97.13045555555556,18.83532222222222,-97.13045555555556,5.3,4
132156,2024-04-10,7000,Femenino,0,94730,94347,6800,3500,548,Orizaba,1.001202712,1,3300,6800.0,Semiurbano,18.84075,-97.1467,18.8601,-97.0806,2.75,4
132748,2024-04-15,5500,Femenino,0,94733,94733,8500,3500,643,Orizaba,1.847792998,1,5000,8500.0,Semiurbano,18.83532222222222,-97.13045555555556,18.83532222222222,-97.13045555555556,6.1,4
134831,2024-04-24,5000,Femenino,0,94720,94720,9000,8000,426,Orizaba,0.77366127,1,1000,9000.0,Urbano,18.82150625,-97.170475,18.82150625,-97.170475,1.2,4
136588,2024-05-06,7500,Femenino,0,94732,94850,15000,3500,512,Orizaba,1.418377823,1,11500,15000.0,Urbano,18.84103333333333,-97.13744,18.7832,-97.08795,2.1,5
142363,2024-06-10,5000,Femenino,0,94734,94734,9500,4500,602,Orizaba,1.131182796,1,5000,9500.0,Semiurbano,18.8338,-97.15671666666668,18.8338,-97.15671666666668,4.6,6
114687,2023-12-11,5500,Masculino,1,94733,95390,12,21500,706,Orizaba,1.20278865,0,-21488,6.0,Semiurbano,18.83532222222222,-97.13045555555556,18.32275,-95.92345,8.3,12
125228,2024-02-23,7500,Femenino,0,94732,94732,10000,8000,488,Orizaba,1.063783368,0,2000,10000.0,Urbano,18.84103333333333,-97.13744,18.84103333333333,-97.13744,1.8,2
135855,2024-05-01,5000,Femenino,0,94743,94740,11000,8000,547,Orizaba,1.06377899,0,3000,11000.0,Rural,18.809216666666668,-97.1804,18.804,-97.1787,2.75,5
137006,2024-05-08,5500,Femenino,0,94734,94740,9000,7000,351,Orizaba,1.194227006,1,2000,9000.0,Semiurbano,18.8338,-97.15671666666668,18.804,-97.1787,0.9,5
97992,2023-08-16,5000,Femenino,1,94450,94300,18000,5200,345,Orizaba,0.680821355,0,12800,9000.0,Urbano,18.86552,-97.04702,18.8508,-97.098,0.9,8
111637,2023-11-17,7500,Femenino,0,94450,94450,23000,6800,545,Orizaba,1.204312115,0,16200,23000.0,Urbano,18.86552,-97.04702,18.86552,-97.04702,2.75,11
111643,2023-11-17,12000,Femenino,0,94455,94450,22000,6800,416,Orizaba,0.945598846,0,15200,22000.0,Urbano,18.8775,-97.0229,18.86552,-97.04702,1.2,11
129372,2024-03-25,4000,Masculino,0,94310,94300,22000,5200,414,Orizaba,1.288895909,0,16800,22000.0,Urbano,18.86438,-97.11274,18.8508,-97.098,1.2,3
130825,2024-04-01,5500,Femenino,0,94455,94455,13000,6800,423,Orizaba,1.189060011,0,6200,13000.0,Urbano,18.8775,-97.0229,18.8775,-97.0229,1.2,4
131719,2024-04-09,3500,Femenino,0,94300,94300,13000,6000,691,Orizaba,1.063784247,0,7000,13000.0,Urbano,18.8508,-97.098,18.8508,-97.098,8.3,4
132931,2024-04-15,3500,Femenino,1,94430,94300,15000,6000,458,Orizaba,1.278451001,0,9000,7500.0,Urbano,18.88128571428572,-97.13495714285716,18.8508,-97.098,1.5,4
134982,2024-04-26,5500,Masculino,0,94337,94337,15000,5900,643,Orizaba,1.063784247,0,9100,15000.0,Urbano,18.8752,-97.1009,18.8752,-97.1009,6.1,4
132881,2024-04-15,7500,Masculino,0,94300,94300,12000,4000,435,Orizaba,1.001203756,0,8000,12000.0,Urbano,18.8508,-97.098,18.8508,-97.098,1.3,4
132905,2024-04-15,5000,Femenino,0,94380,94300,8000,4000,492,Orizaba,1.281085353,1,4000,8000.0,Urbano,18.838225,-97.099325,18.8508,-97.098,1.9,4
134037,2024-04-22,4000,Femenino,0,94300,94390,12000,4500,452,Orizaba,1.196917808,0,7500,12000.0,Urbano,18.8508,-97.098,18.8401,-97.09076666666668,1.5,4
90988,2023-06-28,3000,Femenino,0,94462,94462,9300,3200,394,Orizaba,1.001206637,0,6100,9300.0,Urbano,18.89908,-97.0576,18.89908,-97.0576,0.9,6
132700,2024-04-17,3000,Femenino,0,56800,56800,0,7500,528,Cuautla,1.063784247,0,-7500,0.0,Urbano,19.043666666666667,-98.8036,19.043666666666667,-98.8036,2.2,4
134149,2024-04-24,5500,Femenino,0,56800,56800,9000,7800,509,Cuautla,1.063784247,0,1200,9000.0,Urbano,19.043666666666667,-98.8036,19.043666666666667,-98.8036,2.0,4
134906,2024-04-27,4000,Masculino,0,56800,56800,6500,5000,0,Cuautla,1.192834681,1,1500,6500.0,Urbano,19.043666666666667,-98.8036,19.043666666666667,-98.8036,0.0,4
135708,2024-05-01,3000,Femenino,1,56800,56800,11200,4000,430,Cuautla,0.945585997,0,7200,5600.0,Urbano,19.043666666666667,-98.8036,19.043666666666667,-98.8036,1.2,5
111649,2023-11-21,5500,Masculino,1,62950,62950,3500,12000,635,Cuautla,1.063784247,0,-8500,1750.0,Urbano,18.5025,-98.7536,18.5025,-98.7536,6.1,11
139183,2024-05-21,10000,Femenino,3,62895,62895,23000,12000,439,Cuautla,1.13469759,0,11000,5750.0,Urbano,18.8144,-98.7451,18.8144,-98.7451,1.3,5
139269,2024-05-21,9500,Femenino,1,62895,62895,10500,5000,436,Cuautla,1.117144156,0,5500,5250.0,Urbano,18.8144,-98.7451,18.8144,-98.7451,1.3,5
97416,2023-08-15,4000,Femenino,1,62965,62965,2500,1000,439,Cuautla,0.0,0,1500,1250.0,Rural,18.5603,-98.7762,18.5603,-98.7762,1.3,8
112100,2023-11-22,7500,Femenino,0,62965,62950,9000,15000,425,Cuautla,1.510920291,0,-6000,9000.0,Rural,18.5603,-98.7762,18.5025,-98.7536,1.2,11
112833,2023-11-27,5500,Femenino,3,62965,62950,3500,1000,471,Cuautla,1.403253425,0,2500,875.0,Rural,18.5603,-98.7762,18.5025,-98.7536,1.6,11
129397,2024-03-25,3000,Masculino,3,62965,62950,2500,5000,484,Cuautla,1.063784247,0,-2500,625.0,Rural,18.5603,-98.7762,18.5025,-98.7536,1.8,3
130954,2024-04-03,5500,Masculino,1,62950,62950,5000,4000,558,Cuautla,1.134703196,0,1000,2500.0,Urbano,18.5025,-98.7536,18.5025,-98.7536,2.9,4
131943,2024-04-09,9500,Femenino,0,62965,62950,2800,800,487,Cuautla,1.119236016,0,2000,2800.0,Rural,18.5603,-98.7762,18.5025,-98.7536,1.8,4
132093,2024-04-09,6500,Femenino,2,62950,62950,10000,10000,491,Cuautla,1.282051282,0,0,3333.3333333333335,Urbano,18.5025,-98.7536,18.5025,-98.7536,1.9,4
132403,2024-04-13,3000,Femenino,0,62965,62950,1800,4000,632,Cuautla,1.063784247,0,-2200,1800.0,Rural,18.5603,-98.7762,18.5025,-98.7536,5.3,4
134482,2024-04-24,5500,Femenino,0,62950,62950,2500,1000,682,Cuautla,1.385273973,0,1500,2500.0,Urbano,18.5025,-98.7536,18.5025,-98.7536,8.3,4
135316,2024-04-29,5000,Masculino,3,62950,62950,2400,9000,491,Cuautla,1.119236016,0,-6600,600.0,Urbano,18.5025,-98.7536,18.5025,-98.7536,1.9,4
138020,2024-05-14,4500,Masculino,1,62950,62950,15000,10000,384,Cuautla,0.971977292,0,5000,7500.0,Urbano,18.5025,-98.7536,18.5025,-98.7536,0.9,5
131711,2024-04-06,10000,Femenino,0,62736,62736,16000,8000,595,Cuautla,1.286179032,0,8000,16000.0,Rural,18.88393636363636,-98.99751818181818,18.88393636363636,-98.99751818181818,4.0,4
129889,2024-03-27,7000,Masculino,1,56860,56860,0,6000,505,Cuautla,1.187151657,1,-6000,0.0,Rural,19.101233333333333,-98.8797,19.101233333333333,-98.8797,2.0,3
129926,2024-03-27,7500,Femenino,0,56860,56860,13000,6000,543,Cuautla,1.384988584,0,7000,13000.0,Rural,19.101233333333333,-98.8797,19.101233333333333,-98.8797,2.75,3
121309,2024-01-29,5500,Femenino,2,62730,62730,12100,5000,511,Cuautla,1.134703196,0,7100,4033.3333333333335,Urbano,18.9026,-98.9717,18.9026,-98.9717,2.1,1
136647,2024-05-07,7000,Femenino,0,62826,62826,10000,7500,483,Cuautla,1.49259564,0,2500,10000.0,Rural,18.80735,-98.9111,18.80735,-98.9111,1.8,5
156796,2024-08-21,7500,Femenino,1,62545,62540,0,5000,418,Cuautla,1.667276423,0,-5000,0.0,Rural,18.91394,-98.99064,18.9556,-98.9811,1.2,8
150100,2024-07-22,5000,Femenino,2,62880,62870,8500,8000,455,Cuautla,0.851026694,1,500,2833.3333333333335,Rural,18.753,-98.7754,18.7722,-98.7775,1.5,7
135589,2024-05-01,5000,Femenino,1,62950,62950,12000,7000,515,Cuautla,0.945581325,0,5000,6000.0,Urbano,18.5025,-98.7536,18.5025,-98.7536,2.1,5
136765,2024-05-08,5500,Femenino,0,62950,62950,14000,9000,704,Cuautla,1.063784247,0,5000,14000.0,Urbano,18.5025,-98.7536,18.5025,-98.7536,8.3,5
136868,2024-05-07,7000,Femenino,2,62960,62950,3200,12800,411,Cuautla,1.001202233,0,-9600,1066.6666666666667,Fake,18.57735,-98.7236,18.5025,-98.7536,1.2,5
138711,2024-05-20,5000,Femenino,2,62950,62950,2800,11200,507,Cuautla,0.945585216,0,-8400,933.3333333333334,Urbano,18.5025,-98.7536,18.5025,-98.7536,2.0,5
136844,2024-05-08,12500,Femenino,0,62965,62950,9000,15000,425,Cuautla,1.385081343,0,-6000,9000.0,Rural,18.5603,-98.7762,18.5025,-98.7536,1.2,5
139368,2024-05-22,10000,Femenino,2,62965,62950,4000,1500,499,Cuautla,1.215747418,0,2500,1333.3333333333333,Rural,18.5603,-98.7762,18.5025,-98.7536,1.9,5
140090,2024-05-28,5000,Femenino,1,62965,62950,1000,6000,467,Cuautla,1.06377899,0,-5000,500.0,Rural,18.5603,-98.7762,18.5025,-98.7536,1.6,5
142204,2024-06-08,14000,Femenino,2,62950,62950,2000,12000,508,Cuautla,1.371610169,0,-10000,666.6666666666666,Urbano,18.5025,-98.7536,18.5025,-98.7536,2.0,6
139950,2024-05-28,6500,Masculino,2,62965,62950,9000,4000,458,Cuautla,1.063782051,0,5000,3000.0,Rural,18.5603,-98.7762,18.5025,-98.7536,1.5,5
140680,2024-05-29,3000,Femenino,2,62965,62950,6000,5000,566,Cuautla,0.709189498,0,1000,2000.0,Rural,18.5603,-98.7762,18.5025,-98.7536,3.2,5
140700,2024-05-29,3000,Femenino,2,62965,62950,8000,6000,435,Cuautla,1.063782051,0,2000,2666.6666666666665,Rural,18.5603,-98.7762,18.5025,-98.7536,1.3,5
128157,2024-03-13,5500,Femenino,0,56860,56860,8500,3000,560,Cuautla,1.384988584,1,5500,8500.0,Rural,19.101233333333333,-98.8797,19.101233333333333,-98.8797,3.2,3
130016,2024-03-27,5500,Femenino,1,56880,56880,12000,5000,462,Cuautla,1.495330012,1,7000,6000.0,Urbano,19.0260375,-98.823975,19.0260375,-98.823975,1.5,3
130833,2024-04-03,6000,Masculino,1,56800,56880,14000,6000,437,Cuautla,1.272978304,1,8000,7000.0,Urbano,19.043666666666667,-98.8036,19.0260375,-98.823975,1.3,4
129907,2024-03-26,4500,Femenino,2,62730,62730,18000,14000,424,Cuautla,1.063782051,1,4000,6000.0,Urbano,18.9026,-98.9717,18.9026,-98.9717,1.2,3
75180,2023-03-03,5000,Femenino,0,56970,56970,5300,500,483,Cuautla,0.810501613,1,4800,5300.0,Urbano,19.0312,-98.7169,19.0312,-98.7169,1.8,3
125080,2024-02-23,5000,Femenino,2,56880,56880,6000,6500,412,Cuautla,0.0,1,-500,2000.0,Urbano,19.0260375,-98.823975,19.0260375,-98.823975,1.2,2
129590,2024-03-26,7500,Femenino,0,56890,56880,17500,7000,492,Cuautla,1.668172485,1,10500,17500.0,Urbano,18.9803,-98.8408,19.0260375,-98.823975,1.9,3
132075,2024-04-09,7500,Femenino,1,62700,62700,21000,6000,446,Cuautla,1.371759891,1,15000,10500.0,Urbano,18.748966666666664,-98.97803333333331,18.748966666666664,-98.97803333333331,1.3,4
132142,2024-04-09,3000,Femenino,1,56970,56970,8000,5000,438,Cuautla,1.103424658,1,3000,4000.0,Urbano,19.0312,-98.7169,19.0312,-98.7169,1.3,4
132146,2024-04-09,5000,Femenino,1,56890,56880,12000,5000,458,Cuautla,1.511853649,1,7000,6000.0,Urbano,18.9803,-98.8408,19.0260375,-98.823975,1.5,4
134509,2024-04-24,7000,Femenino,1,62820,62743,12000,5000,419,Cuautla,1.853524983,1,7000,6000.0,Urbano,18.8833,-98.865,18.8145,-98.93205,1.2,4
135923,2024-05-01,7500,Femenino,1,62540,62540,13000,5000,475,Cuautla,2.071392276,1,8000,6500.0,Urbano,18.9556,-98.9811,18.9556,-98.9811,1.6,5
138031,2024-05-14,3000,Femenino,0,62970,62970,20000,12000,425,Cuautla,1.054512958,1,8000,20000.0,Urbano,18.7208,-98.77756666666669,18.7208,-98.77756666666669,1.2,5
140414,2024-05-28,7000,Masculino,1,62840,62840,11000,2000,559,Cuautla,1.134696017,1,9000,5500.0,Urbano,18.925633333333334,-98.8896,18.925633333333334,-98.8896,2.9,5
142137,2024-06-12,5000,Masculino,2,62840,62840,12000,2500,447,Cuautla,1.001208703,1,9500,4000.0,Urbano,18.925633333333334,-98.8896,18.925633333333334,-98.8896,1.3,6
142208,2024-06-08,6000,Femenino,2,62970,62970,0,4000,532,Cuautla,1.195701357,1,-4000,0.0,Urbano,18.7208,-98.77756666666669,18.7208,-98.77756666666669,2.6,6
132195,2024-04-10,8000,Masculino,1,62736,62730,7500,3500,432,Cuautla,1.04887138,1,4000,3750.0,Rural,18.88393636363636,-98.99751818181818,18.9026,-98.9717,1.2,4
132877,2024-04-13,10000,Femenino,0,62704,62700,7600,4000,607,Cuautla,1.063778119,1,3600,7600.0,Rural,18.755,-98.9753,18.748966666666664,-98.97803333333331,4.6,4
132125,2024-04-09,7000,Masculino,2,62965,62950,10000,4500,619,Cuautla,1.001207875,1,5500,3333.3333333333335,Rural,18.5603,-98.7762,18.5025,-98.7536,5.3,4
135336,2024-05-01,5000,Femenino,1,62920,62920,1800,6000,600,Cuautla,1.134703196,1,-4200,900.0,Urbano,18.5906125,-98.853625,18.5906125,-98.853625,4.6,5
138735,2024-05-20,3500,Femenino,1,62965,62950,0,800,600,Cuautla,1.063784247,1,-800,0.0,Rural,18.5603,-98.7762,18.5025,-98.7536,4.6,5
138901,2024-05-20,3000,Femenino,0,56800,56800,10000,6000,614,Cuautla,0.945585997,1,4000,10000.0,Urbano,19.043666666666667,-98.8036,19.043666666666667,-98.8036,4.6,5
85713,2023-05-23,9000,Femenino,0,62730,62730,9000,4000,461,Cuautla,0.945581131,0,5000,9000.0,Urbano,18.9026,-98.9717,18.9026,-98.9717,1.5,5
80563,2023-04-15,12000,Femenino,2,62710,62700,9900,2300,475,Cuautla,1.79877697,0,7600,3300.0,Urbano,18.7597,-98.9401,18.748966666666664,-98.97803333333331,1.6,4
85964,2023-05-27,4000,Femenino,4,62700,62700,8600,2500,368,Cuautla,0.895812524,0,6100,1720.0,Urbano,18.748966666666664,-98.97803333333331,18.748966666666664,-98.97803333333331,0.9,5
87448,2023-06-07,3500,Femenino,2,62710,62700,10800,2200,558,Cuautla,0.851025641,0,8600,3600.0,Urbano,18.7597,-98.9401,18.748966666666664,-98.97803333333331,2.9,6
132852,2024-04-13,7500,Femenino,0,62710,62700,9000,5000,480,Cuautla,1.278786921,0,4000,9000.0,Urbano,18.7597,-98.9401,18.748966666666664,-98.97803333333331,1.8,4
133227,2024-04-16,9500,Femenino,0,62710,62700,8000,7500,465,Cuautla,1.378710462,0,500,8000.0,Urbano,18.7597,-98.9401,18.748966666666664,-98.97803333333331,1.5,4
133988,2024-04-22,6500,Femenino,2,62704,62700,11000,2100,392,Cuautla,1.185740839,1,8900,3666.6666666666665,Rural,18.755,-98.9753,18.748966666666664,-98.97803333333331,0.9,4
134551,2024-04-24,6500,Femenino,2,62710,62700,8000,2200,419,Cuautla,1.063784247,1,5800,2666.6666666666665,Urbano,18.7597,-98.9401,18.748966666666664,-98.97803333333331,1.2,4
137068,2024-05-08,4500,Femenino,2,62704,62700,6000,2100,509,Cuautla,0.851026694,1,3900,2000.0,Rural,18.755,-98.9753,18.748966666666664,-98.97803333333331,2.0,5
139844,2024-05-27,6000,Femenino,0,62700,62700,10500,2000,410,Cuautla,1.050817757,0,8500,10500.0,Urbano,18.748966666666664,-98.97803333333331,18.748966666666664,-98.97803333333331,1.2,5
140600,2024-05-29,5000,Femenino,1,62710,62700,7000,2200,430,Cuautla,1.26674938,1,4800,3500.0,Urbano,18.7597,-98.9401,18.748966666666664,-98.97803333333331,1.2,5
75474,2023-03-08,3000,Femenino,0,62757,62754,7000,5000,520,Cuautla,0.895818313,1,2000,7000.0,Urbano,18.86267,-98.93495,18.7858,-98.9072,2.2,3
133859,2024-04-22,7500,Femenino,3,62757,62820,9000,7000,550,Cuautla,1.194485186,0,2000,2250.0,Urbano,18.86267,-98.93495,18.8833,-98.865,2.9,4
133733,2024-04-24,5000,Femenino,2,62730,62730,12000,4000,549,Cuautla,1.501999467,0,8000,4000.0,Urbano,18.9026,-98.9717,18.9026,-98.9717,2.9,4
136100,2024-05-03,15000,Masculino,0,62730,62730,14000,3000,466,Cuautla,1.215746421,0,11000,14000.0,Urbano,18.9026,-98.9717,18.9026,-98.9717,1.6,5
136459,2024-05-08,7000,Femenino,1,62730,62730,12000,3000,484,Cuautla,1.37676399,0,9000,6000.0,Urbano,18.9026,-98.9717,18.9026,-98.9717,1.8,5
141493,2024-06-03,10000,Masculino,0,62733,62730,18000,3000,614,Cuautla,1.280040733,0,15000,18000.0,Urbano,18.8752625,-99.060575,18.9026,-98.9717,4.6,6
132693,2024-04-16,12000,Femenino,0,62840,62840,15000,6000,607,Cuautla,1.496271122,0,9000,15000.0,Urbano,18.925633333333334,-98.8896,18.925633333333334,-98.8896,4.6,4
138662,2024-05-20,5000,Femenino,3,62840,62840,16000,3000,607,Cuautla,1.134700855,0,13000,4000.0,Urbano,18.925633333333334,-98.8896,18.925633333333334,-98.8896,4.6,5
131266,2024-04-03,8500,Femenino,1,62825,62820,8000,4000,378,Cuautla,1.279027576,0,4000,4000.0,Rural,18.796966666666663,-98.84250000000002,18.8833,-98.865,0.9,4
138947,2024-05-20,5000,Femenino,2,62820,62820,8000,4000,662,Cuautla,1.001208703,0,4000,2666.6666666666665,Urbano,18.8833,-98.865,18.8833,-98.865,6.1,5
139342,2024-05-22,5000,Femenino,2,62820,62820,8000,4000,568,Cuautla,1.372043011,0,4000,2666.6666666666665,Urbano,18.8833,-98.865,18.8833,-98.865,3.2,5
129768,2024-03-25,9500,Femenino,0,62730,62730,19000,8500,507,Cuautla,1.215745568,0,10500,19000.0,Urbano,18.9026,-98.9717,18.9026,-98.9717,2.0,3
130543,2024-04-01,5000,Masculino,0,62730,62730,10000,8500,611,Cuautla,1.196917808,0,1500,10000.0,Urbano,18.9026,-98.9717,18.9026,-98.9717,4.6,4
131054,2024-04-03,7500,Masculino,0,62730,62730,23500,11000,461,Cuautla,1.13469759,0,12500,23500.0,Urbano,18.9026,-98.9717,18.9026,-98.9717,1.5,4
111734,2023-11-18,6000,Femenino,2,56880,56880,14000,4000,647,Cuautla,0.945580163,0,10000,4666.666666666667,Urbano,19.0260375,-98.823975,19.0260375,-98.823975,6.1,11
111744,2023-11-18,5000,Femenino,0,56970,56970,8000,200,635,Cuautla,1.001208703,0,7800,8000.0,Urbano,19.0312,-98.7169,19.0312,-98.7169,6.1,11
130014,2024-03-27,5500,Masculino,1,56880,56880,14000,5000,502,Cuautla,1.495330012,0,9000,7000.0,Urbano,19.0260375,-98.823975,19.0260375,-98.823975,2.0,3
130029,2024-03-27,3000,Masculino,1,56880,56880,12000,5000,546,Cuautla,1.119406393,0,7000,6000.0,Urbano,19.0260375,-98.823975,19.0260375,-98.823975,2.75,3
132144,2024-04-10,7500,Femenino,1,56880,56880,14000,5200,537,Cuautla,1.667145791,0,8800,7000.0,Urbano,19.0260375,-98.823975,19.0260375,-98.823975,2.6,4
135172,2024-05-01,7500,Femenino,1,56885,56885,15000,5000,520,Cuautla,1.196685245,1,10000,7500.0,Rural,19.0135,-98.8435,19.0135,-98.8435,2.2,5
138304,2024-05-15,9500,Femenino,1,56970,56974,14000,5500,568,Cuautla,1.273585896,0,8500,7000.0,Urbano,19.0312,-98.7169,19.0066,-98.7533,3.2,5
140418,2024-05-28,4000,Femenino,1,56983,56970,17000,5000,430,Cuautla,1.134696195,0,12000,8500.0,Rural,19.0607,-98.77733333333332,19.0312,-98.7169,1.2,5
111595,2023-11-18,11000,Masculino,0,56800,56800,18000,6000,553,Cuautla,1.190138945,0,12000,18000.0,Urbano,19.043666666666667,-98.8036,19.043666666666667,-98.8036,2.9,11
98475,2023-08-21,11000,Femenino,0,62820,62820,12000,0,464,Cuautla,0.945599179,0,12000,12000.0,Urbano,18.8833,-98.865,18.8833,-98.865,1.5,8
87601,2023-06-06,3000,Masculino,0,62830,62830,12000,4000,513,Cuautla,0.945585997,1,8000,12000.0,Urbano,18.9849,-98.9207,18.9849,-98.9207,2.1,6
111947,2023-11-18,7000,Femenino,1,62843,62830,10000,5000,651,Cuautla,1.292212921,0,5000,5000.0,Rural,18.94265,-98.89755,18.9849,-98.9207,6.1,11
133862,2024-04-22,12000,Femenino,0,62835,62830,14500,6000,509,Cuautla,1.115324675,0,8500,14500.0,Rural,18.994375,-98.944575,18.9849,-98.9207,2.0,4
136915,2024-05-07,11000,Femenino,0,62830,62830,12500,4000,515,Cuautla,1.106830343,0,8500,12500.0,Urbano,18.9849,-98.9207,18.9849,-98.9207,2.1,5
136927,2024-05-08,5000,Masculino,0,62830,62830,12000,6000,527,Cuautla,1.494666048,0,6000,12000.0,Urbano,18.9849,-98.9207,18.9849,-98.9207,2.2,5
86790,2023-05-31,4500,Femenino,2,62895,62895,8000,14000,428,Cuautla,0.851026694,0,-6000,2666.6666666666665,Urbano,18.8144,-98.7451,18.8144,-98.7451,1.2,5
102901,2023-09-20,5000,Femenino,1,62970,62970,12000,6000,482,Cuautla,1.187133072,0,6000,6000.0,Urbano,18.7208,-98.77756666666669,18.7208,-98.77756666666669,1.8,9
111712,2023-11-17,7000,Femenino,1,62970,62970,12000,6000,482,Cuautla,1.386387996,0,6000,6000.0,Urbano,18.7208,-98.77756666666669,18.7208,-98.77756666666669,1.8,11
111724,2023-11-21,4500,Femenino,0,62870,62870,10000,9000,588,Cuautla,0.977775094,0,1000,10000.0,Rural,18.7722,-98.7775,18.7722,-98.7775,4.0,11
112200,2023-11-22,5000,Masculino,2,62825,62820,18000,12000,471,Cuautla,1.001207875,0,6000,6000.0,Rural,18.796966666666663,-98.84250000000002,18.8833,-98.865,1.6,11
132181,2024-04-09,11500,Femenino,2,62970,62970,14000,10000,555,Cuautla,1.115171408,0,4000,4666.666666666667,Urbano,18.7208,-98.77756666666669,18.7208,-98.77756666666669,2.9,4
133960,2024-04-22,5000,Femenino,4,62970,62970,12000,6000,584,Cuautla,1.379280822,1,6000,2400.0,Urbano,18.7208,-98.77756666666669,18.7208,-98.77756666666669,3.5,4
134385,2024-04-24,5000,Femenino,1,62970,62970,15000,10000,480,Cuautla,1.496733246,0,5000,7500.0,Urbano,18.7208,-98.77756666666669,18.7208,-98.77756666666669,1.8,4
138032,2024-05-14,7000,Femenino,2,62970,62970,12000,5000,473,Cuautla,1.667276423,1,7000,4000.0,Urbano,18.7208,-98.77756666666669,18.7208,-98.77756666666669,1.6,5
139976,2024-05-29,7000,Femenino,3,62870,62885,16000,12000,608,Cuautla,1.18815331,1,4000,4000.0,Rural,18.7722,-98.7775,18.7427,-98.7709,4.6,5
134355,2024-04-24,5000,Femenino,0,62540,62540,13000,6000,632,Cuautla,1.846236559,0,7000,13000.0,Urbano,18.9556,-98.9811,18.9556,-98.9811,5.3,4
159266,2024-08-31,8000,Femenino,0,62835,62830,0,5000,487,Cuautla,2.366931217,0,-5000,0.0,Rural,18.994375,-98.944575,18.9849,-98.9207,1.8,8
133220,2024-04-16,7500,Femenino,0,62826,62820,8000,7000,639,Cuautla,1.288895909,1,1000,8000.0,Rural,18.80735,-98.9111,18.8833,-98.865,6.1,4
134507,2024-04-24,9500,Femenino,0,62826,62820,12000,3000,418,Cuautla,1.503649635,1,9000,12000.0,Rural,18.80735,-98.9111,18.8833,-98.865,1.2,4
135195,2024-05-01,6000,Femenino,0,62826,62744,15000,6000,448,Cuautla,2.360787172,0,9000,15000.0,Rural,18.80735,-98.9111,18.82298,-98.98586,1.3,5
135807,2024-05-01,4500,Femenino,0,62826,62820,10000,5000,420,Cuautla,0.976688006,1,5000,10000.0,Rural,18.80735,-98.9111,18.8833,-98.865,1.2,5
141592,2024-06-05,9500,Femenino,1,62744,62743,15000,7000,419,Cuautla,1.195986692,0,8000,7500.0,Urbano,18.82298,-98.98586,18.8145,-98.93205,1.2,6
166022,2024-10-09,5000,Femenino,0,62826,62820,12000,3000,426,Cuautla,0.709047109,0,9000,12000.0,Rural,18.80735,-98.9111,18.8833,-98.865,1.2,10
75472,2023-03-06,6000,Femenino,0,56880,56880,15000,4000,483,Cuautla,1.188765034,1,11000,15000.0,Urbano,19.0260375,-98.823975,19.0260375,-98.823975,1.8,3
111622,2023-11-21,6000,Femenino,2,62730,62730,12000,5000,437,Cuautla,1.063777881,0,7000,4000.0,Urbano,18.9026,-98.9717,18.9026,-98.9717,1.3,11
129391,2024-03-25,7500,Femenino,1,62730,62733,12000,6500,470,Cuautla,1.495239873,0,5500,6000.0,Urbano,18.9026,-98.9717,18.8752625,-99.060575,1.6,3
97414,2023-08-16,3000,Femenino,1,62730,62730,10000,2000,483,Cuautla,0.0,0,8000,5000.0,Urbano,18.9026,-98.9717,18.9026,-98.9717,1.8,8
97383,2023-08-16,3000,Femenino,2,62739,62739,11000,7000,500,Cuautla,0.0,0,4000,3666.6666666666665,Rural,18.8391375,-99.0862,18.8391375,-99.0862,2.0,8
97402,2023-08-16,3000,Masculino,1,62739,62739,8000,5000,633,Cuautla,0.0,0,3000,4000.0,Rural,18.8391375,-99.0862,18.8391375,-99.0862,5.3,8
129550,2024-03-23,3500,Femenino,1,62739,62730,8500,3000,490,Cuautla,1.21575199,0,5500,4250.0,Rural,18.8391375,-99.0862,18.9026,-98.9717,1.9,3
129910,2024-03-26,7500,Femenino,0,62730,62730,11500,7500,533,Cuautla,1.288895909,0,4000,11500.0,Urbano,18.9026,-98.9717,18.9026,-98.9717,2.6,3
133745,2024-04-22,8000,Femenino,1,62730,62739,23000,10000,626,Cuautla,1.063777881,0,13000,11500.0,Urbano,18.9026,-98.9717,18.8391375,-99.0862,5.3,4
136440,2024-05-07,5000,Femenino,2,62713,62700,14000,0,412,Cuautla,1.28086785,0,14000,4666.666666666667,Rural,18.75604,-98.99062,18.748966666666664,-98.97803333333331,1.2,5
136495,2024-05-07,7500,Femenino,0,62704,62700,6000,7000,551,Cuautla,1.001203756,0,-1000,6000.0,Rural,18.755,-98.9753,18.748966666666664,-98.97803333333331,2.9,5
136551,2024-05-07,13500,Femenino,0,62710,62700,20000,8000,412,Cuautla,1.278637321,0,12000,20000.0,Urbano,18.7597,-98.9401,18.748966666666664,-98.97803333333331,1.2,5
90175,2023-06-23,5000,Femenino,0,62830,62830,10000,500,471,Cuautla,0.945580163,1,9500,10000.0,Urbano,18.9849,-98.9207,18.9849,-98.9207,1.6,6
133478,2024-04-17,5500,Femenino,1,56880,56880,14000,5000,0,Cuautla,1.134703196,0,9000,7000.0,Urbano,19.0260375,-98.823975,19.0260375,-98.823975,0.0,4
137804,2024-05-13,6500,Femenino,1,56970,56974,11000,5800,410,Cuautla,1.134703196,0,5200,5500.0,Urbano,19.0312,-98.7169,19.0066,-98.7533,1.2,5
140040,2024-05-28,7500,Femenino,1,56880,56880,12000,6000,471,Cuautla,1.063783368,0,6000,6000.0,Urbano,19.0260375,-98.823975,19.0260375,-98.823975,1.6,5
97584,2023-08-16,3000,Femenino,1,56880,56880,4000,3500,483,Cuautla,0.607875458,0,500,2000.0,Urbano,19.0260375,-98.823975,19.0260375,-98.823975,1.8,8
107008,2023-10-16,4000,Masculino,0,62757,62748,17200,6000,535,Cuautla,0.709188912,0,11200,17200.0,Urbano,18.86267,-98.93495,18.848171428571423,-98.9604,2.6,10
98278,2023-08-16,3000,Femenino,0,72848,72000,9600,0,555,Puebla Poniente,1.00123839,1,9600,9600.0,Rural,19.0372,-98.32528,19.0479,-98.1907,2.9,8
