id_solicitud,Fecha Inicial,Monto,Edad Solicitud,Genero,Dependientes,Ingresos,Egresos,Score CC,Ciclo,Monto_Ant,Frecuencia_Ant,Incobrable,Score_Ant,Deficit,IngresoPercapita,Odds,Mes inicial
72961,2023-02-21,5000,29,Femenino,0,12000,4000,454,2,3000,1.198630137,1,0.0,8000,12000.0,1.5,2
73397,2023-02-21,7000,19,Femenino,1,12500,3000,482,4,7000,1.001202233,0,0.0,9500,6250.0,1.8,2
116181,2023-12-27,7500,26,Masculino,1,28000,13000,415,3,5000,1.134702231,1,0.0,15000,14000.0,1.2,12
116455,2024-01-02,3000,25,Femenino,1,24000,11000,497,4,7000,0.680817518,1,0.0,13000,12000.0,1.9,1
87052,2023-06-02,10000,31,Femenino,2,7000,2000,508,4,10000,0.895829917,1,0.895484553,5000,2333.3333333333335,2.0,6
89542,2023-06-19,9000,41,Masculino,1,25000,3408,457,2,8000,1.063778772,1,0.0,21592,12500.0,1.5,6
70318,2023-02-01,7000,29,Femenino,1,8000,5000,432,3,5000,1.001207875,1,0.0,3000,4000.0,1.2,2
81643,2023-04-24,4000,40,Femenino,3,6000,4000,433,3,4000,0.851025641,1,0.0,2000,1500.0,1.2,4
111601,2023-11-20,4000,31,Femenino,1,10000,4500,482,2,4000,1.215750916,1,1.027191663,5500,5000.0,1.8,11
117195,2024-01-02,13000,45,Femenino,0,14000,4000,413,2,10000,0.96139515,1,0.712892914,10000,14000.0,1.2,1
111280,2023-11-15,5000,31,Femenino,2,8500,2500,431,5,9000,0.630399453,1,0.634156912,6000,2833.3333333333335,1.2,11
99849,2023-08-28,3000,56,Femenino,0,11500,2300,425,3,6000,0.630386775,1,0.794438084,9200,11500.0,1.2,8
107791,2023-10-20,3000,54,Femenino,0,7200,4800,418,3,5000,1.387063655,1,0.0,2400,7200.0,1.2,10
120317,2024-01-22,3000,34,Femenino,0,10000,5000,561,2,3000,0.630390665,1,0.684527645,5000,10000.0,3.2,1
110397,2023-11-08,5000,67,Femenino,0,8000,2000,540,2,4000,0.586914235,1,0.0,6000,8000.0,2.75,11
111755,2023-11-17,5000,27,Femenino,0,11500,3500,580,2,3000,1.400114155,1,1.040423374,8000,11500.0,3.5,11
80721,2023-04-14,5000,44,Femenino,0,8000,4000,431,3,5000,0.810501613,1,0.0,4000,8000.0,1.2,4
106269,2023-10-10,3000,63,Femenino,0,9000,2000,521,2,3000,1.078941035,0,0.0,7000,9000.0,2.2,10
112651,2023-11-27,7000,61,Femenino,0,7800,1000,487,14,5000,1.001207875,0,0.942889006,6800,7800.0,1.8,11
131155,2024-04-03,3000,37,Femenino,3,8700,2400,572,4,3000,1.047303082,1,0.973969898,6300,2175.0,3.5,4
132183,2024-04-10,5500,37,Femenino,3,10500,3800,576,2,3000,1.134703196,0,1.019835279,6700,2625.0,3.5,4
133660,2024-04-22,8000,58,Femenino,0,9800,2300,656,4,5500,1.134696406,0,1.01745753,7500,9800.0,6.1,4
133933,2024-04-22,10000,39,Femenino,1,9200,2100,617,6,9000,1.134719015,0,0.995525233,7100,4600.0,5.3,4
133938,2024-04-22,5000,46,Femenino,0,8500,2300,0,7,5000,0.945585216,1,0.906754354,6200,8500.0,0.0,4
137716,2024-05-14,5500,56,Femenino,0,7500,2300,470,4,7500,1.06377899,0,1.017165989,5200,7500.0,1.6,5
138610,2024-05-17,7000,40,Femenino,2,6800,2500,481,2,5000,1.189058375,1,0.943466196,4300,2266.6666666666665,1.8,5
135791,2024-05-01,4000,42,Femenino,0,18000,6700,607,3,5000,0.810501613,0,0.856175294,11300,18000.0,4.6,5
111681,2023-11-20,7000,33,Femenino,2,15400,7000,664,4,5000,1.291423156,0,1.022085694,8400,5133.333333333333,6.1,11
118663,2024-01-09,3000,47,Femenino,3,18000,8000,502,5,4000,0.630389364,0,0.0,10000,4500.0,2.0,1
134373,2024-04-23,5000,39,Masculino,2,12000,0,615,6,8000,1.296773559,0,0.0,12000,4000.0,5.3,4
134540,2024-04-24,5000,36,Masculino,2,12000,3600,487,4,7500,1.196452933,0,1.024243871,8400,4000.0,1.8,4
140684,2024-05-29,3000,37,Femenino,2,6000,2800,585,2,2000,1.379059829,0,1.038330037,3200,2000.0,4.0,5
141668,2024-06-04,8000,31,Femenino,2,7600,2800,668,4,7000,1.134594857,0,1.014949869,4800,2533.3333333333335,8.3,6
166866,2024-10-09,3000,36,Masculino,1,10000,2800,541,8,3000,1.063784247,1,1.020278034,7200,5000.0,2.75,10
139783,2024-05-27,12000,24,Femenino,0,9500,4000,413,5,9500,1.063799234,0,1.000404899,5500,9500.0,1.2,5
141196,2024-06-01,9000,45,Femenino,1,10700,4500,480,4,7000,1.194115201,0,0.996848247,6200,5350.0,1.8,6
90774,2023-06-27,3000,39,Femenino,0,8000,100,573,4,2500,0.85102459,1,0.845898597,7900,8000.0,3.5,6
110197,2023-11-07,3000,21,Masculino,1,8100,1950,418,5,4000,0.630389364,1,0.5370487,6150,4050.0,1.2,11
117932,2024-01-08,3000,21,Femenino,1,16000,6000,568,2,3000,1.198630137,0,0.995667278,10000,8000.0,3.2,1
121648,2024-01-30,3000,30,Femenino,2,5200,1900,427,2,3000,0.77366127,0,0.0,3300,1733.3333333333333,1.2,1
121898,2024-01-31,3000,62,Masculino,0,14000,7500,738,8,13000,0.895813491,0,0.0,6500,14000.0,8.3,1
127825,2024-03-13,3000,54,Femenino,0,5800,500,523,2,3000,1.063784247,0,0.0,5300,5800.0,2.2,3
129551,2024-03-23,3000,25,Femenino,2,8500,2000,492,6,3000,1.063784247,0,1.0,6500,2833.3333333333335,1.9,3
134452,2024-04-27,4000,22,Femenino,1,7000,2900,577,2,3000,1.001208703,1,0.84556866,4100,3500.0,3.5,4
136850,2024-05-07,4000,62,Femenino,0,6000,6900,477,6,4000,0.945584046,0,0.901367342,-900,6000.0,1.6,5
136999,2024-05-08,5000,55,Femenino,0,12000,8000,489,6,5000,1.063783368,0,1.01975759,4000,12000.0,1.8,5
140878,2024-05-29,7500,35,Femenino,1,12000,6900,595,3,5000,1.501478197,0,1.031207713,5100,6000.0,4.0,5
141659,2024-06-04,3000,22,Femenino,0,4800,1000,653,6,3000,1.19078341,0,1.00643734,3800,4800.0,6.1,6
141661,2024-06-04,3000,33,Masculino,2,12000,4800,464,2,3000,0.810502283,0,0.833058929,7200,4000.0,1.5,6
141667,2024-06-04,6500,33,Masculino,3,14000,5000,426,2,4000,1.278453689,0,1.013243398,9000,3500.0,1.2,6
141846,2024-06-05,3000,37,Femenino,2,0,6800,545,2,3000,1.369354839,0,0.925478671,-6800,0.0,2.75,6
141842,2024-06-07,5000,21,Femenino,1,2000,7000,505,4,3000,1.274441687,0,1.013295942,-5000,1000.0,2.0,6
136047,2024-05-01,3000,50,Femenino,1,13500,7000,452,2,3500,0.895817256,1,0.932958067,6500,6750.0,1.5,5
139861,2024-05-27,3000,59,Femenino,0,13000,4000,518,2,3000,1.259057072,0,0.936491191,9000,13000.0,2.1,5
135247,2024-04-27,5000,35,Femenino,3,7500,4000,500,3,5000,1.271521087,0,1.014816211,3500,1875.0,2.0,4
135346,2024-04-27,5500,40,Masculino,4,9500,4000,627,2,3000,1.134703196,1,1.004542597,5500,1900.0,5.3,4
135867,2024-05-01,8500,34,Femenino,2,11500,6000,501,4,6000,1.278469401,0,1.013244228,5500,3833.3333333333335,2.0,5
138359,2024-05-15,10000,35,Femenino,3,6800,2000,546,4,7500,1.642255435,0,1.020464302,4800,1700.0,2.75,5
141986,2024-06-05,5500,33,Femenino,2,14000,4800,469,2,3000,1.063784247,0,0.996083796,9200,4666.666666666667,1.6,6
142335,2024-06-10,8000,34,Femenino,1,8000,3500,481,3,5500,1.278347578,0,1.013247783,4500,4000.0,1.8,6
120601,2024-01-23,5500,33,Femenino,2,25000,7000,440,2,3000,1.063784247,1,1.0,18000,8333.333333333334,1.3,1
139303,2024-05-22,5500,57,Masculino,1,20000,12500,584,2,3000,1.380645161,0,1.021354765,7500,10000.0,3.5,5
140275,2024-05-27,7500,49,Femenino,1,24000,4123,462,3,7500,0.945581325,1,0.853607582,19877,12000.0,1.5,5
114793,2023-12-11,5500,28,Masculino,0,10000,8000,482,2,3000,1.384988584,0,1.021264112,2000,10000.0,1.8,12
134280,2024-04-22,5500,22,Femenino,1,18000,3000,526,2,3000,1.846594982,1,1.066731392,15000,9000.0,2.2,4
142139,2024-06-07,5500,27,Femenino,2,12000,5000,591,2,3000,1.211981567,0,1.008908046,7000,4000.0,4.0,6
110522,2023-11-08,3000,22,Femenino,3,5200,2000,469,4,11000,1.063798395,0,0.0,3200,1300.0,1.6,11
133486,2024-04-17,5000,18,Femenino,0,44000,2000,611,2,3000,1.288988409,0,1.033092816,42000,44000.0,4.6,4
138121,2024-05-15,5000,21,Femenino,1,6200,2000,567,2,3000,1.380645161,0,1.014547315,4200,3100.0,3.2,5
140333,2024-05-28,5000,40,Masculino,1,6200,2000,627,2,3000,1.388172043,0,1.017343895,4200,3100.0,5.3,5
142500,2024-06-08,5000,44,Masculino,2,7200,2000,683,2,3000,1.063784247,0,1.021407428,5200,2400.0,8.3,6
141539,2024-06-05,7500,50,Femenino,0,13600,4000,499,3,5500,1.063777881,0,1.0,9600,13600.0,1.9,6
107612,2023-10-25,4000,32,Femenino,3,8000,5,650,8,5000,1.134702259,0,1.023331583,7995,2000.0,6.1,10
112261,2023-11-22,5000,23,Femenino,2,6000,6,617,2,5000,1.063783368,0,1.016037989,5994,2000.0,5.3,11
129973,2024-03-26,10000,57,Femenino,1,12000,4,0,5,10000,1.134717895,0,1.03186693,11996,6000.0,0.0,3
136336,2024-05-04,5000,37,Femenino,3,6,5,646,5,5500,1.063777881,0,1.016470876,1,1.5,6.1,5
137401,2024-05-11,3000,34,Femenino,4,6000,3000,413,4,3000,1.063784247,0,1.020278034,3000,1200.0,1.2,5
138406,2024-05-15,6000,32,Femenino,3,8000,5,665,9,4000,1.063782051,0,1.018978255,7995,2000.0,8.3,5
138705,2024-05-20,3000,27,Femenino,2,0,5,497,2,3000,1.063784247,1,1.012418961,-5,0.0,1.9,5
158853,2024-08-28,5000,46,Femenino,1,8800,5500,547,3,5000,0.680821355,0,0.695654305,3300,4400.0,2.75,8
171818,2024-11-04,5000,43,Femenino,3,4008,5,414,4,6000,0.65463242,0,0.0,4003,1002.0,1.2,11
115203,2023-12-13,3000,35,Femenino,1,12000,4000,506,3,3500,0.851026393,0,0.921362387,8000,6000.0,2.0,12
130362,2024-03-27,7000,20,Femenino,0,7000,1500,605,5,5000,1.134702259,0,1.023331583,5500,7000.0,4.6,3
131694,2024-04-08,5000,36,Femenino,1,12000,4000,532,4,3000,1.063784247,0,1.01696945,8000,6000.0,2.6,4
133299,2024-04-17,6500,28,Femenino,2,14000,1500,589,2,4000,1.379059829,0,1.038330037,12500,4666.666666666667,4.0,4
133591,2024-04-17,5500,33,Femenino,4,12000,2000,641,2,3000,1.134703196,0,1.023843402,10000,2400.0,6.1,4
134528,2024-04-24,6500,26,Femenino,3,17000,4000,399,2,4000,1.215750916,0,1.027191663,13000,4250.0,0.9,4
139385,2024-05-22,8000,31,Masculino,3,12000,4000,533,3,5500,1.063777881,0,1.000826173,8000,3000.0,2.6,5
140564,2024-05-29,6500,23,Femenino,1,16000,4000,454,3,4000,1.418367347,0,1.037549199,12000,8000.0,1.5,5
140865,2024-05-29,7000,48,Femenino,2,12000,2000,489,4,7500,1.001203756,0,0.98115817,10000,4000.0,1.8,5
114733,2023-12-11,3000,51,Femenino,1,13400,6000,599,3,3500,0.773660357,0,0.0,7400,6700.0,4.6,12
130915,2024-04-03,5000,20,Femenino,0,10000,4000,632,3,5000,1.063783368,0,1.004500858,6000,10000.0,5.3,4
133668,2024-04-22,13000,31,Masculino,3,15000,8000,511,8,10500,1.06379822,0,1.0,7000,3750.0,2.1,4
135926,2024-05-01,6000,34,Femenino,2,14000,4000,519,2,3500,1.309271374,0,1.029646177,10000,4666.666666666667,2.2,5
135991,2024-05-01,7000,19,Femenino,0,12000,6000,600,3,5000,1.063783368,0,1.0,6000,12000.0,4.6,5
137154,2024-05-08,7000,40,Femenino,2,10000,3200,684,3,4500,1.215753425,0,1.011459066,6800,3333.3333333333335,8.3,5
139494,2024-05-22,9000,25,Femenino,1,12000,4000,554,5,6600,1.134780362,1,1.003900958,8000,6000.0,2.9,5
139863,2024-05-27,5500,29,Femenino,2,0,4600,670,2,3000,1.134703196,0,1.00390124,-4600,0.0,8.3,5
139664,2024-05-22,4000,43,Femenino,2,10000,5000,544,5,7000,1.063777372,1,1.007645501,5000,3333.3333333333335,2.75,5
73870,2023-02-22,4000,36,Masculino,2,16000,6000,716,5,3000,1.063784247,0,0.0,10000,5333.333333333333,8.3,2
74889,2023-03-01,5000,34,Femenino,1,17000,2800,496,10,6500,1.063777516,0,0.0,14200,8500.0,1.9,3
130540,2024-03-29,6000,32,Femenino,2,16000,4000,540,3,5000,1.196831916,0,1.026768075,12000,5333.333333333333,2.75,3
137079,2024-05-08,9000,19,Masculino,0,12200,2400,656,4,7500,1.215747418,0,1.025442781,9800,12200.0,6.1,5
99471,2023-08-23,5000,21,Femenino,2,4500,500,522,5,6000,0.630386775,0,0.0,4000,1500.0,2.2,8
114519,2023-12-08,8000,40,Femenino,1,7000,2000,678,6,7000,1.063777372,0,1.016207878,5000,3500.0,8.3,12
129605,2024-03-25,4000,28,Masculino,1,3000,1000,619,3,3000,1.379280822,0,1.039542997,2000,1500.0,5.3,3
129721,2024-03-25,5000,35,Masculino,2,3000,2000,474,3,5500,0.945580339,1,0.960004394,1000,1000.0,1.6,3
132985,2024-04-15,6000,59,Femenino,0,4000,2000,461,3,6000,1.063777683,0,0.881076445,2000,4000.0,1.5,4
134110,2024-04-22,6000,31,Femenino,2,3500,3500,529,3,4500,1.063784247,0,1.111468632,0,1166.6666666666667,2.6,4
134061,2024-04-23,5500,57,Femenino,0,8800,6000,517,2,3000,1.215753425,1,1.051704913,2800,8800.0,2.1,4
136883,2024-05-07,6500,64,Femenino,0,10500,3000,530,2,4800,1.001131222,1,0.991113668,7500,10500.0,2.6,5
137434,2024-05-11,7000,25,Femenino,2,12000,4300,429,3,5000,1.001207875,1,0.91147753,7700,4000.0,1.2,5
97115,2023-08-14,4000,23,Masculino,2,10000,2500,398,7,5500,0.895812952,1,0.915132267,7500,3333.3333333333335,0.9,8
112389,2023-11-22,5500,23,Femenino,2,14300,3200,485,3,3000,1.134703196,1,1.00390124,11100,4766.666666666667,1.8,11
129891,2024-03-26,11000,57,Femenino,0,8000,3500,518,4,8500,1.134718826,1,1.004538884,4500,8000.0,2.1,3
130678,2024-04-02,5500,47,Femenino,3,14000,3200,0,2,3000,1.063784247,1,1.0,10800,3500.0,0.0,4
131627,2024-04-08,4000,48,Femenino,0,13800,2000,0,2,5000,1.001207875,1,0.996925894,11800,13800.0,0.0,4
134199,2024-04-23,6000,59,Femenino,0,14800,4000,0,2,4000,1.063782051,1,0.995804467,10800,14800.0,0.0,4
134206,2024-04-22,7000,27,Femenino,2,16000,4000,439,2,5000,1.063783368,1,1.0,12000,5333.333333333333,1.3,4
134380,2024-04-22,7000,24,Femenino,2,12000,4000,566,3,5000,1.116906229,1,0.98994878,8000,4000.0,3.2,4
138921,2024-05-18,7000,44,Femenino,2,16000,5000,599,4,7000,1.046806569,1,0.951681585,11000,5333.333333333333,4.6,5
141300,2024-06-04,7000,47,Femenino,0,0,4000,422,2,5000,1.41802168,1,1.023639072,-4000,0.0,1.2,6
141677,2024-06-05,8000,23,Femenino,0,4600,2000,687,7,12000,1.063798701,1,0.991583865,2600,4600.0,8.3,6
114786,2023-12-12,5500,27,Femenino,0,9000,7500,518,2,3000,1.384988584,1,1.021264112,1500,9000.0,2.1,12
114800,2023-12-11,5500,28,Femenino,0,8000,4000,508,2,3000,1.203767123,1,1.015124571,4000,8000.0,2.0,12
114807,2023-12-12,5500,24,Femenino,0,10500,5000,427,2,3000,1.384988584,1,1.021264112,5500,10500.0,1.2,12
134890,2024-04-24,5000,27,Femenino,1,17000,8000,390,2,5000,0.983572895,1,0.841051252,9000,8500.0,0.9,4
133713,2024-04-27,4000,56,Femenino,0,12800,4000,443,2,4000,1.063782051,1,0.961820888,8800,12800.0,1.3,4
136178,2024-05-06,7500,29,Femenino,1,17500,8000,526,3,5500,1.001202712,1,0.991197799,9500,8750.0,2.2,5
136845,2024-05-07,3000,21,Masculino,0,17000,7000,509,2,3000,0.77366127,1,0.919303616,10000,17000.0,2.0,5
137311,2024-05-08,5500,18,Femenino,1,15500,7000,514,2,3000,1.134703196,1,1.001231304,8500,7750.0,2.1,5
138405,2024-05-17,6500,23,Femenino,1,0,8000,467,2,4000,1.063782051,1,1.003822637,-8000,0.0,1.6,5
139021,2024-05-20,10000,52,Masculino,2,10500,5200,456,3,7500,1.194309102,1,1.007544656,5300,3500.0,1.5,5
140267,2024-05-27,10000,38,Femenino,2,14000,7000,429,4,7500,1.377943841,1,0.937042689,7000,4666.666666666667,1.2,5
141168,2024-06-04,9500,53,Femenino,0,0,4200,441,3,7000,1.286082186,1,1.027369379,-4200,0.0,1.3,6
141548,2024-06-04,7500,36,Femenino,3,19300,7200,419,3,5500,1.515319865,1,1.016360956,12100,4825.0,1.2,6
129406,2024-03-22,13000,45,Masculino,1,18500,3500,602,11,11000,1.376770538,0,0.985189398,15000,9250.0,4.6,3
172164,2024-11-05,3000,32,Femenino,2,9000,5000,549,3,3000,1.001208703,0,0.0,4000,3000.0,2.9,11
133889,2024-04-23,8500,42,Masculino,2,9700,3400,559,12,6000,1.194329521,1,1.001999921,6300,3233.3333333333335,2.9,4
134391,2024-04-23,9500,39,Masculino,2,7800,3000,694,11,7000,1.063777372,0,1.016207878,4800,2600.0,8.3,4
136107,2024-05-01,6500,59,Femenino,0,6200,3745,443,2,4700,1.215689333,0,1.007220814,2455,6200.0,1.3,5
164056,2024-09-25,6000,39,Femenino,1,8200,6500,527,4,6500,0.851022013,0,0.0,1700,4100.0,2.2,9
112337,2023-11-22,5500,19,Femenino,1,15000,9000,441,4,3000,1.134703196,0,0.996881031,6000,7500.0,1.3,11
129514,2024-03-26,5000,34,Masculino,1,13000,6000,417,2,3000,1.063784247,0,1.015535425,7000,6500.0,1.2,3
134672,2024-04-24,5000,33,Masculino,2,15000,8000,378,2,5000,1.280998263,1,1.032072166,7000,5000.0,0.9,4
138143,2024-05-15,5500,39,Femenino,0,18700,11000,565,3,5500,1.063777881,0,1.016509121,7700,18700.0,3.2,5
85888,2023-05-24,3000,56,Masculino,1,13000,5300,662,3,4300,0.991155412,0,0.0,7700,6500.0,6.1,5
132148,2024-04-10,3000,32,Masculino,2,10300,5200,582,3,5000,0.810501613,0,0.0,5100,3433.3333333333335,3.5,4
133217,2024-04-16,3000,62,Femenino,1,11000,5000,539,4,7000,1.063777372,0,0.988939993,6000,5500.0,2.75,4
134008,2024-04-22,13500,46,Femenino,1,12500,5200,527,7,11000,1.063798395,0,1.000695423,7300,6250.0,2.2,4
139463,2024-05-22,5000,33,Femenino,1,14600,544,554,2,3000,1.305210918,1,1.020143588,14056,7300.0,2.9,5
141043,2024-05-31,11500,20,Masculino,1,10000,5000,671,5,9500,1.063799234,0,0.999653239,5000,5000.0,8.3,5
141816,2024-06-05,5500,55,Masculino,1,9800,5400,518,2,3000,1.190552995,1,1.007571839,4400,4900.0,2.1,6
136568,2024-05-06,13500,33,Femenino,3,9800,7000,600,7,11500,1.001222169,1,0.994082292,2800,2450.0,4.6,5
140091,2024-05-29,10000,21,Femenino,0,21000,8000,520,6,8000,1.063778772,0,1.000233814,13000,21000.0,2.2,5
133251,2024-04-16,11000,54,Femenino,0,8800,3000,650,8,11000,1.194320788,0,1.007543849,5800,8800.0,6.1,4
111754,2023-11-20,5000,35,Femenino,2,12000,6000,537,2,3000,1.296891465,0,1.032930267,6000,4000.0,2.6,11
132686,2024-04-12,8000,39,Femenino,1,16500,4500,406,8,8000,1.270804643,1,1.007250617,12000,8250.0,0.9,4
139289,2024-05-22,7000,47,Femenino,1,14000,4000,413,4,5000,1.278142589,0,1.013247846,10000,7000.0,1.2,5
142489,2024-06-08,5000,53,Femenino,0,8500,4500,465,4,5000,1.278142589,0,1.013247846,4000,8500.0,1.5,6
142490,2024-06-08,3000,53,Femenino,0,9800,4500,438,8,3000,1.001208703,0,0.971677563,5300,9800.0,1.3,6
95073,2023-07-26,3000,54,Masculino,0,14000,7000,624,3,3000,1.215753425,0,1.025791921,7000,14000.0,5.3,7
114213,2023-12-06,3000,43,Femenino,2,14000,5000,420,7,5000,1.21575242,0,1.027943741,9000,4666.666666666667,1.2,12
135579,2024-04-29,3000,49,Masculino,1,3000,15000,603,2,3000,1.001208703,0,1.023383213,-12000,1500.0,4.6,4
141159,2024-06-01,4000,24,Masculino,1,11500,1800,457,2,3000,1.063784247,0,1.020278034,9700,5750.0,1.5,6
141804,2024-06-05,9000,46,Femenino,0,20000,5000,460,6,7000,1.063777372,0,0.996294104,15000,20000.0,1.5,6
116126,2023-12-20,5000,21,Masculino,0,10000,5000,480,3,5000,0.945585216,0,0.989642479,5000,10000.0,1.8,12
132301,2024-04-10,5000,30,Masculino,2,19000,2500,508,6,5000,1.063783368,0,1.01975759,16500,6333.333333333333,2.0,4
133436,2024-04-17,5500,44,Femenino,1,9000,2500,670,5,5500,1.063777881,0,0.969067561,6500,4500.0,8.3,4
130193,2024-03-27,10000,30,Femenino,3,9500,4000,513,9,9000,1.383949192,0,0.882260237,5500,2375.0,2.1,3
135925,2024-05-01,9500,19,Masculino,0,16000,5000,552,4,7000,1.278495227,0,1.013245969,11000,16000.0,2.9,5
131382,2024-04-08,8000,46,Femenino,2,18000,3600,452,3,5500,1.134696406,0,1.021130531,14400,6000.0,1.5,4
132896,2024-04-13,7000,24,Femenino,1,15800,3600,643,4,5000,1.278471016,0,1.012595744,12200,7900.0,6.1,4
134751,2024-04-24,9000,23,Masculino,3,17300,3600,668,6,9500,1.063799234,0,1.000124377,13700,4325.0,8.3,4
138343,2024-05-15,10000,37,Femenino,2,15600,3600,651,4,10000,0.945598246,0,0.965279297,12000,5200.0,6.1,5
141321,2024-06-04,8000,29,Femenino,2,13400,3600,488,3,5500,1.194179894,1,1.007546239,9800,4466.666666666667,1.8,6
111740,2023-11-20,3000,29,Femenino,0,7500,3000,490,2,3000,1.043236301,0,0.771799012,4500,7500.0,1.9,11
136396,2024-05-04,4000,26,Masculino,1,8500,3500,443,14,4000,1.106666667,0,0.905990324,5000,4250.0,1.3,5
139108,2024-05-22,3000,47,Masculino,1,8500,3500,520,3,3000,0.945585997,1,0.873436671,5000,4250.0,2.2,5
137058,2024-05-08,5000,18,Femenino,0,8000,6000,600,3,2500,1.279457755,0,1.015801596,2000,8000.0,4.6,5
137375,2024-05-11,3000,30,Masculino,3,10000,5000,419,4,4000,1.134700855,1,0.0,5000,2500.0,1.2,5
134478,2024-04-23,15500,47,Femenino,0,11000,7000,509,7,13000,1.385064254,0,1.021270167,4000,11000.0,2.0,4
134794,2024-04-24,12500,23,Femenino,1,13000,6000,608,5,10000,1.215769174,0,1.031970613,7000,6500.0,4.6,4
137996,2024-05-14,11500,54,Femenino,0,8000,9000,521,4,9000,1.063799076,0,1.005470367,-1000,8000.0,2.2,5
140420,2024-05-28,17000,40,Femenino,1,8000,7000,481,12,16000,1.666793893,0,1.046619777,1000,4000.0,1.8,5
140495,2024-05-28,17000,50,Femenino,0,18000,7500,545,14,15000,1.13469666,0,0.997798739,10500,18000.0,2.75,5
141526,2024-06-04,13500,40,Masculino,0,15000,5600,694,6,11000,1.063798395,0,0.995718239,9400,15000.0,8.3,6
112251,2023-11-22,7500,55,Femenino,0,5000,2500,506,4,5000,1.063783368,0,1.000395635,2500,5000.0,2.0,11
112254,2023-11-22,5000,23,Femenino,2,1200,1000,479,6,5000,1.063783368,0,1.003811857,200,400.0,1.8,11
137287,2024-05-08,3000,46,Femenino,0,6500,1000,558,6,3000,1.134703196,0,1.023843402,5500,6500.0,2.9,5
111745,2023-11-21,9000,46,Femenino,0,12000,10000,543,3,7000,1.063777372,0,1.00270179,2000,12000.0,2.75,11
134686,2024-04-24,7000,53,Femenino,0,8000,4500,641,3,5000,1.063783368,0,0.968052337,3500,8000.0,6.1,4
135979,2024-05-01,13000,45,Masculino,2,18000,7000,661,6,11000,1.001222019,0,0.945135896,11000,6000.0,6.1,5
135992,2024-05-01,9000,52,Femenino,0,10000,5000,578,5,9000,1.103849115,0,0.94037091,5000,10000.0,3.5,5
141503,2024-06-04,5000,46,Femenino,1,10000,6000,518,3,7000,0.810497046,0,0.837355619,4000,5000.0,2.1,6
161961,2024-09-17,8000,27,Masculino,2,6000,8000,498,3,5500,1.063777881,0,1.013308908,-2000,2000.0,1.9,9
112224,2023-11-22,7000,46,Masculino,1,7200,4000,575,3,5000,1.063783368,0,1.014553265,3200,3600.0,3.5,11
130843,2024-04-03,5000,18,Femenino,0,9700,3000,645,2,3000,1.063784247,0,0.981016534,6700,9700.0,6.1,4
134861,2024-04-27,7500,44,Femenino,0,5200,3000,617,2,5000,1.063783368,0,1.010672921,2200,5200.0,5.3,4
130176,2024-03-27,7500,27,Femenino,0,8000,2000,425,4,7000,0.945579886,0,0.926198627,6000,8000.0,1.2,3
134629,2024-04-24,7000,40,Femenino,0,14000,6000,486,3,5000,1.063783368,0,0.964905006,8000,14000.0,1.8,4
135917,2024-05-01,3000,28,Femenino,3,7500,6000,628,3,4200,1.001150582,0,0.983215671,1500,1875.0,5.3,5
112563,2023-11-27,9000,27,Masculino,0,10000,4800,660,6,7000,1.134695864,0,1.006083027,5200,10000.0,6.1,11
133512,2024-04-17,11500,61,Femenino,0,12000,7000,635,4,9500,1.215770553,1,1.041951145,5000,12000.0,6.1,4
141754,2024-06-05,5500,26,Masculino,0,9000,6000,512,5,3000,1.063784247,1,1.041462186,3000,9000.0,2.1,6
137045,2024-05-08,14000,47,Femenino,0,9000,4000,494,15,14000,1.194354586,0,1.007566694,5000,9000.0,1.9,5
138837,2024-05-18,7000,42,Femenino,1,8600,7900,514,2,5000,1.063783368,0,1.004623404,700,4300.0,2.1,5
142473,2024-06-08,10000,48,Femenino,3,13000,8000,606,4,7500,1.492835968,0,1.032323095,5000,3250.0,4.6,6
134904,2024-04-27,4500,45,Femenino,0,10000,5000,546,8,2000,1.063782051,0,1.019337122,5000,10000.0,2.75,4
135463,2024-04-29,8000,46,Masculino,0,9000,4500,473,4,7000,1.270409882,1,0.969613632,4500,9000.0,1.6,4
139519,2024-05-22,10000,44,Femenino,0,9500,3254,419,7,10000,1.040433541,0,0.913236988,6246,9500.0,1.2,5
136080,2024-05-01,11500,46,Masculino,0,21000,8000,424,7,9500,1.518201711,0,1.032916226,13000,21000.0,1.2,5
137142,2024-05-08,5000,22,Masculino,1,20000,5000,505,2,5000,1.063783368,0,1.01975759,15000,10000.0,2.0,5
138401,2024-05-15,5000,42,Femenino,2,18000,8000,381,3,5000,1.134702259,0,1.003901243,10000,6000.0,0.9,5
138888,2024-05-18,3000,48,Femenino,0,7000,5000,595,2,3000,1.274441687,0,1.013295942,2000,7000.0,4.0,5
142014,2024-06-05,3000,53,Femenino,1,9000,8000,605,3,3000,1.134703196,0,1.01497715,1000,4500.0,4.6,6
186062,2025-01-22,15000,58,Masculino,2,29000,7000,429,5,5000,1.377879404,1,1.031889071,22000,9666.666666666666,1.2,1
120810,2024-01-24,2500,52,Femenino,0,6800,3000,493,2,3000,1.050085616,0,0.858021252,3800,6800.0,1.9,1
131141,2024-04-03,5500,30,Femenino,1,6900,4200,537,2,3000,1.063784247,0,0.99725505,2700,3450.0,2.6,4
133620,2024-04-17,3000,21,Femenino,1,7000,3500,474,3,4000,1.001206637,0,0.991979135,3500,3500.0,1.6,4
112402,2023-11-22,4700,50,Femenino,0,7500,3800,545,4,6500,0.586911733,0,0.0,3700,7500.0,2.75,11
133637,2024-04-17,3000,53,Femenino,0,6500,600,573,3,2000,1.001206637,0,0.0,5900,6500.0,3.5,4
139273,2024-05-22,5500,56,Femenino,1,6900,4100,563,8,6000,1.030664395,0,0.790368937,2800,3450.0,3.2,5
137047,2024-05-08,3000,45,Femenino,1,10000,5000,529,3,3000,1.215753425,0,1.046906114,5000,5000.0,2.6,5
116040,2023-12-20,5000,47,Femenino,3,10000,5000,489,2,5000,1.273890381,0,0.971589848,5000,2500.0,1.8,12
116098,2023-12-20,5500,23,Masculino,2,10000,5000,653,2,3000,1.204500978,0,1.027746788,5000,3333.3333333333335,6.1,12
129410,2024-03-23,8500,60,Femenino,0,10000,5000,488,3,6500,1.134696017,0,0.969221324,5000,10000.0,1.8,3
111673,2023-11-20,7500,41,Masculino,2,9500,1300,488,3,5000,1.204312115,0,1.027232873,8200,3166.6666666666665,1.8,11
116290,2023-12-27,7000,56,Femenino,0,10000,1300,438,8,5000,1.199471986,0,0.980858001,8700,10000.0,1.3,12
116312,2023-12-23,7500,47,Femenino,1,17000,1300,615,2,5000,1.134702259,0,1.013040576,15700,8500.0,5.3,12
129537,2024-03-23,10000,48,Femenino,1,17000,1300,615,3,7500,1.394724875,0,1.058293921,15700,8500.0,5.3,3
130848,2024-04-02,7500,27,Femenino,0,7600,4300,451,2,5000,1.063783368,0,0.995233187,3300,7600.0,1.3,4
112932,2023-11-27,3000,22,Femenino,0,9600,7000,524,2,3000,1.001208703,0,0.0,2600,9600.0,2.2,11
130168,2024-03-27,7500,39,Femenino,1,1500,4600,523,2,5000,1.386550308,0,1.027061834,-3100,750.0,2.2,3
132158,2024-04-09,4000,34,Femenino,2,7600,3700,517,2,3000,1.288724974,0,1.030934893,3900,2533.3333333333335,2.1,4
139307,2024-05-22,7500,41,Femenino,1,8600,2000,446,2,5000,1.506836659,0,1.052151193,6600,4300.0,1.3,5
139013,2024-05-20,8000,44,Femenino,1,22000,2500,575,9,8000,1.134697357,0,1.080943288,19500,11000.0,3.5,5
171161,2024-10-30,5000,34,Masculino,2,9000,7000,437,4,7000,0.654632229,0,0.0,2000,3000.0,1.3,10
134226,2024-04-22,6000,52,Femenino,0,12000,6000,449,10,4000,1.12034188,0,1.017305033,6000,12000.0,1.3,4
80056,2023-04-11,6000,44,Femenino,0,17000,5000,434,2,4000,1.063782051,1,0.0,12000,17000.0,1.3,4
92516,2023-07-10,5000,53,Masculino,0,12000,0,546,3,7000,0.895812524,1,0.0,12000,12000.0,2.75,7
111680,2023-11-20,7000,33,Femenino,0,0,0,437,2,5000,1.387063655,1,1.032449045,0,0.0,1.3,11
119509,2024-01-15,3000,44,Femenino,0,7000,0,498,11,4500,0.740023824,1,0.877487205,7000,7000.0,1.9,1
137556,2024-05-13,8000,44,Masculino,2,9000,2500,445,2,6000,1.215745924,1,1.021388786,6500,3000.0,1.3,5
139132,2024-05-21,5000,59,Femenino,0,10000,6000,416,4,4500,1.377262443,1,1.026566451,4000,10000.0,1.2,5
139700,2024-05-27,5000,44,Femenino,0,6500,5800,471,3,5000,1.063783368,1,0.998928453,700,6500.0,1.6,5
141014,2024-05-31,4000,20,Femenino,0,10000,3000,497,2,5000,1.215447154,1,1.018070638,7000,10000.0,1.9,5
141867,2024-06-07,4500,29,Femenino,2,7900,0,438,3,3000,1.063784247,1,0.0,7900,2633.3333333333335,1.3,6
154680,2024-08-10,13000,42,Femenino,1,15000,9000,478,13,11000,1.190299987,1,0.983748042,6000,7500.0,1.8,8
157855,2024-08-28,4000,39,Femenino,1,8500,2500,425,3,4000,3.802564103,1,0.0,6000,4250.0,1.2,8
167678,2024-10-14,12000,31,Masculino,0,6000,2000,504,2,7000,1.112275594,1,0.772072078,4000,6000.0,2.0,10
174721,2024-11-20,5000,19,Masculino,0,0,6000,538,2,3000,0.998102467,1,0.947753771,-6000,0.0,2.6,11
176564,2024-12-03,4000,22,Femenino,1,10000,6000,371,4,3000,0.848387097,1,0.816490662,4000,5000.0,0.9,12
157233,2024-08-21,5000,65,Femenino,0,9000,4000,535,4,3000,1.26674938,1,0.943224648,5000,9000.0,2.6,8
137126,2024-05-08,7500,26,Masculino,0,13200,3000,630,3,5000,1.134702259,1,1.003901243,10200,13200.0,5.3,5
138273,2024-05-22,9000,56,Masculino,0,8000,3000,472,3,7000,1.063777372,1,0.992411987,5000,8000.0,1.6,5
113132,2023-11-29,8000,38,Femenino,2,1000,5000,543,5,7000,1.202919708,1,1.008079826,-4000,333.3333333333333,2.75,11
181638,2024-12-31,13500,39,Femenino,1,0,8000,528,2,5000,1.376693767,1,1.024911649,-8000,0.0,2.2,12
130121,2024-03-27,8000,54,Masculino,0,6500,1000,557,18,11000,1.001222019,1,0.986659293,5500,6500.0,2.9,3
130544,2024-03-29,8000,19,Masculino,1,24000,10000,664,4,8000,1.288510722,1,1.02478861,14000,12000.0,6.1,3
132248,2024-04-10,7500,58,Femenino,0,13000,13000,466,3,5500,1.494761744,1,1.034811438,0,13000.0,1.6,4
133468,2024-04-17,5000,46,Femenino,1,10000,5000,415,2,3000,1.215753425,1,1.014803417,5000,5000.0,1.2,4
135623,2024-04-29,8500,50,Femenino,1,13500,5500,463,11,9000,0.945599179,1,0.936689774,8000,6750.0,1.5,4
136993,2024-05-08,5000,37,Masculino,0,14000,4000,507,3,2500,1.134699454,1,1.004492037,10000,14000.0,2.0,5
137056,2024-05-08,7000,65,Femenino,0,24000,11000,506,2,5000,1.26520297,1,0.976069636,13000,24000.0,2.0,5
138596,2024-05-17,3000,51,Femenino,0,18000,4000,461,3,2500,1.182084309,1,0.96081589,14000,18000.0,1.5,5
140077,2024-05-27,5500,31,Femenino,2,0,5000,429,2,3000,1.542521994,1,1.033278083,-5000,0.0,1.2,5
140252,2024-05-27,7000,30,Femenino,2,24000,11000,426,3,5000,1.26641651,1,0.884628909,13000,8000.0,1.2,5
141793,2024-06-05,13500,52,Masculino,1,18800,3200,459,7,11500,1.134573369,1,0.991749313,15600,9400.0,1.5,6
141796,2024-06-05,5500,18,Femenino,1,28000,9000,377,2,3000,1.379280822,1,1.039542997,19000,14000.0,0.9,6
142257,2024-06-12,10000,51,Masculino,1,9800,5400,566,4,8000,1.188898999,1,0.9656519,4400,4900.0,3.2,6
161245,2024-09-11,3000,52,Masculino,0,6000,4000,695,2,3000,1.063784247,1,1.0,2000,6000.0,8.3,9
90802,2023-06-27,3000,32,Femenino,0,9000,0,471,4,3000,0.945585997,1,0.815426325,9000,9000.0,1.6,6
167378,2024-10-14,5000,42,Masculino,2,0,5000,458,2,3000,1.51085044,1,0.982716227,-5000,0.0,1.5,10
135363,2024-04-27,5000,43,Femenino,0,8000,4100,0,2,5000,1.001207875,1,0.883370502,3900,8000.0,0.0,4
151859,2024-07-30,7000,34,Femenino,2,12800,4000,496,10,5000,1.114498645,1,0.975835325,8800,4266.666666666667,1.9,7
116077,2023-12-20,9500,52,Masculino,0,20000,7000,740,6,10000,0.810512782,1,0.839215754,13000,20000.0,8.3,12
114395,2023-12-06,5000,31,Femenino,1,4000,5000,408,2,3000,1.292149631,1,1.029058568,-1000,2000.0,1.2,12
125647,2024-02-26,5000,34,Femenino,1,5000,2000,660,4,3000,2.017123288,1,1.098466021,3000,2500.0,6.1,2
137123,2024-05-08,5000,18,Femenino,0,0,6500,563,3,5500,0.977039143,1,0.920937235,-6500,0.0,3.2,5
141702,2024-06-05,5500,44,Femenino,2,8900,6500,486,2,3000,1.661935484,1,1.04684492,2400,2966.6666666666665,1.8,6
69961,2023-01-25,4000,62,Femenino,1,7500,3000,436,2,3000,1.001208703,1,0.0,4500,3750.0,1.3,1
94171,2023-07-19,3900,19,Masculino,2,10000,5000,531,2,5000,0.895817573,1,0.815506258,5000,3333.3333333333335,2.6,7
174458,2024-11-20,3000,47,Femenino,2,7300,5600,486,2,3000,0.630390665,1,0.0,1700,2433.3333333333335,1.8,11
136508,2024-05-04,3000,39,Femenino,1,5000,3000,522,4,3000,0.77366127,1,0.719366524,2000,2500.0,2.2,5
112428,2023-11-22,5000,26,Femenino,3,7000,1000,606,2,3000,1.215753425,0,1.028445982,6000,1750.0,4.6,11
112874,2023-11-27,5000,57,Masculino,0,7000,3000,659,4,5000,0.945585216,0,0.0,4000,7000.0,6.1,11
135438,2024-04-27,10000,40,Femenino,1,7500,4500,515,7,10000,1.063798027,0,0.952708015,3000,3750.0,2.1,4
136833,2024-05-07,3500,40,Masculino,2,6500,2500,526,3,3000,1.134703196,0,1.011053497,4000,2166.6666666666665,2.2,5
139701,2024-05-22,3000,23,Femenino,1,6500,3500,571,4,3000,1.188845401,1,0.973692494,3000,3250.0,3.2,5
139920,2024-05-27,4000,42,Femenino,2,7500,2550,476,3,4000,1.063782051,0,0.980431169,4950,2500.0,1.6,5
136840,2024-05-07,12000,41,Femenino,2,8000,6000,441,2,5000,0.945585216,1,0.0,2000,2666.6666666666665,1.3,5
125973,2024-02-28,6000,55,Femenino,5,8000,6000,637,2,5000,1.21575242,0,1.009656757,2000,1333.3333333333333,6.1,2
157241,2024-08-21,3000,37,Masculino,1,10000,4000,594,6,3000,0.848387097,0,0.954084573,6000,5000.0,4.0,8
77703,2023-03-25,4000,24,Masculino,1,9000,4000,632,4,4000,1.2,0,0.0,5000,4500.0,5.3,3
114262,2023-12-06,5000,42,Masculino,0,10000,5000,632,2,3000,1.063784247,1,1.050188303,5000,10000.0,5.3,12
119477,2024-01-13,7500,30,Masculino,0,12000,5000,413,2,5000,1.386036961,0,1.030032284,7000,12000.0,1.2,1
134498,2024-04-23,5500,20,Femenino,2,12000,5000,645,2,3000,1.063784247,0,1.020177438,7000,4000.0,6.1,4
101687,2023-09-06,5000,55,Femenino,0,5000,0,616,2,3000,1.063784247,1,0.0,5000,5000.0,5.3,9
116088,2023-12-20,4000,41,Femenino,2,6000,7800,494,2,2000,1.2,0,1.016084674,-1800,2000.0,1.9,12
106627,2023-10-11,3000,53,Femenino,0,8000,0,691,4,4000,1.134700855,0,0.0,8000,8000.0,8.3,10
138019,2024-05-14,3000,59,Femenino,1,11500,6800,439,11,2000,0.945584046,0,0.8919236,4700,5750.0,1.3,5
137655,2024-05-11,6000,46,Masculino,0,8000,4500,546,5,5000,1.134702259,0,1.023331583,3500,8000.0,2.75,5
156904,2024-08-21,8000,47,Masculino,0,8000,4500,618,6,6000,1.195973805,0,1.021000469,3500,8000.0,5.3,8
134969,2024-04-29,4000,34,Femenino,1,15000,6000,516,15,15000,1.109611452,0,0.896480504,9000,7500.0,2.1,4
110354,2023-11-08,5500,20,Femenino,0,8500,5500,484,2,3000,1.134703196,0,1.023843402,3000,8500.0,1.8,11
134213,2024-04-22,7000,32,Femenino,2,9000,6500,559,5,5000,1.134702259,0,1.023331583,2500,3000.0,2.9,4
139137,2024-05-20,10500,23,Femenino,0,8500,6000,427,9,8500,1.515369523,0,0.856233133,2500,8500.0,1.2,5
139517,2024-05-22,16500,53,Femenino,0,18000,8500,571,7,14000,1.278433566,0,1.015724629,9500,18000.0,3.2,5
140444,2024-05-28,8000,35,Masculino,3,17000,6500,657,5,8500,1.518748637,0,1.006378476,10500,4250.0,6.1,5
141802,2024-06-05,3000,40,Femenino,3,8000,6400,663,3,2000,1.063782051,0,1.018978255,1600,2000.0,6.1,6
169157,2024-10-22,3000,43,Femenino,2,12000,7500,540,2,3000,0.709189498,0,0.0,4500,4000.0,2.75,10
161243,2024-09-11,3000,56,Femenino,1,16500,7500,498,14,3000,1.190552995,0,0.996400668,9000,8250.0,1.9,9
134329,2024-04-22,3000,62,Masculino,0,8000,5000,503,3,3000,1.001208703,0,0.976299279,3000,8000.0,2.0,4
137205,2024-05-08,3000,35,Femenino,0,6000,4000,565,3,3000,1.063784247,0,0.973467568,2000,6000.0,3.2,5
139916,2024-05-27,4000,63,Femenino,0,8000,5000,477,5,4000,1.045032051,0,0.952451313,3000,8000.0,1.6,5
156896,2024-08-20,4000,52,Femenino,1,6000,4500,493,3,4000,1.37457483,0,0.978982984,1500,3000.0,1.9,8
112250,2023-11-22,5000,34,Femenino,0,15000,3500,531,4,5000,1.063783368,0,1.0,11500,15000.0,2.6,11
115017,2023-12-12,11000,26,Femenino,2,10000,8000,586,7,8500,1.134718826,0,1.003901183,2000,3333.3333333333335,4.0,12
115855,2023-12-19,5000,65,Masculino,0,7000,0,735,7,5000,1.063783368,0,1.0,7000,7000.0,8.3,12
116216,2023-12-20,7500,34,Femenino,3,16000,5000,454,3,5000,1.134702259,0,1.003901243,11000,4000.0,1.5,12
133693,2024-04-22,7500,28,Masculino,0,12000,2000,375,2,5000,1.280998263,0,1.032072166,10000,12000.0,0.9,4
130840,2024-04-02,12000,51,Femenino,0,18000,6000,695,6,10000,1.001221672,0,0.969310928,12000,18000.0,8.3,4
133145,2024-04-15,11500,61,Femenino,0,12000,4000,475,6,9500,1.275037872,0,1.010530097,8000,12000.0,1.6,4
135948,2024-05-06,3000,20,Femenino,0,5000,3000,468,4,3000,1.001208703,0,0.98204447,2000,5000.0,1.6,5
136641,2024-05-06,5000,42,Femenino,2,8000,5000,462,6,4000,1.001206637,0,0.97871147,3000,2666.6666666666665,1.5,5
138726,2024-05-18,3000,26,Femenino,1,6000,4000,614,2,3000,1.203767123,0,1.026886988,2000,3000.0,4.6,5
139458,2024-05-22,4000,55,Femenino,0,8000,5000,488,9,7000,1.063777372,0,1.0,3000,8000.0,1.8,5
136271,2024-05-04,10000,57,Masculino,0,20000,8000,558,6,9000,1.121170131,0,0.98924755,12000,20000.0,2.9,5
89907,2023-06-21,4300,19,Femenino,1,12800,4800,465,3,4600,0.945560516,0,0.700610392,8000,6400.0,1.5,6
97575,2023-08-15,3000,45,Femenino,2,8500,5000,502,2,5000,0.740023212,0,0.75001151,3500,2833.3333333333335,2.0,8
101559,2023-09-06,13000,23,Femenino,0,8400,0,524,8,13000,1.083975872,1,0.726247154,8400,8400.0,2.2,9
116275,2023-12-20,3000,43,Femenino,0,8200,4000,457,3,3000,0.989524577,1,0.921101133,4200,8200.0,1.5,12
134700,2024-04-24,5000,38,Masculino,0,7500,6000,659,3,3000,1.196917808,0,1.027275592,1500,7500.0,6.1,4
136908,2024-05-07,5000,64,Masculino,0,9000,1200,508,2,3000,1.063784247,0,1.020278034,7800,9000.0,2.0,5
140009,2024-05-27,13000,42,Femenino,1,12000,2000,519,6,11000,1.063798395,0,1.00069889,10000,6000.0,2.2,5
115854,2023-12-19,7000,37,Femenino,2,8500,5321,562,2,5000,1.063783368,0,1.00163336,3179,2833.3333333333335,3.2,12
136122,2024-05-04,6500,35,Femenino,2,13600,5100,455,3,7000,0.945579886,0,0.874371357,8500,4533.333333333333,1.5,5
139281,2024-05-22,3000,39,Masculino,1,7500,2500,513,4,5000,0.895817573,1,0.883048313,5000,3750.0,2.1,5
139566,2024-05-22,4000,28,Femenino,1,8000,2000,629,3,3000,1.198630137,0,0.930544362,6000,4000.0,5.3,5
139568,2024-05-22,3000,41,Masculino,1,10000,6000,423,6,5400,1.045099432,1,0.875813177,4000,5000.0,1.2,5
140884,2024-06-01,6500,30,Femenino,1,9000,6000,439,4,4500,1.063784247,0,0.960112298,3000,4500.0,1.3,6
116101,2023-12-20,5000,32,Femenino,2,8000,5000,575,2,5000,1.204018774,0,1.011396575,3000,2666.6666666666665,3.5,12
129415,2024-03-23,7000,51,Femenino,0,10000,8000,612,2,4800,1.666880342,0,1.046609198,2000,10000.0,4.6,3
107721,2023-10-18,5000,57,Femenino,0,9000,7000,538,3,7000,0.960412194,0,0.809446318,2000,9000.0,2.6,10
134159,2024-04-22,3000,22,Femenino,1,6000,3500,449,5,2500,1.280580076,0,1.036241414,2500,3000.0,1.3,4
131818,2024-04-08,3000,57,Femenino,0,7800,6000,647,5,5000,1.001207875,0,0.0,1800,7800.0,6.1,4
138166,2024-05-15,5000,43,Masculino,1,10000,6000,457,3,5000,1.054543121,0,0.911713074,4000,5000.0,1.5,5
113055,2023-11-28,6000,47,Femenino,1,10000,6000,422,5,5000,1.063783368,0,1.01975759,4000,5000.0,1.2,11
115086,2023-12-12,3000,44,Masculino,2,8000,8000,711,2,3000,1.063784247,0,0.0,0,2666.6666666666665,8.3,12
126474,2024-03-04,5000,40,Femenino,1,0,2500,514,2,5000,0.654635918,0,0.805778474,-2500,0.0,2.1,3
129398,2024-03-22,11000,45,Femenino,0,10000,4000,568,4,9000,1.113548884,1,0.94077615,6000,10000.0,3.2,3
134803,2024-04-27,5000,51,Femenino,0,10000,4000,551,2,5000,0.945585216,0,0.998644,6000,10000.0,2.9,4
119965,2024-01-17,5000,69,Masculino,0,6000,5000,509,2,5000,0.680821355,0,0.750376143,1000,6000.0,2.0,1
115074,2023-12-12,11500,36,Femenino,3,10000,5000,623,5,9500,1.384664478,0,1.053036412,5000,2500.0,5.3,12
129974,2024-03-26,3500,22,Femenino,2,8500,4000,489,5,4000,0.810500611,1,0.750927111,4500,2833.3333333333335,1.8,3
132884,2024-04-13,11000,45,Femenino,2,11000,7000,601,5,9300,1.156448461,1,0.976771356,4000,3666.6666666666665,4.6,4
134310,2024-04-22,3000,20,Femenino,2,6000,4500,664,3,3000,1.134703196,0,1.023843402,1500,2000.0,6.1,4
137494,2024-05-11,5500,54,Femenino,0,13000,7000,503,5,3000,1.134703196,0,1.005842077,6000,13000.0,2.0,5
138950,2024-05-18,8000,56,Masculino,1,6000,8000,392,9,8500,1.114751426,0,0.938203121,-2000,3000.0,0.9,5
111988,2023-11-21,15000,41,Femenino,0,20000,7000,368,3,15000,1.001202935,1,0.898519271,13000,20000.0,0.9,11
114516,2023-12-08,5000,22,Femenino,1,6000,2000,456,7,13000,1.063778521,1,0.998378081,4000,3000.0,1.5,12
130548,2024-03-29,10000,32,Femenino,1,7000,2000,671,4,5000,1.387748118,1,1.018045977,5000,3500.0,8.3,3
130977,2024-04-03,10000,43,Femenino,0,6500,2500,560,4,10000,1.04231568,1,0.955389729,4000,6500.0,3.2,4
131164,2024-04-05,10000,33,Femenino,1,6000,6000,411,2,5000,1.063783368,1,0.988740276,0,3000.0,1.2,4
131506,2024-04-09,4000,24,Masculino,0,2000,800,591,2,3000,1.115068493,1,0.934972857,1200,2000.0,4.0,4
134361,2024-04-22,10500,54,Femenino,0,6500,6000,553,3,8000,1.503371309,1,1.036959671,500,6500.0,2.9,4
135137,2024-04-30,12000,44,Femenino,1,4000,1500,412,3,7000,1.37676399,1,1.017510931,2500,2000.0,1.2,4
138951,2024-05-22,7000,49,Femenino,1,6500,0,529,2,5000,1.377710027,1,1.025371386,6500,3250.0,2.6,5
140166,2024-05-29,7500,40,Femenino,2,7500,3500,431,2,5000,1.134702259,1,1.023331583,4000,2500.0,1.2,5
140399,2024-05-28,5000,33,Femenino,0,9600,6000,528,3,5000,1.063783368,1,0.967021676,3600,9600.0,2.2,5
141812,2024-06-07,15000,43,Masculino,0,8500,1500,694,6,14000,2.366857143,1,1.133287982,7000,8500.0,8.3,6
166676,2024-10-09,5000,39,Femenino,4,8000,4000,482,2,4000,1.367094017,1,1.017147142,4000,1600.0,1.8,10
98338,2023-08-23,5000,27,Femenino,0,1000,1000,652,2,7000,0.945579886,1,0.0,0,1000.0,6.1,8
129187,2024-03-22,10000,40,Masculino,0,9000,2000,635,2,4000,0.851025641,1,0.0,7000,9000.0,6.1,3
130527,2024-04-01,6000,44,Femenino,0,16000,5000,422,2,4000,1.387393162,1,1.029634699,11000,16000.0,1.2,4
131423,2024-04-08,17000,20,Femenino,0,6000,2000,600,2,5000,2.05261807,1,1.091155121,4000,6000.0,4.6,4
161988,2024-09-14,3000,24,Femenino,0,6000,2000,480,2,3000,0.810502283,1,0.953730833,4000,6000.0,1.8,9
132646,2024-04-12,10000,37,Masculino,2,12000,9000,456,4,10000,1.114710973,1,0.97220433,3000,4000.0,1.5,4
134038,2024-04-22,15000,22,Femenino,1,12000,6000,653,2,15000,1.27114467,1,0.997340962,6000,6000.0,6.1,4
135104,2024-04-29,15000,48,Femenino,1,11500,2500,460,5,5000,8.508130081,1,2.547169811,9000,5750.0,1.5,4
135106,2024-04-29,15000,39,Femenino,1,7000,2350,477,4,15000,1.890925549,1,1.069871925,4650,3500.0,1.6,4
136345,2024-05-07,13000,45,Femenino,0,10000,2500,484,2,10000,2.071155804,1,1.094827005,7500,10000.0,1.8,5
136534,2024-05-06,13000,30,Femenino,1,13500,2000,608,2,8000,1.701910828,1,1.061738435,11500,6750.0,4.6,5
137520,2024-05-15,17000,37,Femenino,1,12000,5000,567,5,12000,1.047997835,1,0.972134478,7000,6000.0,3.2,5
142314,2024-06-12,15000,50,Femenino,0,13000,3500,439,3,14000,1.846464646,1,1.065880218,9500,13000.0,1.3,6
154108,2024-08-13,17000,29,Femenino,1,11100,4400,454,2,5000,1.063783368,1,0.0,6700,5550.0,1.5,8
79204,2023-04-04,13000,33,Femenino,0,15000,300,415,3,14000,0.810497756,1,0.0,14700,15000.0,1.2,4
129902,2024-04-01,4000,45,Femenino,1,6000,3000,484,2,3000,1.280558483,1,0.992434061,3000,3000.0,1.8,4
136886,2024-05-07,12000,41,Femenino,0,9000,1000,484,4,10000,1.37677397,1,0.9815069,8000,9000.0,1.8,5
137767,2024-05-13,6000,30,Femenino,1,8000,2000,479,3,5000,1.063783368,1,1.01975759,6000,4000.0,1.8,5
138608,2024-05-22,4000,34,Masculino,0,10000,1000,649,2,5000,1.001207875,1,0.993930832,9000,10000.0,6.1,5
149920,2024-07-17,5000,28,Masculino,0,8000,4500,522,6,9000,0.810513582,1,0.794936828,3500,8000.0,2.2,7
100202,2023-08-29,6000,53,Masculino,1,6000,2000,458,4,7000,0.740019042,1,0.790831213,4000,3000.0,1.5,8
131420,2024-04-05,13000,41,Femenino,0,8000,2500,570,3,8000,2.068734015,1,1.071850414,5500,8000.0,3.2,4
132178,2024-04-09,7000,48,Masculino,2,10000,4000,688,3,7000,1.184880083,1,0.985495911,6000,3333.3333333333335,8.3,4
133999,2024-04-24,8000,22,Masculino,1,8000,10000,464,3,5000,1.134702259,1,1.023331583,-2000,4000.0,1.5,4
134990,2024-04-29,13000,23,Femenino,0,10000,4000,533,2,6000,1.847387285,1,1.077435027,6000,10000.0,2.6,4
135219,2024-05-01,15000,46,Femenino,0,10000,3000,627,2,6000,1.847387285,1,1.062921239,7000,10000.0,5.3,5
135223,2024-05-01,10000,33,Femenino,0,10000,3000,461,2,5000,1.846883469,1,1.075949935,7000,10000.0,1.5,5
135234,2024-05-01,12000,55,Femenino,0,12000,3000,515,2,7000,1.847323306,1,1.077576503,9000,12000.0,2.1,5
137163,2024-05-08,17000,31,Femenino,1,9000,3000,423,2,2000,1.063782051,1,0.0,6000,4500.0,1.2,5
137687,2024-05-15,7000,27,Femenino,0,7000,3000,652,2,3000,1.846594982,1,1.066731392,4000,7000.0,6.1,5
137750,2024-05-15,6000,30,Femenino,0,12000,3000,404,4,15000,1.193641056,1,0.96702566,9000,12000.0,0.9,5
145892,2024-06-26,15000,51,Femenino,2,6000,3000,482,2,3000,0.709189498,1,0.0,3000,2000.0,1.8,6
130494,2024-04-01,7500,32,Femenino,1,8000,6000,427,2,3000,1.502801993,1,1.032882752,2000,4000.0,1.2,4
131774,2024-04-09,10000,42,Femenino,0,15000,7500,446,4,10000,1.063798027,1,1.028436792,7500,15000.0,1.3,4
75379,2023-03-08,6000,60,Femenino,0,11000,0,425,3,5000,0.851026694,1,0.0,11000,11000.0,1.2,3
104289,2023-09-25,7000,48,Femenino,0,10000,4000,486,4,5800,1.001244942,1,0.0,6000,10000.0,1.8,9
133204,2024-04-16,7500,28,Masculino,0,10000,6000,375,2,5000,1.513907038,1,1.06034058,4000,10000.0,0.9,4
141230,2024-06-01,4000,29,Femenino,2,12500,6000,408,2,3000,1.19078341,1,0.990636719,6500,4166.666666666667,1.2,6
129998,2024-03-27,5500,32,Masculino,2,2500,1200,498,2,3000,1.847031963,1,1.070872713,1300,833.3333333333334,1.9,3
130942,2024-04-02,9000,53,Femenino,1,15000,7000,466,5,7000,1.18717414,1,0.985630841,8000,7500.0,1.6,4
131097,2024-04-03,11500,24,Femenino,2,12600,7000,515,6,9000,1.199604091,1,0.990319453,5600,4200.0,2.1,4
132131,2024-04-09,7000,27,Masculino,3,4000,1500,528,3,5000,1.285420945,1,1.013382696,2500,1000.0,2.2,4
133151,2024-04-16,7500,45,Femenino,1,20000,8000,492,5,6500,1.3529978,1,0.888830632,12000,10000.0,1.9,4
135934,2024-05-01,7000,49,Femenino,1,15000,4000,561,2,5000,1.055313142,1,0.930543229,11000,7500.0,3.2,5
139605,2024-05-22,15000,34,Femenino,2,3000,1500,471,5,13000,1.436749618,1,0.998955903,1500,1000.0,1.6,5
130162,2024-03-27,10000,31,Masculino,3,15000,6500,519,5,9000,1.376732102,1,1.012149685,8500,3750.0,2.2,3
132126,2024-04-09,5500,68,Femenino,0,7000,4000,513,2,3000,1.846651446,1,1.065857826,3000,7000.0,2.1,4
135598,2024-05-01,5500,31,Femenino,1,12000,5500,406,3,3000,1.384988584,1,1.021264112,6500,6000.0,0.9,5
140816,2024-06-01,3000,52,Femenino,0,12000,6500,374,2,2000,0.810500611,1,0.977395277,5500,12000.0,0.9,6
129982,2024-03-26,5000,37,Femenino,3,13500,4500,500,2,3000,1.376712329,1,1.020677376,9000,3375.0,2.0,3
132381,2024-04-10,7000,44,Femenino,0,15000,8000,660,2,5000,1.278471016,1,0.972555847,7000,15000.0,6.1,4
133991,2024-04-20,5000,38,Masculino,2,16000,6000,625,2,3000,1.193982387,1,1.012037839,10000,5333.333333333333,5.3,4
137875,2024-05-13,5000,19,Femenino,1,10500,9000,640,2,3000,1.001208703,1,0.888847297,1500,5250.0,6.1,5
141682,2024-06-05,5000,34,Femenino,3,20000,8000,492,3,6000,1.041950596,1,0.620324483,12000,5000.0,1.9,6
145262,2024-06-26,3000,58,Femenino,1,0,6500,538,2,5000,1.274390244,1,0.665646042,-6500,0.0,2.6,6
112067,2023-11-21,9000,50,Masculino,1,10000,7000,538,6,9000,1.202903332,1,0.968148237,3000,5000.0,2.6,11
115676,2023-12-20,5000,25,Femenino,1,3500,12000,460,2,3000,1.398401826,1,1.022215029,-8500,1750.0,1.5,12
114270,2023-12-06,4000,34,Femenino,0,2000,1000,419,10,5000,1.05223306,1,0.982634985,1000,2000.0,1.2,12
108598,2023-10-25,4800,29,Masculino,0,4800,3250,454,2,5000,1.084673098,1,0.0,1550,4800.0,1.5,10
111973,2023-11-20,7500,23,Masculino,1,5000,3800,615,6,5000,1.063783368,1,0.930499663,1200,2500.0,5.3,11
115726,2023-12-18,6000,52,Femenino,0,8000,7400,607,6,4000,1.386965812,1,1.038890525,600,8000.0,4.6,12
117714,2024-01-02,5000,35,Femenino,0,10000,6000,525,3,7000,1.438221632,1,0.889166209,4000,10000.0,2.2,1
119846,2024-01-17,4000,30,Femenino,0,11000,5000,488,2,3000,1.063784247,1,0.999714116,6000,11000.0,1.8,1
132823,2024-04-13,7500,40,Masculino,0,15000,5000,527,3,5500,1.270803546,1,0.98690839,10000,15000.0,2.2,4
132990,2024-04-15,9500,47,Femenino,3,12000,11000,629,4,7000,1.278495227,1,1.013245969,1000,3000.0,5.3,4
136701,2024-05-08,7500,38,Femenino,2,9000,6500,584,2,5000,1.134702259,1,1.016037314,2500,3000.0,3.5,5
139346,2024-05-22,5500,46,Masculino,0,0,5000,668,2,3000,1.636774194,1,1.044759358,-5000,0.0,8.3,5
140560,2024-05-31,6000,40,Femenino,2,15000,11000,421,4,9500,0.77367217,1,0.935733965,4000,5000.0,1.2,5
142051,2024-06-07,6500,51,Masculino,1,12800,7600,404,2,4500,1.368401207,1,0.994309263,5200,6400.0,0.9,6
148642,2024-07-12,5000,18,Femenino,0,6000,3000,475,2,3000,0.740023824,1,0.684387619,3000,6000.0,1.6,7
154786,2024-08-12,5000,54,Femenino,0,14300,6560,518,2,3000,0.895818313,1,0.850132096,7740,14300.0,2.1,8
138588,2024-05-17,7000,60,Femenino,0,10000,4000,523,2,5000,1.21575242,1,0.965429855,6000,10000.0,2.2,5
116743,2023-12-26,6000,62,Masculino,0,12000,7000,464,3,4000,0.945584046,1,0.996994973,5000,12000.0,1.5,12
121536,2024-01-29,7500,29,Femenino,2,12000,7000,449,2,5000,1.263149581,1,0.917129827,5000,4000.0,1.3,1
141839,2024-06-05,9500,41,Femenino,1,0,6000,389,2,4000,1.37670068,1,1.020677598,-6000,0.0,0.9,6
112554,2023-11-24,5000,53,Femenino,0,5000,15000,520,2,3000,1.063784247,1,0.993035191,-10000,5000.0,2.2,11
112510,2023-11-24,10000,36,Masculino,1,9300,3200,443,2,5000,1.063783368,1,1.0,6100,4650.0,1.3,11
139953,2024-05-24,8500,54,Femenino,0,0,5000,0,2,6000,1.502083655,1,1.031841263,-5000,0.0,0.0,5
112189,2023-11-22,7000,20,Masculino,0,12800,8500,401,3,5000,1.295529932,1,1.00972468,4300,12800.0,0.9,11
112238,2023-11-22,5500,47,Femenino,1,12000,3500,679,2,3000,1.295574289,1,1.015292552,8500,6000.0,8.3,11
115206,2023-12-13,6000,46,Femenino,2,18000,9000,438,2,5000,1.505320142,1,1.045250177,9000,6000.0,1.3,12
129892,2024-03-26,7000,54,Masculino,0,5000,1000,492,2,4500,1.50290577,1,1.044234442,4000,5000.0,1.9,3
131704,2024-04-09,4000,61,Masculino,1,8000,6000,561,2,3000,1.134703196,1,1.00390124,2000,4000.0,3.2,4
132806,2024-04-15,4000,47,Femenino,1,9000,5000,491,2,3000,1.278451001,1,1.010996501,4000,4500.0,1.9,4
134321,2024-04-22,7000,46,Femenino,2,13000,9000,423,3,5000,1.702053388,1,1.049494385,4000,4333.333333333333,1.2,4
136483,2024-05-06,10000,20,Femenino,0,18000,12000,489,8,10000,1.194333185,1,0.972651356,6000,18000.0,1.8,5
111685,2023-11-20,7000,21,Femenino,0,9000,0,549,3,5000,2.260193605,1,1.121575781,9000,9000.0,2.9,11
112315,2023-11-22,7000,59,Femenino,0,1000,1000,540,4,5000,1.290791344,1,0.977988469,0,1000.0,2.75,11
134367,2024-04-22,3000,26,Femenino,3,5000,2900,512,7,2500,0.945582878,1,0.995082819,2100,1250.0,2.1,4
135763,2024-05-01,3000,33,Femenino,2,8000,1000,525,3,2000,1.063851351,1,0.0,7000,2666.6666666666665,2.2,5
136912,2024-05-07,5000,30,Femenino,2,5200,1900,506,3,3000,1.187622309,1,0.989978322,3300,1733.3333333333333,2.0,5
137777,2024-05-15,7000,52,Masculino,1,12000,2000,521,8,8500,1.040113081,1,0.915594427,10000,6000.0,2.2,5
139590,2024-05-22,8000,36,Femenino,3,11000,2000,549,3,5500,1.377469136,1,1.020856957,9000,2750.0,2.9,5
129420,2024-03-23,7500,18,Femenino,0,15000,4000,618,3,5500,1.269516729,1,0.98047493,11000,15000.0,5.3,3
132180,2024-04-10,9000,22,Masculino,3,10000,5000,628,5,7000,1.128077859,1,0.956372005,5000,2500.0,5.3,4
133270,2024-04-16,5000,30,Femenino,2,10000,6000,493,2,3000,1.117123288,1,0.940250558,4000,3333.3333333333335,1.9,4
135996,2024-05-04,4000,36,Femenino,2,11200,2800,412,3,3000,1.196183953,1,1.006204119,8400,3733.3333333333335,1.2,5
140169,2024-05-27,5000,19,Masculino,2,8000,3500,401,2,3000,1.388978495,1,0.858310871,4500,2666.6666666666665,0.9,5
139556,2024-05-22,3000,50,Femenino,2,6600,5200,478,2,3000,0.607876712,1,0.0,1400,2200.0,1.8,5
171772,2024-11-05,5000,31,Femenino,4,2800,4000,406,5,2916,1.5,1,0.0,-1200,560.0,0.9,11
129217,2024-03-22,5000,34,Femenino,0,16900,6900,433,2,5000,0.680821355,1,0.89970742,10000,16900.0,1.2,3
131276,2024-04-09,3000,63,Femenino,0,12000,4000,571,3,5500,1.063777881,0,1.0,8000,12000.0,3.2,4
137369,2024-05-13,4000,33,Femenino,3,14000,3500,632,4,5000,1.063783368,0,1.0,10500,3500.0,5.3,5
129346,2024-03-22,17000,43,Femenino,1,12000,3000,472,4,15000,1.286193697,0,1.013755765,9000,6000.0,1.6,3
129678,2024-03-26,6000,34,Femenino,2,20000,7000,656,2,4500,1.824454592,0,1.063864206,13000,6666.666666666667,6.1,3
129689,2024-03-26,15000,21,Femenino,0,18500,2500,433,3,7000,1.824493106,0,1.063869464,16000,18500.0,1.2,3
131335,2024-04-10,5000,44,Femenino,1,9000,1500,432,2,6000,0.740019258,0,0.0,7500,4500.0,1.2,4
131590,2024-04-05,15000,28,Femenino,2,24000,6000,509,3,5000,1.309271837,0,1.033944708,18000,8000.0,2.0,4
131876,2024-04-09,15000,33,Femenino,2,26000,6000,674,3,15000,1.846701507,0,1.065863946,20000,8666.666666666666,8.3,4
132647,2024-04-12,10000,26,Femenino,2,10000,6000,522,2,5500,2.080157993,0,1.185650597,4000,3333.3333333333335,2.2,4
132963,2024-04-17,12000,40,Femenino,1,13000,2400,386,3,8000,1.841858483,0,1.06542879,10600,6500.0,0.9,4
133843,2024-04-19,8000,25,Masculino,2,18000,6000,566,3,5000,1.668172485,0,1.061141207,12000,6000.0,3.2,4
136330,2024-05-06,15000,27,Femenino,0,12500,2500,408,2,5500,2.431216931,0,1.140300231,10000,12500.0,1.2,5
136349,2024-05-03,15000,32,Masculino,2,22000,1500,553,2,6000,3.403735144,0,1.311621283,20500,7333.333333333333,2.9,5
136536,2024-05-06,6000,44,Femenino,2,10000,6000,478,4,5500,1.134696406,0,1.003901265,4000,3333.3333333333335,1.8,5
137468,2024-05-15,8000,34,Masculino,2,12000,6000,644,2,5000,1.666666667,0,1.046628648,6000,4000.0,6.1,5
137472,2024-05-15,13000,33,Femenino,2,13500,1500,496,4,13000,1.27852085,0,1.013247555,12000,4500.0,1.9,5
138928,2024-05-20,17000,48,Femenino,0,20000,2500,413,4,17000,1.384830339,1,1.02127238,17500,20000.0,1.2,5
138998,2024-05-20,16000,41,Masculino,2,25000,6000,444,4,15000,1.384872143,0,1.021272584,19000,8333.333333333334,1.3,5
139826,2024-05-24,15000,21,Femenino,2,16000,6000,653,2,5000,1.215447154,0,0.868587372,10000,5333.333333333333,6.1,5
131500,2024-04-05,8000,20,Femenino,0,7000,3000,645,2,5000,1.702053388,0,1.049494385,4000,7000.0,6.1,4
132173,2024-04-09,15000,57,Masculino,2,14000,6000,502,4,4000,1.891168091,0,1.069856704,8000,4666.666666666667,2.0,4
133029,2024-04-16,12000,39,Femenino,2,8000,8000,412,2,15000,1.001202935,0,1.01126769,0,2666.6666666666665,1.2,4
133879,2024-04-22,10000,29,Femenino,1,9000,900,520,5,6000,1.418370244,1,1.011113159,8100,4500.0,2.2,4
134089,2024-04-24,5000,19,Femenino,1,6000,2000,551,2,3000,1.001208703,0,0.897612972,4000,3000.0,2.9,4
135594,2024-04-30,5000,55,Femenino,0,8800,2000,475,2,4000,1.215750916,0,1.00887675,6800,8800.0,1.6,4
99905,2023-08-28,7000,41,Femenino,2,10000,5000,534,2,5000,1.063783368,0,0.0,5000,3333.3333333333335,2.6,8
129837,2024-03-27,10000,45,Femenino,0,10000,4000,567,3,5000,1.063783368,0,1.0,6000,10000.0,3.2,3
162072,2024-09-18,10000,42,Femenino,2,9000,6000,412,2,7000,0.773656271,0,0.890523661,3000,3000.0,1.2,9
88949,2023-06-19,3000,25,Femenino,1,22000,4000,458,2,5000,1.134702259,0,0.0,18000,11000.0,1.5,6
129540,2024-03-26,15000,39,Masculino,1,15000,11000,603,2,10000,1.063798027,0,1.0,4000,7500.0,4.6,3
131628,2024-04-09,15000,26,Femenino,2,13000,10000,575,2,10000,1.393388716,0,1.021857957,3000,4333.333333333333,3.5,4
133815,2024-04-19,10000,39,Femenino,2,7000,8000,455,3,8000,1.393329071,0,1.021856066,-1000,2333.3333333333335,1.5,4
138932,2024-05-20,6000,63,Femenino,0,7000,6000,646,4,6000,1.641935484,0,1.044558061,1000,7000.0,6.1,5
129715,2024-03-26,12000,46,Femenino,0,18000,8000,528,2,3000,1.215753425,0,1.028445982,10000,18000.0,2.2,3
129921,2024-03-26,11000,57,Femenino,0,16000,6000,459,3,8000,1.387361466,0,1.037130266,10000,16000.0,1.5,3
130455,2024-04-01,15000,37,Femenino,2,19000,9000,412,3,7000,1.280516564,0,1.02868818,10000,6333.333333333333,1.2,4
131585,2024-04-09,10000,35,Femenino,2,18000,8000,458,2,7000,1.385158151,0,1.022272527,10000,6000.0,1.5,4
132569,2024-04-16,11000,33,Femenino,1,16000,6000,569,4,12000,1.063798701,0,1.0,10000,8000.0,3.2,4
132677,2024-04-12,15000,47,Femenino,1,18000,9000,460,3,10000,1.134717895,0,1.003901186,9000,9000.0,1.5,4
116907,2024-01-08,3000,42,Femenino,0,8000,2000,455,4,10000,0.773671292,0,0.0,6000,8000.0,1.5,1
124447,2024-02-19,3000,60,Femenino,1,8000,5000,418,3,8000,1.00120355,1,0.0,3000,4000.0,1.2,2
134438,2024-04-23,6000,43,Femenino,0,8000,2000,410,2,3000,1.196917808,0,1.027275592,6000,8000.0,1.2,4
136926,2024-05-07,6500,31,Masculino,0,8000,2000,511,2,4000,1.134700855,1,1.010611398,6000,8000.0,2.1,5
137070,2024-05-13,3000,46,Femenino,0,8000,2000,454,3,4000,1.063782051,0,1.001866424,6000,8000.0,1.5,5
139839,2024-05-24,10000,39,Masculino,1,9000,4000,454,3,6000,1.667572156,0,1.089446246,5000,4500.0,1.5,5
139927,2024-05-28,11000,40,Masculino,0,8000,2000,457,3,5000,1.063783368,0,1.0,6000,8000.0,1.5,5
135441,2024-04-30,15000,36,Femenino,0,10000,2000,678,2,3000,1.379280822,0,1.039542997,8000,10000.0,8.3,4
136566,2024-05-06,10000,57,Femenino,0,12000,2000,439,4,5000,1.309271837,0,1.029810002,10000,12000.0,1.3,5
138558,2024-05-17,13000,20,Femenino,0,10000,3500,499,4,11000,1.118098835,0,0.992203875,6500,10000.0,1.9,5
105254,2023-10-03,10000,26,Femenino,2,7000,8500,553,3,3000,0.654636459,0,0.952287332,-1500,2333.3333333333335,2.9,10
132946,2024-04-15,14000,32,Femenino,2,12000,6000,437,2,10000,1.063798027,0,0.870469983,6000,4000.0,1.3,4
148330,2024-07-10,7000,41,Femenino,2,13000,6000,534,3,10000,0.895829917,0,0.741363868,7000,4333.333333333333,2.6,7
131884,2024-04-09,15000,44,Femenino,2,20000,5000,414,3,12000,1.493427784,0,1.019815389,15000,6666.666666666667,1.2,4
135110,2024-05-01,10000,37,Femenino,2,12000,5000,433,3,7000,1.134695864,0,1.011050697,7000,4000.0,1.2,5
118462,2024-01-19,3000,27,Femenino,2,6000,4000,525,2,5000,0.945585216,0,0.0,2000,2000.0,2.2,1
130836,2024-04-02,15000,26,Femenino,1,8000,5000,462,2,6000,1.385576377,0,1.022000814,3000,4000.0,1.5,4
122380,2024-02-06,3000,37,Femenino,1,10000,4000,410,2,2000,1.134700855,0,1.003901248,6000,5000.0,1.2,2
142327,2024-06-10,7000,37,Femenino,1,11000,7000,503,2,5000,1.673780488,0,1.057635061,4000,5500.0,2.0,6
112003,2023-11-21,7000,58,Femenino,1,15000,2000,420,3,7000,0.851021898,0,0.830780757,13000,7500.0,1.2,11
134237,2024-04-22,15000,54,Femenino,0,18000,3000,580,3,15000,1.376732561,0,1.020679546,15000,18000.0,3.5,4
134746,2024-05-01,5000,58,Masculino,0,8000,2500,637,2,5000,1.063783368,0,1.0,5500,8000.0,6.1,5
140476,2024-05-28,6000,47,Masculino,0,15000,3000,602,3,5000,1.134702259,0,0.996543967,12000,15000.0,4.6,5
141375,2024-06-04,17000,23,Femenino,0,20000,3000,454,2,8000,1.114649682,0,0.972203298,17000,20000.0,1.5,6
142345,2024-06-11,12000,55,Femenino,0,9000,3000,461,3,10000,1.063798027,0,1.008378503,6000,9000.0,1.5,6
122314,2024-02-06,7500,25,Femenino,2,15200,4200,493,3,8000,0.773657289,0,0.0,11000,5066.666666666667,1.9,2
139377,2024-05-22,5500,24,Femenino,1,8200,4100,652,3,5500,1.502020202,1,1.033704311,4100,4100.0,6.1,5
140081,2024-05-28,7000,57,Femenino,0,9500,5000,463,3,5000,1.134702259,0,0.996963507,4500,9500.0,1.5,5
112195,2023-11-21,8000,34,Femenino,0,15000,3700,449,4,5000,1.063783368,0,0.0,11300,15000.0,1.3,11
140139,2024-05-29,4000,55,Femenino,1,13600,10000,461,3,3000,1.134703196,0,1.00390124,3600,6800.0,1.5,5
115734,2023-12-18,4000,61,Masculino,1,28000,15000,744,2,10000,1.063798027,0,0.0,13000,14000.0,8.3,12
129383,2024-03-27,5000,58,Femenino,0,18000,14000,425,3,3500,1.418377322,0,1.072605625,4000,18000.0,1.2,3
129716,2024-03-26,6000,53,Femenino,1,18000,12000,485,2,5000,1.288895909,0,1.032595223,6000,9000.0,1.8,3
131430,2024-04-08,6000,32,Femenino,1,18000,13000,634,2,3000,1.668835616,0,0.872963005,5000,9000.0,5.3,4
131811,2024-04-08,6000,27,Femenino,1,15000,7500,382,2,4000,1.642051282,0,1.044545032,7500,7500.0,0.9,4
132635,2024-04-12,5500,39,Femenino,1,7500,12000,578,4,10000,1.001221672,0,1.009326551,-4500,3750.0,3.5,4
138770,2024-05-17,17000,43,Masculino,1,25000,9000,546,3,15000,1.063778119,0,1.003938923,16000,12500.0,2.75,5
138775,2024-05-17,17000,50,Femenino,1,20000,9500,694,3,15000,1.063778119,0,1.003938923,10500,10000.0,8.3,5
133268,2024-06-19,12000,61,Masculino,1,18000,12000,474,3,7500,1.850996377,0,1.066273393,6000,9000.0,1.6,6
132637,2024-04-12,5000,31,Femenino,1,5000,10000,506,2,5000,1.063783368,0,1.005345522,-5000,2500.0,2.0,4
152792,2024-08-06,3000,55,Femenino,0,16000,8000,452,2,6000,0.945580163,1,0.0,8000,16000.0,1.5,8
127532,2024-03-11,8000,21,Masculino,0,7000,3500,555,2,5000,1.64476386,0,1.060785686,3500,7000.0,2.9,3
129378,2024-03-26,10000,32,Femenino,1,5000,6000,536,2,5000,3.283739837,0,1.295501992,-1000,2500.0,2.6,3
132692,2024-04-12,5000,25,Femenino,1,6000,6000,508,2,3000,1.379280822,0,1.039542997,0,3000.0,2.0,4
134136,2024-04-22,8000,33,Femenino,1,7500,2000,478,4,6000,1.501935884,0,1.031202759,5500,3750.0,1.8,4
135141,2024-04-30,11000,40,Femenino,0,6000,6000,429,3,8000,1.387254902,0,1.036397051,0,6000.0,1.2,4
136087,2024-05-03,6500,59,Femenino,0,6000,6000,461,2,4500,1.063784247,0,1.018248752,0,6000.0,1.5,5
141091,2024-05-31,10000,47,Femenino,1,4000,9000,654,3,6500,1.378265413,0,1.033630993,-5000,2000.0,6.1,5
134837,2024-04-29,3000,24,Femenino,0,10000,5700,411,3,10000,1.063798027,0,0.947542292,4300,10000.0,1.2,4
131459,2024-04-05,17000,43,Femenino,0,5000,2000,433,2,5000,2.089065708,0,1.096622393,3000,5000.0,1.2,4
112648,2023-11-27,5000,67,Masculino,0,13500,2000,596,4,6000,1.204064249,0,1.023969935,11500,13500.0,4.0,11
114406,2023-12-11,7000,34,Femenino,0,11000,0,484,4,11000,1.040973872,0,0.0,11000,11000.0,1.8,12
119762,2024-01-17,4400,32,Masculino,1,13000,3000,364,2,11200,0.933285106,0,0.0,10000,6500.0,0.9,1
130519,2024-03-29,17000,45,Femenino,1,12500,3250,638,5,10000,1.496271122,1,1.056221723,9250,6250.0,6.1,3
130529,2024-03-29,4000,53,Masculino,0,9500,2500,429,4,3000,1.196917808,0,1.027275592,7000,9500.0,1.2,3
138862,2024-05-20,3000,47,Masculino,1,10500,2500,694,3,3000,1.001208703,0,0.0,8000,5250.0,8.3,5
130408,2024-03-29,5000,28,Femenino,0,6800,3300,503,2,6000,0.549046546,1,0.0,3500,6800.0,2.0,3
138873,2024-05-21,6000,56,Femenino,1,3000,3000,425,3,2000,1.063782051,0,1.000194563,0,1500.0,1.2,5
129510,2024-03-26,8500,25,Femenino,1,9000,4250,425,2,3000,1.063784247,0,0.0,4750,4500.0,1.2,3
132290,2024-04-10,5000,49,Masculino,1,15000,6700,596,2,3000,1.063784247,0,1.008410126,8300,7500.0,4.0,4
138797,2024-05-20,15000,38,Femenino,1,15000,5000,433,6,6000,1.092606884,0,1.019138066,10000,7500.0,1.2,5
138383,2024-05-17,7000,54,Femenino,1,9000,14000,449,7,14000,0.56734843,0,0.0,-5000,4500.0,1.3,5
129373,2024-03-22,12000,36,Femenino,0,15100,6000,410,5,13000,1.114712825,0,0.951870882,9100,15100.0,1.2,3
129486,2024-03-26,8000,50,Masculino,0,12000,6000,420,4,8000,1.001202935,0,1.617181425,6000,12000.0,1.2,3
134704,2024-04-24,9500,27,Femenino,2,8000,0,469,3,10000,0.895829917,1,0.934945481,8000,2666.6666666666665,1.6,4
96473,2023-08-07,3000,41,Masculino,2,12000,6000,475,6,6000,0.851022147,0,0.937956174,6000,4000.0,1.6,8
148786,2024-07-12,5000,46,Femenino,1,10000,5000,609,5,4500,1.001208703,0,0.989569566,5000,5000.0,4.6,7
102854,2023-09-15,6000,36,Femenino,2,14500,6000,510,5,5000,1.804699977,0,1.087941279,8500,4833.333333333333,2.1,9
128333,2024-03-18,4500,40,Femenino,1,14000,6000,444,2,2000,1.063782051,0,1.012578966,8000,7000.0,1.3,3
129570,2024-03-26,13000,54,Femenino,0,12000,5000,416,8,11000,1.492832003,1,1.030505368,7000,12000.0,1.2,3
129896,2024-03-26,17000,41,Femenino,1,15000,7000,477,7,15000,1.063778119,0,1.002053594,8000,7500.0,1.6,3
129980,2024-03-27,17000,46,Femenino,1,18000,6000,460,13,15000,1.376732561,0,1.020679546,12000,9000.0,1.5,3
131496,2024-04-08,6000,55,Femenino,0,11000,5000,418,2,4000,1.114700855,0,0.957561233,6000,11000.0,1.2,4
131501,2024-04-08,7500,31,Femenino,3,10000,4000,429,2,5000,1.376796715,0,1.020683464,6000,2500.0,1.2,4
137413,2024-05-13,6000,26,Femenino,1,15000,2000,673,7,4500,1.001208703,0,0.996735971,13000,7500.0,8.3,5
139432,2024-05-22,13000,51,Masculino,2,23000,2000,418,10,12000,1.271838331,1,0.854408072,21000,7666.666666666667,1.2,5
135124,2024-04-29,7000,51,Femenino,1,11000,4000,425,7,7000,1.196350365,0,1.020051834,7000,5500.0,1.2,4
114160,2023-12-06,6000,30,Femenino,3,7500,5000,451,8,5000,0.810501613,1,0.884978371,2500,1875.0,1.3,12
116227,2023-12-26,7000,41,Femenino,1,9800,3500,623,2,5000,1.063783368,0,0.0,6300,4900.0,5.3,12
129547,2024-03-26,7500,52,Femenino,0,8000,3600,674,3,7000,1.134695864,1,1.003901267,4400,8000.0,8.3,3
139699,2024-05-28,11000,24,Masculino,0,14000,8000,343,2,13000,1.063778521,0,0.0,6000,14000.0,0.9,5
152439,2024-07-30,15000,44,Femenino,2,16000,6500,422,2,3000,1.063784247,0,0.0,9500,5333.333333333333,1.2,7
100237,2023-08-29,7000,49,Femenino,0,8500,3000,427,4,9000,0.586923628,0,0.826510776,5500,8500.0,1.2,8
101433,2023-09-06,4500,31,Femenino,2,10000,3000,539,3,15000,0.709185412,0,0.0,7000,3333.3333333333335,2.75,9
129367,2024-03-22,10000,46,Femenino,0,8000,3000,433,2,5000,1.280998263,0,1.032072166,5000,8000.0,1.2,3
84056,2023-05-10,5000,56,Femenino,1,10000,5000,518,2,3000,0.810502283,0,0.0,5000,5000.0,2.1,5
98802,2023-08-21,10000,58,Femenino,0,18000,0,506,8,15000,0.615088276,1,0.0,18000,18000.0,2.0,8
121532,2024-01-30,5000,58,Femenino,0,13000,3000,464,4,5000,0.895817573,1,0.872486449,10000,13000.0,1.5,1
124581,2024-02-20,3500,59,Femenino,0,15000,2500,420,4,3500,0.810501327,1,0.71315341,12500,15000.0,1.2,2
129666,2024-03-26,17000,61,Femenino,0,18000,45000,427,4,15000,1.001202935,0,0.978465298,-27000,18000.0,1.2,3
132197,2024-04-09,15000,33,Masculino,3,15000,4000,419,3,10000,1.180166147,1,0.837168808,11000,3750.0,1.2,4
133848,2024-04-22,7500,39,Masculino,0,20000,4500,527,6,10000,1.001221672,0,1.009086467,15500,20000.0,2.2,4
141369,2024-06-03,4000,53,Femenino,1,14000,4000,521,9,4000,1.063782051,0,1.00895721,10000,7000.0,2.2,6
141591,2024-06-05,14500,42,Femenino,1,18000,5000,384,4,15000,0.895813153,0,0.919453128,13000,9000.0,0.9,6
142525,2024-06-11,6500,21,Femenino,1,11000,4000,429,2,3000,1.111182796,1,0.965109452,7000,5500.0,1.2,6
75192,2023-03-06,4000,37,Femenino,1,6000,3000,433,2,6000,1.063777683,0,0.0,3000,3000.0,1.2,3
101629,2023-09-08,5000,25,Femenino,0,10500,6000,401,4,10000,0.773671292,0,0.779927145,4500,10500.0,0.9,9
103182,2023-09-19,2000,38,Femenino,1,9500,3500,452,4,5500,1.063777881,0,0.0,6000,4750.0,1.5,9
121071,2024-01-26,5000,53,Femenino,0,9500,4000,473,2,3600,0.680797721,0,0.0,5500,9500.0,1.6,1
124134,2024-02-19,10000,51,Masculino,0,10500,6000,0,2,7000,1.134695864,0,1.003901267,4500,10500.0,0.0,2
104665,2023-09-29,3000,53,Femenino,0,9800,3500,551,6,6000,2.61669506,0,0.0,6300,9800.0,2.9,9
129376,2024-03-26,17000,31,Femenino,1,9000,3500,593,10,15000,1.378777551,0,1.036165146,5500,4500.0,4.0,3
129575,2024-03-26,7000,38,Femenino,2,11000,3500,400,3,4500,1.66826484,0,1.06424829,7500,3666.6666666666665,0.9,3
85556,2023-05-22,10500,54,Femenino,0,8000,3000,565,8,10500,0.851038576,0,0.814249221,5000,8000.0,3.2,5
129917,2024-03-26,13000,39,Femenino,1,10000,2000,543,2,5000,1.379192334,0,1.039057317,8000,5000.0,2.75,3
142348,2024-06-11,10000,56,Femenino,0,8000,3000,543,11,10500,0.89583008,1,0.803400249,5000,8000.0,2.75,6
129568,2024-03-26,4000,32,Femenino,0,9500,7000,406,4,4000,0.985520362,0,0.851296417,2500,9500.0,0.9,3
135264,2024-04-29,5000,19,Femenino,1,8000,6250,443,2,3000,0.983279613,0,0.818205583,1750,4000.0,1.3,4
137609,2024-05-13,15000,57,Femenino,1,16500,9550,459,11,15000,1.115882754,0,0.903880564,6950,8250.0,1.5,5
90730,2023-06-27,7000,36,Masculino,3,9500,6500,624,2,5000,0.945585216,0,0.967501976,3000,2375.0,5.3,6
111575,2023-11-21,4000,50,Masculino,0,8000,4500,424,7,10000,0.65464494,0,0.0,3500,8000.0,1.2,11
124392,2024-02-19,17000,29,Masculino,3,21000,7500,417,3,15000,1.063778119,0,0.0,13500,5250.0,1.2,2
97513,2023-08-14,6000,39,Femenino,0,4800,0,465,5,4000,1.134700855,0,0.0,4800,4800.0,1.5,8
75147,2023-03-03,10000,43,Femenino,0,12500,3500,710,6,15000,1.001202935,0,0.0,9000,12500.0,8.3,3
105878,2023-10-06,10000,39,Masculino,1,18000,10000,478,3,15000,0.810497614,0,0.793564694,8000,9000.0,1.8,10
117010,2024-01-02,12000,42,Femenino,0,18000,2100,486,2,15000,1.012781186,0,0.869668636,15900,18000.0,1.8,1
148288,2024-07-10,15000,49,Femenino,0,17800,2500,429,7,8000,0.981041589,1,0.78248483,15300,17800.0,1.2,7
129673,2024-03-26,10000,57,Femenino,0,18000,8000,408,5,9000,0.851039261,0,0.0,10000,18000.0,1.2,3
132826,2024-04-15,3000,26,Femenino,2,12000,3000,583,2,2000,1.379059829,0,1.038330037,9000,4000.0,3.5,4
86933,2023-05-31,2500,42,Femenino,0,7500,0,417,2,5000,1.063783368,1,0.0,7500,7500.0,1.2,5
104939,2023-09-29,5000,41,Femenino,1,6800,4000,435,3,3000,1.063784247,0,0.0,2800,3400.0,1.3,9
162470,2024-09-24,7000,37,Femenino,2,8100,5300,0,3,3000,0.945585997,0,0.0,2800,2700.0,0.0,9
168960,2024-10-21,10500,55,Femenino,2,2400,2900,489,2,2500,1.063780738,0,0.0,-500,800.0,1.8,10
131612,2024-04-09,11500,37,Masculino,1,12000,2500,667,6,11000,1.194388237,0,1.007698164,9500,6000.0,8.3,4
161122,2024-09-10,7000,22,Femenino,1,14000,1850,414,4,14000,0.773656949,0,0.0,12150,7000.0,1.2,9
104959,2023-10-02,6000,59,Femenino,0,8000,6000,494,2,3000,1.063784247,0,0.0,2000,8000.0,1.9,10
131986,2024-04-09,8500,51,Femenino,0,12000,3600,0,3,3500,1.309271374,1,1.033847499,8400,12000.0,0.0,4
138096,2024-05-15,10000,41,Masculino,0,15000,3500,587,3,10000,1.063798027,1,1.0,11500,15000.0,4.0,5
128514,2024-03-18,5000,25,Femenino,2,6200,3000,459,5,12000,0.895830485,0,0.0,3200,2066.6666666666665,1.5,3
131438,2024-04-05,5000,39,Femenino,2,6000,3000,640,3,5000,1.134702259,0,1.018668766,3000,2000.0,6.1,4
131587,2024-04-05,13500,35,Femenino,5,16000,5000,620,6,9000,1.642032333,0,1.04454012,11000,2666.6666666666665,5.3,4
138638,2024-05-17,5000,20,Femenino,0,6000,3000,663,4,10000,1.063798027,0,1.023745546,3000,6000.0,6.1,5
145957,2024-07-02,5500,59,Femenino,0,10000,3000,715,3,3000,1.001208703,0,0.0,7000,10000.0,8.3,7
88578,2023-06-13,5000,34,Femenino,2,12500,4200,510,3,7000,1.001202233,1,0.0,8300,4166.666666666667,2.1,6
92139,2023-07-10,12000,51,Femenino,2,12000,3000,461,3,10000,1.063798027,1,0.0,9000,4000.0,1.5,7
129520,2024-03-26,5500,52,Masculino,1,20000,6000,458,4,3000,1.063784247,1,0.0,14000,10000.0,1.5,3
135109,2024-04-29,11000,46,Femenino,2,10000,5800,522,4,10000,1.288441569,1,1.106050435,4200,3333.3333333333335,2.2,4
136221,2024-05-03,5500,37,Femenino,1,12000,6000,570,4,3500,1.278592375,1,1.01325186,6000,6000.0,3.2,5
136726,2024-05-07,10000,45,Masculino,2,12000,1000,461,2,5000,1.134702259,1,1.023331583,11000,4000.0,1.5,5
137367,2024-05-13,5000,53,Femenino,0,10000,3000,474,4,5000,1.001207875,1,0.957175803,7000,10000.0,1.6,5
138660,2024-05-22,15500,29,Masculino,1,6500,2500,480,4,13000,1.189108688,1,1.018655781,4000,3250.0,1.8,5
140477,2024-05-28,10000,33,Femenino,0,13500,2700,587,2,3000,1.656774194,1,1.015749795,10800,13500.0,4.0,5
141092,2024-06-05,5500,29,Femenino,0,8000,2000,449,4,5000,1.279549719,1,1.02277064,6000,8000.0,1.3,6
141865,2024-06-11,10000,44,Femenino,1,20000,6000,412,4,10000,0.845789817,1,0.918912914,14000,10000.0,1.2,6
142425,2024-06-11,7000,29,Femenino,0,8000,2000,413,2,4000,1.280416013,1,1.027640386,6000,8000.0,1.2,6
142815,2024-06-12,3500,64,Femenino,0,10000,850,504,3,2000,0.945584046,1,0.0,9150,10000.0,2.0,6
145516,2024-06-26,12000,21,Femenino,1,8000,1200,465,6,13000,1.547091906,1,0.756732619,6800,4000.0,1.5,6
155051,2024-08-12,5000,30,Femenino,3,10000,3500,589,2,6000,0.945580163,1,0.0,6500,2500.0,4.0,8
161048,2024-09-20,7000,36,Femenino,3,18000,3500,448,2,5000,1.063783368,1,1.01975759,14500,4500.0,1.3,9
165933,2024-10-08,5000,61,Masculino,2,6500,2500,506,2,3000,0.73772791,1,0.834877348,4000,2166.6666666666665,2.0,10
168614,2024-10-22,4000,32,Femenino,1,7000,3000,601,2,2500,1.483606557,1,1.022242852,4000,3500.0,4.6,10
169621,2024-10-23,8000,30,Femenino,2,12000,3900,426,5,5000,0.60787621,1,0.0,8100,4000.0,1.2,10
96928,2023-08-09,10000,37,Masculino,0,5700,0,517,4,10000,0.945598246,1,0.798137126,5700,5700.0,2.1,8
129831,2024-03-26,10000,43,Femenino,0,16000,7500,514,4,12000,1.626926407,1,0.0,8500,16000.0,2.1,3
131921,2024-04-10,5000,46,Femenino,0,12000,4000,545,2,5000,1.063783368,1,1.01975759,8000,12000.0,2.75,4
132323,2024-04-10,10000,35,Femenino,2,10000,2000,620,2,5000,1.063783368,1,0.941055892,8000,3333.3333333333335,5.3,4
135052,2024-05-01,10000,47,Femenino,0,12000,8000,436,2,5000,1.643292683,1,1.055119127,4000,12000.0,1.3,5
149984,2024-07-17,15000,39,Masculino,1,18000,10000,483,4,10000,0.895829917,1,0.914877442,8000,9000.0,1.8,7
161354,2024-09-11,4000,24,Femenino,2,12000,2700,461,9,6000,0.895719775,1,0.850578658,9300,4000.0,1.5,9
116268,2023-12-26,10000,48,Masculino,0,25000,4000,607,3,8000,1.134697357,0,0.0,21000,25000.0,4.6,12
124233,2024-02-21,7000,63,Femenino,0,25000,2500,418,7,15000,0.607873211,0,0.0,22500,25000.0,1.2,2
135026,2024-04-29,13000,48,Femenino,1,25000,5000,465,5,11000,1.393374252,0,0.992218169,20000,12500.0,1.5,4
140556,2024-05-31,11000,41,Femenino,1,15000,3000,413,5,15000,1.063778119,0,1.016649783,12000,7500.0,1.2,5
141274,2024-06-04,6000,23,Femenino,1,12000,3000,593,2,4000,1.281789639,0,1.028738975,9000,6000.0,4.0,6
142070,2024-06-07,10000,29,Femenino,1,8000,3000,404,7,8000,1.063778772,0,1.017036872,5000,4000.0,0.9,6
135754,2024-05-01,8000,42,Femenino,2,5000,2500,488,7,7000,1.288377316,0,1.017084645,2500,1666.6666666666667,1.8,5
83912,2023-05-08,5000,31,Femenino,2,17500,4500,475,3,6000,0.810497282,0,0.0,13000,5833.333333333333,1.6,5
116652,2023-12-26,3500,24,Femenino,0,6500,2000,514,2,3000,1.001208703,0,0.0,4500,6500.0,2.1,12
84911,2023-05-17,3000,49,Masculino,0,11000,0,517,3,6000,0.851022147,0,0.0,11000,11000.0,2.1,5
117443,2024-01-19,5000,51,Femenino,0,18400,7000,536,4,6000,0.65463242,0,0.877219867,11400,18400.0,2.6,1
126741,2024-03-05,10000,42,Femenino,1,9000,3000,580,3,5000,1.702053388,0,0.0,6000,4500.0,3.5,3
129536,2024-03-27,17000,34,Femenino,1,20000,8000,451,7,15000,1.278485659,0,1.013245263,12000,10000.0,1.3,3
71738,2023-02-08,10000,60,Femenino,0,10000,0,492,3,8000,1.202868104,1,0.0,10000,10000.0,1.9,2
84218,2023-05-12,3000,46,Masculino,2,8000,2500,483,3,6000,0.810497282,0,0.0,5500,2666.6666666666665,1.8,5
133873,2024-04-24,3000,37,Masculino,2,8000,2500,600,2,5000,0.740023212,1,0.88244019,5500,2666.6666666666665,4.6,4
136077,2024-05-06,7000,51,Masculino,2,9000,2500,720,5,4500,1.063784247,0,1.008384152,6500,3000.0,8.3,5
136755,2024-05-08,9000,62,Femenino,1,8000,2500,590,7,6000,1.215745924,0,1.008876791,5500,4000.0,4.0,5
142234,2024-06-11,5000,27,Masculino,2,8000,2500,463,7,4000,0.987631976,0,0.909425571,5500,2666.6666666666665,1.5,6
129852,2024-03-26,7000,19,Femenino,1,12000,4000,653,5,6000,1.134696195,0,1.020021713,8000,6000.0,6.1,3
129903,2024-03-26,10000,56,Femenino,1,17000,2500,545,8,15000,0.94558055,1,0.940670715,14500,8500.0,2.75,3
136060,2024-05-03,7000,46,Femenino,1,8500,3500,506,2,5000,1.134702259,1,1.003901243,5000,4250.0,2.0,5
129704,2024-03-26,17000,64,Femenino,0,12000,700,418,6,14000,1.2784739,0,1.013244466,11300,12000.0,1.2,3
138751,2024-05-21,16000,54,Femenino,1,12000,1000,487,2,10000,1.384843856,0,1.021270579,11000,6000.0,1.8,5
139694,2024-05-24,3000,52,Femenino,0,11000,3500,482,5,2000,1.063782051,0,1.018978255,7500,11000.0,1.8,5
69202,2023-01-21,7000,56,Masculino,0,14000,7000,420,3,7000,1.063777372,1,0.0,7000,14000.0,1.2,1
128523,2024-03-18,5000,51,Masculino,0,8000,2000,432,2,4100,1.063909774,0,0.0,6000,8000.0,1.2,3
129370,2024-03-26,5500,53,Femenino,1,8000,11000,589,3,3000,1.842085236,0,0.880871666,-3000,4000.0,4.0,3
129569,2024-03-26,3000,29,Masculino,1,6000,2000,405,2,5000,1.124024641,0,0.984251584,4000,3000.0,0.9,3
129572,2024-03-27,15000,36,Femenino,1,8000,2000,595,3,7000,1.504047777,0,1.0209574,6000,4000.0,4.0,3
129578,2024-03-26,7000,37,Femenino,0,8000,2000,630,3,7500,1.280302235,0,0.930126156,6000,8000.0,5.3,3
130487,2024-03-29,15000,39,Femenino,1,8500,5000,435,5,12000,1.063798701,0,1.0,3500,4250.0,1.3,3
130716,2024-04-01,10000,45,Femenino,0,7500,2000,518,4,11000,1.791207638,0,1.035545516,5500,7500.0,2.1,4
130919,2024-04-02,15000,21,Femenino,1,8000,2000,452,4,12500,1.286226866,0,1.061111906,6000,4000.0,1.5,4
131507,2024-04-09,15000,45,Femenino,1,7500,9000,493,6,13000,1.282999455,0,0.983912344,-1500,3750.0,1.9,4
149783,2024-07-17,10000,30,Femenino,1,8000,2000,411,5,15000,0.709185412,1,0.757979721,6000,4000.0,1.2,7
67811,2023-01-11,5000,29,Femenino,1,8000,4000,662,3,5000,1.134702259,0,0.0,4000,4000.0,6.1,1
131764,2024-04-09,5500,43,Femenino,1,12000,3500,455,3,2500,1.384904372,0,1.021258565,8500,6000.0,1.5,4
131796,2024-04-09,17000,27,Femenino,1,8000,4000,506,8,14000,1.499501959,1,1.077321793,4000,4000.0,2.0,4
133215,2024-04-17,3000,36,Masculino,1,10000,2000,544,5,3000,1.063784247,0,1.020278034,8000,5000.0,2.75,4
134041,2024-04-24,5000,41,Femenino,1,12000,2000,498,2,5000,1.509240246,1,1.080870128,10000,6000.0,1.9,4
135452,2024-04-30,17000,41,Femenino,1,35000,5000,632,2,15000,1.063778119,0,1.0,30000,17500.0,5.3,4
136186,2024-05-06,16000,26,Masculino,1,12000,2000,637,7,15000,1.063778119,0,1.016649783,10000,6000.0,6.1,5
136743,2024-05-06,17000,28,Femenino,2,20000,4500,483,7,17000,1.492542188,0,1.030509882,15500,6666.666666666667,1.8,5
136744,2024-05-06,17000,26,Femenino,1,22000,5000,497,6,17000,1.666826347,0,1.046620553,17000,11000.0,1.9,5
136752,2024-05-08,17000,33,Femenino,2,20000,4000,569,3,17000,1.666826347,0,1.046620553,16000,6666.666666666667,3.2,5
138600,2024-05-17,8000,59,Femenino,0,18000,2000,516,4,8000,1.278392945,0,1.013247225,16000,18000.0,2.1,5
139740,2024-05-27,17000,61,Femenino,0,25000,4500,431,6,15000,1.063778119,0,1.016649783,20500,25000.0,1.2,5
140406,2024-05-28,7000,46,Femenino,0,8000,4000,531,3,6000,0.773656497,0,0.0,4000,8000.0,2.6,5
111548,2023-11-21,3000,33,Femenino,0,3500,1200,442,3,5000,0.945585216,1,0.0,2300,3500.0,1.3,11
129380,2024-03-22,10000,58,Femenino,0,6000,7500,518,3,6000,1.667120954,0,1.046613921,-1500,6000.0,2.1,3
132579,2024-04-16,5000,34,Masculino,1,10000,1200,503,6,8000,1.063778772,0,1.017036872,8800,5000.0,2.0,4
133075,2024-04-16,10000,36,Femenino,0,6000,600,517,3,6000,1.667120954,1,0.872267444,5400,6000.0,2.1,4
110320,2023-11-10,15000,53,Femenino,1,14700,2100,458,3,10000,1.001221672,0,0.0,12600,7350.0,1.5,11
118331,2024-01-08,10000,39,Masculino,1,9000,1200,460,4,10000,0.810512782,0,0.88710853,7800,4500.0,1.5,1
129897,2024-03-27,13000,56,Femenino,1,17000,2100,451,6,10000,1.041601765,0,0.948876584,14900,8500.0,1.3,3
129911,2024-03-26,4000,26,Femenino,2,16800,1900,508,7,8000,1.378623188,0,1.034269675,14900,5600.0,2.0,3
130437,2024-04-03,5500,42,Femenino,1,8000,1850,526,3,5000,1.001207875,0,0.0,6150,4000.0,2.2,4
130481,2024-04-01,7000,38,Masculino,1,10500,1600,423,7,8000,1.134697357,0,1.003901261,8900,5250.0,1.2,4
79726,2023-04-07,2000,24,Femenino,1,10000,6000,647,2,2000,1.001206637,0,0.0,4000,5000.0,6.1,4
118140,2024-01-08,8000,26,Femenino,1,12000,4000,476,4,6000,1.505343039,0,1.046135362,8000,6000.0,1.6,1
129511,2024-03-26,15000,53,Femenino,0,20200,5000,432,8,15000,1.13469666,0,1.003901264,15200,20200.0,1.2,3
131113,2024-04-03,3000,26,Femenino,1,12000,4000,432,5,8000,1.494071146,0,1.043917954,8000,6000.0,1.2,4
132654,2024-04-15,3000,50,Femenino,0,8000,3500,661,2,2000,1.215750916,0,1.024208917,4500,8000.0,6.1,4
133236,2024-04-16,3000,35,Femenino,2,14000,5000,545,3,9000,1.27855747,0,1.013247994,9000,4666.666666666667,2.75,4
134016,2024-04-24,8000,24,Femenino,0,12000,4000,422,3,8000,0.945581131,0,0.0,8000,12000.0,1.2,4
134924,2024-05-01,5000,39,Femenino,0,10000,4000,650,4,4000,1.503729604,0,1.067836868,6000,10000.0,6.1,5
135079,2024-05-01,9000,25,Masculino,1,15000,6000,497,6,7000,1.378710462,0,1.035753327,9000,7500.0,1.9,5
139135,2024-05-20,8000,46,Femenino,0,20000,5000,487,8,7000,1.284514612,1,1.001558505,15000,20000.0,1.8,5
139327,2024-05-22,10000,26,Femenino,1,12000,4000,429,6,3000,2.359907834,1,1.039590343,8000,6000.0,1.2,5
99186,2023-08-23,3500,57,Femenino,0,13000,4000,519,5,6000,0.895812786,0,0.773169205,9000,13000.0,2.2,8
122807,2024-02-07,6000,38,Masculino,1,10000,6000,503,6,6500,0.810497155,0,0.754471888,4000,5000.0,2.0,2
131700,2024-04-08,6000,57,Femenino,0,13000,4000,568,6,3500,0.945584881,0,0.933872938,9000,13000.0,3.2,4
132584,2024-04-12,10000,26,Femenino,1,14000,5000,592,7,10000,1.134717895,0,1.03186693,9000,7000.0,4.0,4
133326,2024-04-17,4000,26,Femenino,1,15000,8000,579,3,13000,0.709185681,0,0.846415048,7000,7500.0,3.5,4
133777,2024-04-22,7000,22,Femenino,1,10000,3500,436,3,10000,1.107649706,0,0.954393293,6500,5000.0,1.3,4
137149,2024-05-08,15000,21,Femenino,0,12000,3000,664,5,6000,2.367935969,0,1.143631242,9000,12000.0,6.1,5
144916,2024-06-24,5000,53,Femenino,1,12000,5000,502,5,8000,0.607873584,0,0.831894756,7000,6000.0,2.0,6
163459,2024-09-25,3000,22,Femenino,0,12000,0,456,2,4000,0.654635108,0,0.840700114,12000,12000.0,1.5,9
129506,2024-03-26,12000,29,Masculino,1,12000,5000,477,4,12000,1.388961039,0,1.048112366,7000,6000.0,1.6,3
129893,2024-03-26,7000,62,Femenino,0,12000,3500,600,3,15000,1.063778119,0,1.002630941,8500,12000.0,4.6,3
130268,2024-04-01,17000,30,Femenino,3,15000,3800,482,7,15000,1.063778119,0,1.001513617,11200,3750.0,1.8,4
130342,2024-04-01,13000,34,Femenino,0,12000,5000,629,2,7000,1.063777372,0,1.016207878,7000,12000.0,5.3,4
133767,2024-04-19,17000,30,Femenino,2,12000,5000,529,4,11500,1.134718458,0,1.032174141,7000,4000.0,2.6,4
134364,2024-04-24,11000,28,Femenino,2,12000,7000,456,4,5000,1.063783368,0,1.0,5000,4000.0,1.5,4
134566,2024-04-24,14000,31,Femenino,1,12000,5000,474,6,12000,1.388961039,0,1.048112366,7000,6000.0,1.6,4
135092,2024-04-29,15000,30,Masculino,1,12000,5000,453,4,15000,1.13469666,0,1.02027528,7000,6000.0,1.5,4
136859,2024-05-08,3000,33,Femenino,1,12000,5000,596,5,2000,1.063782051,0,1.018978255,7000,6000.0,4.0,5
137433,2024-05-15,15000,35,Femenino,2,12000,4000,421,4,8000,1.309266181,0,1.10589473,8000,4000.0,1.2,5
138592,2024-05-17,10000,25,Masculino,1,10500,7000,523,4,4000,1.376488095,0,1.027033312,3500,5250.0,2.2,5
138714,2024-05-17,13000,62,Femenino,0,12000,3500,664,4,7000,2.07860262,0,1.110227952,8500,12000.0,6.1,5
140127,2024-05-28,10000,52,Masculino,1,12000,5000,567,5,10000,1.134717895,0,1.03186693,7000,6000.0,3.2,5
140899,2024-06-03,14000,65,Masculino,0,10000,3500,704,2,11000,1.063798395,0,1.00975466,6500,10000.0,8.3,6
140977,2024-06-03,4500,63,Masculino,1,12000,4000,418,6,8000,1.063778772,0,1.0,8000,6000.0,1.2,6
141016,2024-06-03,17000,31,Femenino,1,12000,7500,431,8,17000,1.134530938,0,1.035295496,4500,6000.0,1.2,6
142133,2024-06-11,3000,62,Masculino,1,13000,7000,420,7,4000,1.063782051,0,1.0,6000,6500.0,1.2,6
142175,2024-06-12,15000,41,Femenino,1,12000,5000,622,5,9500,1.063799234,0,1.000809763,7000,6000.0,5.3,6
142241,2024-06-12,17000,27,Femenino,2,10000,5000,471,4,7000,1.063682678,0,1.002197628,5000,3333.3333333333335,1.6,6
128491,2024-03-18,5000,39,Masculino,0,8600,4000,502,3,3000,1.001208703,0,0.0,4600,8600.0,2.0,3
137980,2024-05-14,7500,25,Femenino,2,10800,5500,463,5,5000,1.505693485,0,1.049173815,5300,3600.0,1.5,5
130536,2024-04-03,7000,47,Masculino,0,7000,5000,504,3,5000,1.520067202,0,1.032356333,2000,7000.0,2.0,4
130542,2024-03-29,6000,54,Femenino,0,16000,2000,423,3,4000,1.668205128,0,1.058649137,14000,16000.0,1.2,3
135973,2024-05-01,4000,55,Femenino,0,19000,1800,0,2,3000,1.199119374,0,0.0,17200,19000.0,0.0,5
129914,2024-03-26,11500,34,Masculino,1,8000,1300,397,3,8500,1.846780766,0,0.991542658,6700,4000.0,0.9,3
130141,2024-03-27,17000,28,Femenino,1,8000,1300,471,3,11000,2.753541076,0,1.193313479,6700,4000.0,1.6,3
141899,2024-06-05,17000,28,Femenino,1,8000,1300,471,4,17000,1.701796407,1,1.049505929,6700,4000.0,1.6,6
113606,2023-12-04,3000,23,Femenino,0,7000,700,449,3,3000,0.810502283,0,0.0,6300,7000.0,1.3,12
114553,2023-12-11,15000,48,Femenino,0,12000,1000,506,7,9000,1.533487298,0,1.065987577,11000,12000.0,2.0,12
135031,2024-05-01,7000,32,Femenino,1,10000,1000,431,3,5500,1.063777881,0,1.002453029,9000,5000.0,1.2,5
138724,2024-05-17,5000,59,Femenino,1,10000,1000,461,2,5000,1.493902439,0,1.041070295,9000,5000.0,1.5,5
136724,2024-05-07,5500,63,Femenino,0,10000,4000,430,5,5000,1.196831916,0,1.026768075,6000,10000.0,1.2,5
69309,2023-01-23,6000,42,Femenino,3,7200,4000,552,2,5000,1.001207875,1,0.0,3200,1800.0,2.9,1
104008,2023-09-25,7000,51,Masculino,0,10000,2000,452,2,8000,0.607873584,1,0.0,8000,10000.0,1.5,9
131435,2024-04-05,17000,40,Femenino,2,10000,3000,480,2,10000,1.371581862,0,1.039867537,7000,3333.3333333333335,1.8,4
134960,2024-05-01,5000,23,Femenino,1,11000,3000,537,5,4000,1.063782051,0,1.0,8000,5500.0,2.6,5
135101,2024-05-01,11000,32,Femenino,3,8000,4000,417,3,8000,1.194282061,0,1.007542993,4000,2000.0,1.2,5
151365,2024-07-26,6000,25,Masculino,0,10000,5000,677,2,2000,1.001206637,0,1.001928239,5000,10000.0,8.3,7
101389,2023-09-08,5000,36,Masculino,1,18000,5000,614,3,15000,0.740019561,0,0.805739082,13000,9000.0,4.6,9
132698,2024-04-16,17000,63,Femenino,0,18000,9000,547,4,15000,1.13469666,0,1.003901264,9000,18000.0,2.75,4
134202,2024-04-24,17000,19,Masculino,0,8000,8000,596,2,8000,1.846567587,0,1.065874126,0,8000.0,4.0,4
76545,2023-03-14,4000,48,Femenino,1,33600,6000,520,3,2000,1.702051282,0,1.065911467,27600,16800.0,2.2,3
115861,2023-12-19,5000,25,Femenino,0,10680,3500,496,3,7000,1.001202233,0,0.0,7180,10680.0,1.9,12
118078,2024-01-08,4000,56,Femenino,1,8000,5600,418,2,8000,0.680818414,0,0.0,2400,4000.0,1.2,1
129394,2024-03-22,8000,31,Femenino,2,10000,6000,664,4,13000,1.134697089,0,0.998229991,4000,3333.3333333333335,6.1,3
129567,2024-03-26,15000,19,Femenino,1,5000,4000,634,3,10000,1.547342585,0,1.060116274,1000,2500.0,5.3,3
135207,2024-04-29,6000,34,Femenino,2,8000,4300,462,2,3000,1.885304659,0,1.049633704,3700,2666.6666666666665,1.5,4
136898,2024-05-08,17000,26,Femenino,2,10000,8000,587,3,10000,1.701832994,0,1.061245225,2000,3333.3333333333335,4.0,5
137099,2024-05-08,3000,22,Masculino,0,6000,0,509,2,3000,1.309272919,0,1.034436245,6000,6000.0,2.0,5
138333,2024-05-15,10000,54,Femenino,1,16000,8000,518,3,5000,1.063783368,0,1.016815129,8000,8000.0,2.1,5
138619,2024-05-17,17000,26,Femenino,1,10000,8000,476,7,17000,1.701796407,1,1.050557792,2000,5000.0,1.6,5
139876,2024-05-28,17000,31,Femenino,2,10000,6000,652,5,8000,1.891012031,1,1.069866497,4000,3333.3333333333335,6.1,5
145481,2024-06-25,5000,41,Femenino,1,8500,4800,602,3,6000,0.945580163,1,0.963519319,3700,4250.0,4.6,6
130598,2024-04-01,15000,42,Femenino,1,15000,5000,433,2,10000,0.709198685,0,0.802754677,10000,7500.0,1.2,4
136218,2024-05-03,15000,29,Masculino,3,44000,5500,550,6,15000,1.418370825,0,1.023631465,38500,11000.0,2.9,5
141023,2024-06-03,17000,31,Masculino,2,12000,6000,441,8,12000,1.641694915,0,1.044559441,6000,4000.0,1.3,6
161194,2024-09-10,6000,54,Femenino,0,16000,5000,461,5,5500,1.206319703,0,1.00686597,11000,16000.0,1.5,9
125302,2024-02-23,5000,42,Femenino,0,6500,4500,498,2,5000,1.156350836,0,0.0,2000,6500.0,1.9,2
139320,2024-05-21,4500,27,Femenino,1,8000,1500,390,8,5500,1.134696406,0,1.003901265,6500,4000.0,0.9,5
113261,2023-12-01,9000,23,Femenino,0,12000,2800,456,2,5000,1.063783368,0,0.0,9200,12000.0,1.5,12
114547,2023-12-11,5000,37,Femenino,3,14000,3000,433,2,5000,0.60787621,0,0.949048953,11000,3500.0,1.2,12
129554,2024-03-26,17000,34,Masculino,1,13000,4500,518,4,15000,1.063778119,0,1.0,8500,6500.0,2.1,3
131457,2024-04-09,8000,30,Femenino,2,10200,3500,432,2,3500,1.702052786,1,1.056791634,6700,3400.0,1.2,4
127331,2024-03-13,3000,42,Femenino,2,8000,2500,486,2,3000,0.895818313,1,0.992587164,5500,2666.6666666666665,1.8,3
129747,2024-03-27,9500,36,Femenino,3,10500,2000,468,3,7000,1.134695864,0,1.018930151,8500,2625.0,1.6,3
132179,2024-04-09,3000,36,Femenino,1,15000,1800,587,2,3000,0.810502283,0,0.893534427,13200,7500.0,4.0,4
136293,2024-05-03,3500,53,Femenino,1,9500,2000,433,3,4000,0.810500611,0,0.930373032,7500,4750.0,1.2,5
136645,2024-05-06,15000,38,Femenino,1,15000,2000,457,3,5500,2.071990741,0,1.103933222,13000,7500.0,1.5,5
145625,2024-06-26,5000,25,Femenino,1,9500,1500,463,4,5000,0.851026694,1,0.861936579,8000,4750.0,1.5,6
164573,2024-09-30,6000,57,Masculino,1,11500,2000,524,2,5000,1.063783368,1,1.013978131,9500,5750.0,2.2,9
131985,2024-04-09,10500,36,Femenino,1,10000,5000,499,3,8000,1.667902813,1,1.054425382,5000,5000.0,1.9,4
139343,2024-05-21,17000,42,Femenino,0,10000,5000,476,5,11500,1.063798555,0,1.002005757,5000,10000.0,1.6,5
139958,2024-05-28,7000,42,Femenino,0,10000,5000,412,2,5000,1.662195122,1,0.919336797,5000,10000.0,1.2,5
139967,2024-05-28,6000,52,Femenino,1,10000,2000,550,4,6000,1.063777683,0,1.013950713,8000,5000.0,2.9,5
133749,2024-04-19,12500,19,Femenino,1,13500,6000,638,3,10000,1.134717895,0,1.010314984,7500,6750.0,6.1,4
135694,2024-05-03,4000,59,Femenino,1,11500,4800,564,3,3000,1.063784247,0,1.020278034,6700,5750.0,3.2,5
140944,2024-05-31,8000,35,Femenino,0,10000,4000,498,6,8000,1.503647944,0,1.044008982,6000,10000.0,1.9,5
131797,2024-04-08,6000,37,Femenino,2,16600,5000,491,8,6000,1.378336173,0,1.034887041,11600,5533.333333333333,1.9,4
135154,2024-05-01,10000,21,Femenino,0,8000,5000,491,4,8000,1.063778772,0,1.009622797,3000,8000.0,1.9,5
135155,2024-05-01,5000,27,Femenino,0,10000,7000,426,5,10000,0.680830737,1,0.846048544,3000,10000.0,1.2,5
141628,2024-06-05,3500,60,Femenino,0,10000,8000,577,3,2000,1.134700855,0,1.022565164,2000,10000.0,3.5,6
131905,2024-04-09,8000,28,Masculino,0,13000,2000,438,2,5000,1.286842521,0,1.016735368,11000,13000.0,1.3,4
132429,2024-04-12,10000,27,Femenino,2,3000,1300,464,4,10000,1.278536624,0,1.013246715,1700,1000.0,1.5,4
135149,2024-04-30,15000,30,Femenino,1,3000,1600,591,5,10000,1.197893488,0,1.035208627,1400,1500.0,4.0,4
140780,2024-06-04,3000,29,Femenino,0,3000,1600,483,2,5000,1.063783368,0,1.01975759,1400,3000.0,1.8,6
141149,2024-06-04,13000,28,Femenino,2,6000,1200,433,6,10000,1.215594996,0,1.016667817,4800,2000.0,1.2,6
142017,2024-06-12,10000,30,Femenino,1,6000,1600,362,2,10000,1.001221672,0,0.971891388,4400,3000.0,0.9,6
130444,2024-04-01,5500,31,Femenino,1,14600,8000,440,5,7000,1.001202233,0,0.982129628,6600,7300.0,1.3,4
122865,2024-02-07,7000,44,Femenino,1,4000,1500,412,2,5000,0.810501613,0,0.0,2500,2000.0,1.2,2
130053,2024-03-27,12000,52,Femenino,1,7500,4000,676,4,15000,1.13469666,0,0.986073235,3500,3750.0,8.3,3
111611,2023-11-17,15000,50,Femenino,0,19200,6000,437,4,10000,1.547342585,0,1.034662232,13200,19200.0,1.3,11
130332,2024-04-01,3500,20,Femenino,2,12000,1500,443,4,3000,2.746004566,0,1.200585966,10500,4000.0,1.3,4
130501,2024-04-01,6500,22,Femenino,1,18000,6000,375,2,5000,1.547321262,0,1.034662909,12000,9000.0,0.9,4
130507,2024-04-01,16000,38,Femenino,2,16000,5000,449,5,15000,1.309265377,0,1.015283797,11000,5333.333333333333,1.3,4
131497,2024-04-09,5000,51,Masculino,2,17000,6500,448,5,5000,1.063783368,0,1.0,10500,5666.666666666667,1.3,4
132636,2024-04-12,9000,31,Femenino,3,18000,6000,453,6,15000,1.13469666,0,1.003901264,12000,4500.0,1.5,4
135115,2024-04-29,11500,18,Masculino,1,17000,4000,571,4,10000,1.701832994,1,1.049504285,13000,8500.0,3.2,4
137475,2024-05-15,6000,50,Femenino,1,16500,8000,459,2,3000,1.542521994,0,1.034815813,8500,8250.0,1.5,5
131151,2024-04-03,7000,43,Femenino,1,10000,3000,576,3,7000,1.385036496,0,1.021268338,7000,5000.0,3.5,4
132639,2024-04-12,7000,48,Femenino,1,8000,8000,474,4,10000,1.063798027,0,1.0,0,4000.0,1.6,4
139832,2024-05-29,10000,53,Masculino,2,13600,3100,438,3,7000,1.001202233,0,0.97671847,10500,4533.333333333333,1.3,5
141076,2024-05-31,10000,51,Femenino,1,27300,8000,427,7,10000,1.063798027,0,0.971197236,19300,13650.0,1.2,5
135240,2024-04-29,7000,27,Femenino,0,10500,5000,433,3,5000,1.134702259,0,1.003901243,5500,10500.0,1.2,4
142421,2024-06-11,6000,24,Femenino,2,9000,10000,374,3,3000,1.344748858,0,0.908790824,-1000,3000.0,0.9,6
129923,2024-03-27,3000,49,Femenino,1,9000,2100,600,4,2500,1.134699454,0,1.148052378,6900,4500.0,4.6,3
136270,2024-05-03,10000,31,Masculino,2,8000,6000,0,2,6000,1.890963969,0,1.069869514,2000,2666.6666666666665,0.0,5
141355,2024-06-03,10000,32,Femenino,2,8000,6000,454,2,6000,1.890963969,0,1.069869514,2000,2666.6666666666665,1.5,6
129524,2024-03-26,7000,44,Femenino,1,10000,6000,438,3,5000,1.196831916,0,1.026768075,4000,5000.0,1.3,3
136253,2024-05-03,5000,42,Femenino,1,10000,4000,543,3,5000,1.134702259,0,1.018847659,6000,5000.0,2.75,5
138717,2024-05-21,10000,46,Masculino,1,10000,7500,460,3,9000,0.680831409,1,0.0,2500,5000.0,1.5,5
141494,2024-06-04,13000,21,Femenino,1,12000,8500,539,3,10000,1.001221672,0,0.928305376,3500,6000.0,2.75,6
129565,2024-03-26,9500,32,Femenino,2,6500,2500,635,3,7000,1.378710462,0,1.035753327,4000,2166.6666666666665,6.1,3
135150,2024-04-29,9500,50,Femenino,1,6500,7000,509,3,7000,1.378710462,0,1.035753327,-500,3250.0,2.0,4
137667,2024-05-13,9500,36,Femenino,2,6500,2500,419,3,7000,1.49411142,0,1.038155765,4000,2166.6666666666665,1.2,5
138091,2024-05-14,6000,36,Femenino,1,4500,2500,484,3,10000,1.063798027,0,1.023083355,2000,2250.0,1.8,5
138955,2024-05-20,5500,46,Femenino,0,2500,2000,465,3,3000,1.063784247,0,1.003817576,500,2500.0,1.5,5
140475,2024-05-28,9000,47,Masculino,1,10000,2500,624,2,7000,1.547312541,1,0.988064147,7500,5000.0,5.3,5
141078,2024-06-04,5500,41,Masculino,0,6500,2500,658,2,5000,1.134417344,0,1.008798833,4000,6500.0,6.1,6
141316,2024-06-03,16000,44,Femenino,1,10000,0,658,3,15000,1.063778119,0,1.000152258,10000,5000.0,6.1,6
137389,2024-05-13,8000,49,Femenino,0,18000,8000,438,2,5000,1.515705839,0,0.914780811,10000,18000.0,1.3,5
141461,2024-06-05,8000,20,Femenino,0,6000,1800,494,3,10000,0.945598246,0,0.934881965,4200,6000.0,1.9,6
133543,2024-04-17,7000,26,Femenino,1,13000,2000,537,3,10000,1.134717895,0,1.013812007,11000,6500.0,2.6,4
133811,2024-04-24,4000,57,Masculino,0,14000,7000,412,6,4000,1.063782051,0,1.018978255,7000,14000.0,1.2,4
133902,2024-04-24,7000,34,Masculino,0,7950,2000,486,4,7000,0.895812524,0,0.913793818,5950,7950.0,1.8,4
133940,2024-04-19,7000,19,Femenino,1,12000,2000,585,3,5500,1.271232485,0,1.011034453,10000,6000.0,4.0,4
134010,2024-04-19,10000,38,Femenino,1,13000,2500,462,2,3000,1.494707347,1,1.042646285,10500,6500.0,1.5,4
134236,2024-04-24,15000,59,Masculino,0,13000,2000,584,3,15000,1.28844843,0,1.029630808,11000,13000.0,3.5,4
134505,2024-04-23,17000,55,Femenino,2,13000,5000,507,5,15000,1.385253352,0,1.021757274,8000,4333.333333333333,2.0,4
135479,2024-04-30,10000,44,Femenino,1,13000,2000,629,2,6000,1.134696195,0,1.016829231,11000,6500.0,5.3,4
135653,2024-05-01,8000,19,Femenino,0,3000,2000,560,2,6000,1.288428777,0,1.029386021,1000,3000.0,3.2,5
136944,2024-05-07,12000,37,Femenino,0,13000,2000,549,2,8000,1.503647944,0,1.044008982,11000,13000.0,2.9,5
137573,2024-05-14,6000,33,Femenino,2,13000,2000,575,4,15000,1.063778119,0,1.016649783,11000,4333.333333333333,3.5,5
140295,2024-05-27,9000,41,Femenino,0,12000,2000,677,4,9000,1.386689291,0,1.033751333,10000,12000.0,8.3,5
140451,2024-05-28,17000,22,Femenino,0,13000,2000,417,2,10000,1.384843856,0,1.021270579,11000,13000.0,1.2,5
140463,2024-05-28,10000,36,Femenino,1,13000,2000,518,2,5000,1.643292683,0,1.055119127,11000,6500.0,2.1,5
141233,2024-06-03,10000,24,Femenino,1,10000,2000,479,4,7000,1.063777372,0,1.0,8000,5000.0,1.8,6
142247,2024-06-11,15000,59,Femenino,1,13000,2000,532,3,12000,1.134718615,0,1.003901184,11000,6500.0,2.6,6
142430,2024-06-11,5000,34,Femenino,1,18000,2000,448,5,5000,1.117043121,0,1.013449408,16000,9000.0,1.3,6
98955,2023-08-23,2000,56,Femenino,1,3000,3000,425,2,7000,0.601419303,0,0.0,0,1500.0,1.2,8
131480,2024-04-09,5000,49,Masculino,0,7000,3500,447,2,2000,1.063782051,1,0.977600332,3500,7000.0,1.3,4
131800,2024-04-09,17000,49,Femenino,1,8000,3500,473,4,12500,1.702045827,1,1.041655733,4500,4000.0,1.6,4
132653,2024-04-12,10000,69,Femenino,0,8000,2000,454,3,3000,1.215753425,0,1.028445982,6000,8000.0,1.5,4
138536,2024-05-17,5000,67,Femenino,0,9000,2500,541,4,5000,1.063783368,0,1.002021588,6500,9000.0,2.75,5
133791,2024-04-19,4500,42,Masculino,1,14000,4000,441,2,3000,1.385273973,0,1.021459668,10000,7000.0,1.3,4
134555,2024-04-23,10000,27,Femenino,0,15000,2000,464,2,15000,1.385082936,0,1.021374059,13000,15000.0,1.5,4
104577,2023-09-27,5000,62,Femenino,0,12000,0,445,3,10000,0.630398831,0,0.0,12000,12000.0,1.3,9
111357,2023-11-15,5000,44,Femenino,0,18000,3000,412,3,12000,0.810513296,0,0.0,15000,18000.0,1.2,11
138910,2024-05-20,4000,23,Femenino,0,12000,3000,454,2,4000,1.134700855,1,1.022565164,9000,12000.0,1.5,5
138924,2024-05-22,17000,44,Femenino,0,18000,3000,427,5,15000,1.385041865,0,1.155639827,15000,18000.0,1.2,5
139207,2024-05-21,5000,64,Femenino,0,10000,3000,461,5,4000,1.387117347,0,1.025547091,7000,10000.0,1.5,5
171890,2024-11-06,10000,46,Femenino,0,9000,3000,516,2,2000,1.063782051,0,0.0,6000,9000.0,2.1,11
83452,2023-05-08,4000,42,Femenino,1,7000,2500,433,4,3000,1.198630137,0,0.0,4500,3500.0,1.2,5
90556,2023-06-26,3000,37,Femenino,2,14000,5000,468,2,2500,1.063780738,0,0.0,9000,4666.666666666667,1.6,6
106263,2023-10-10,3000,55,Masculino,1,13000,3000,705,2,5000,1.063783368,1,0.0,10000,6500.0,8.3,10
118635,2024-01-08,3000,19,Femenino,1,10000,3000,476,3,4000,1.001206637,0,0.970102461,7000,5000.0,1.6,1
129379,2024-03-27,8000,38,Femenino,0,15000,6000,458,3,6000,1.215745924,0,1.008876791,9000,15000.0,1.5,3
130524,2024-04-01,3000,36,Masculino,0,20500,4000,450,6,5000,1.063783368,0,0.923006795,16500,20500.0,1.3,4
87184,2023-06-06,9000,24,Femenino,0,6500,4000,452,5,7000,1.109717153,0,0.0,2500,6500.0,1.5,6
136019,2024-05-01,11500,47,Femenino,1,12000,5000,420,4,9500,1.309291365,0,1.015173857,7000,6000.0,1.2,5
136537,2024-05-08,6000,33,Femenino,2,12000,3500,632,7,6500,1.134696017,0,1.013205314,8500,4000.0,5.3,5
139621,2024-05-22,8500,41,Femenino,2,16500,4000,460,7,6000,1.503627103,0,1.043725841,12500,5500.0,1.5,5
139616,2024-05-27,3000,54,Masculino,0,12000,6000,495,2,3000,0.945585997,0,1.015493478,6000,12000.0,1.9,5
111995,2023-11-20,8000,45,Masculino,0,17500,2500,494,3,5500,1.29253646,0,1.029676201,15000,17500.0,1.9,11
129858,2024-03-26,5000,41,Femenino,2,13000,3000,545,4,5000,1.196831916,0,1.026768075,10000,4333.333333333333,2.75,3
133025,2024-04-15,13000,46,Masculino,0,17500,2500,530,5,10500,1.492761442,0,1.030500014,15000,17500.0,2.6,4
133201,2024-04-17,5000,36,Masculino,1,17500,6000,614,2,3000,1.668150685,0,1.019615112,11500,8750.0,4.6,4
133806,2024-04-22,8000,20,Masculino,1,8000,3500,418,3,5500,1.194636219,0,1.01022042,4500,4000.0,1.2,4
134357,2024-04-22,10000,19,Femenino,1,9000,3500,317,4,7500,1.27935775,0,1.019978987,5500,4500.0,0.9,4
134476,2024-04-23,10500,21,Masculino,1,13000,3000,413,4,8000,1.377664109,0,1.027722073,10000,6500.0,1.2,4
136007,2024-05-01,8000,52,Femenino,0,12000,0,418,3,5500,1.288390049,0,1.041623075,12000,12000.0,1.2,5
136420,2024-05-04,8000,39,Masculino,0,8000,3000,455,3,5500,1.492592593,0,1.030508475,5000,8000.0,1.5,5
137891,2024-05-13,10500,38,Masculino,2,15000,3500,469,4,8000,1.494383324,0,1.043302393,11500,5000.0,1.6,5
141821,2024-06-05,12500,55,Femenino,0,3000,2500,625,5,10000,1.385098439,0,1.021691639,500,3000.0,5.3,6
115958,2023-12-19,7000,44,Femenino,0,6000,3000,612,2,5000,1.063783368,1,0.983698756,3000,6000.0,4.6,12
133561,2024-04-17,4000,46,Masculino,3,7000,5000,603,2,3000,1.001208703,0,0.980112978,2000,1750.0,4.6,4
133568,2024-04-17,9000,57,Masculino,0,7000,6000,461,4,7500,1.270857383,1,0.987702124,1000,7000.0,1.5,4
115244,2023-12-13,5000,63,Femenino,1,6000,8650,514,2,3000,1.203767123,0,1.012487681,-2650,3000.0,2.1,12
105668,2023-10-06,3000,59,Femenino,0,12000,2500,520,6,6876,0.894736842,0,0.0,9500,12000.0,2.2,10
112137,2023-11-21,4500,68,Femenino,0,5000,1200,430,2,3000,1.385844749,0,1.023254061,3800,5000.0,1.2,11
126836,2024-03-06,3000,35,Masculino,2,1000,3000,421,3,5500,0.709185254,0,0.741363797,-2000,333.3333333333333,1.2,3
131955,2024-04-08,5000,60,Femenino,0,9000,4000,551,2,3000,1.117123288,0,1.018539685,5000,9000.0,2.9,4
132360,2024-04-10,7000,40,Femenino,2,15000,8000,491,2,5000,1.063783368,0,0.978692362,7000,5000.0,1.9,4
133712,2024-04-22,5000,32,Femenino,4,8500,8000,570,2,3000,1.187377691,1,0.99597617,500,1700.0,3.2,4
139045,2024-05-20,8000,30,Masculino,1,14000,8000,362,3,5500,1.27991453,0,1.022771532,6000,7000.0,0.9,5
136517,2024-05-04,7500,48,Femenino,0,10500,6000,508,3,5000,1.047227926,1,0.987939032,4500,10500.0,2.0,5
138212,2024-05-15,5000,22,Masculino,3,16000,10000,654,2,3000,1.380645161,0,1.021354765,6000,4000.0,6.1,5
139415,2024-05-22,6500,52,Femenino,0,0,4500,546,2,4000,1.85260771,0,1.07323112,-4500,0.0,2.75,5
141017,2024-05-31,5000,40,Masculino,4,12000,7000,486,2,5000,1.041452772,1,0.900755602,5000,2400.0,1.8,5
137027,2024-05-11,12000,52,Femenino,1,24000,8000,552,7,10000,1.040972083,0,0.991274999,16000,12000.0,2.9,5
114045,2023-12-05,3000,38,Femenino,1,10000,6000,595,2,3000,1.309272919,0,1.003076501,4000,5000.0,4.0,12
115596,2023-12-19,5000,37,Femenino,3,20000,15000,546,2,3000,1.001208703,0,0.997511929,5000,5000.0,2.75,12
130069,2024-03-27,7000,46,Masculino,0,8000,8000,378,2,5000,1.37063655,0,1.024714333,0,8000.0,0.9,3
132620,2024-04-12,7500,48,Femenino,0,6000,4500,460,4,5500,1.001202712,0,0.992492429,1500,6000.0,1.5,4
133618,2024-04-22,7500,26,Femenino,1,23000,7000,376,2,5000,1.504573455,0,1.049088404,16000,11500.0,0.9,4
134616,2024-04-24,9000,33,Femenino,2,10000,9000,427,5,9000,0.895830801,0,0.953782633,1000,3333.3333333333335,1.2,4
137832,2024-05-14,8000,19,Masculino,0,10000,10000,412,4,5500,1.278810409,0,0.977026603,0,10000.0,1.2,5
140875,2024-05-29,3000,53,Femenino,0,8000,4600,486,3,3000,1.181105991,1,0.919825582,3400,8000.0,1.8,5
129544,2024-03-25,7500,37,Femenino,1,16500,6000,480,2,5000,1.495239873,0,1.04837664,10500,8250.0,1.8,3
112179,2023-11-22,5000,23,Femenino,0,8000,6500,454,2,3000,1.134703196,0,1.023843402,1500,8000.0,1.5,11
118576,2024-01-08,7000,24,Femenino,1,16000,6800,437,4,7000,1.063777372,0,1.005272808,9200,8000.0,1.3,1
135659,2024-04-30,5000,32,Femenino,2,8000,6500,507,2,4000,1.001206637,0,1.010696582,1500,2666.6666666666665,2.0,4
138852,2024-05-22,3000,40,Femenino,1,7500,6500,547,2,3000,0.945585997,1,0.994983229,1000,3750.0,2.75,5
135252,2024-04-29,7500,51,Femenino,0,12000,9800,425,2,5000,1.278471016,0,1.013243786,2200,12000.0,1.2,4
140136,2024-05-25,7500,44,Femenino,1,11000,8000,446,2,5000,1.215447154,0,1.02050126,3000,5500.0,1.3,5
140464,2024-05-29,6500,26,Femenino,2,7500,3200,591,2,4500,1.063784247,0,1.00550639,4300,2500.0,4.0,5
140856,2024-06-01,7500,44,Femenino,2,15300,7500,549,2,5000,1.215447154,0,1.02050126,7800,5100.0,2.9,6
133508,2024-04-17,5500,23,Femenino,0,18500,5800,585,2,3000,1.390981735,0,1.01677548,12700,18500.0,4.0,4
136310,2024-05-08,3000,64,Masculino,1,11200,5100,523,2,3000,1.031035959,1,0.814531388,6100,5600.0,2.2,5
135499,2024-04-29,7500,53,Masculino,1,12000,3500,487,2,5000,1.063783368,0,1.004559444,8500,6000.0,1.8,4
138279,2024-05-15,5000,46,Femenino,0,14500,4500,602,2,5000,1.251711157,0,1.036474915,10000,14500.0,4.6,5
139565,2024-05-22,7000,68,Femenino,0,10000,7000,648,2,4500,1.063784247,0,0.995609747,3000,10000.0,6.1,5
141975,2024-06-17,5000,48,Femenino,0,20000,10500,477,2,5000,0.851026694,0,0.854322919,9500,20000.0,1.6,6
134759,2024-04-24,5500,28,Masculino,2,15500,4500,581,2,3000,1.280031612,0,1.021543239,11000,5166.666666666667,3.5,4
134787,2024-04-26,7500,30,Femenino,0,10000,5000,632,2,5000,1.642299795,0,1.048018131,5000,10000.0,5.3,4
135338,2024-04-29,7500,42,Femenino,0,8000,3800,508,2,5000,1.194338516,0,1.007984981,4200,8000.0,2.0,4
136031,2024-05-01,7500,52,Masculino,0,15000,3000,521,2,5000,1.387748118,0,1.03966387,12000,15000.0,2.2,5
140027,2024-05-25,5500,26,Femenino,1,8400,6000,507,2,3000,1.134703196,0,1.023843402,2400,4200.0,2.0,5
140284,2024-05-27,5500,35,Masculino,3,12000,5600,481,2,3000,1.134703196,0,1.021308462,6400,3000.0,1.8,5
141415,2024-06-04,5500,36,Femenino,0,6500,1000,608,2,3000,1.131182796,0,1.003914141,5500,6500.0,4.6,6
141704,2024-06-05,5000,51,Femenino,0,13000,4500,691,2,3000,1.063784247,0,1.015636514,8500,13000.0,8.3,6
141769,2024-06-05,5500,57,Femenino,0,14000,2000,629,2,3000,1.282133995,0,1.013807324,12000,14000.0,5.3,6
142141,2024-06-08,5000,53,Masculino,0,11700,12000,649,2,3000,1.063784247,0,1.020278034,-300,11700.0,6.1,6
137074,2024-05-08,5500,18,Femenino,0,12000,1000,600,2,3000,1.280031612,0,1.023029864,11000,12000.0,4.6,5
138841,2024-05-21,7000,36,Masculino,0,10000,1000,628,2,5000,1.072895277,0,1.021886216,9000,10000.0,5.3,5
139062,2024-05-20,5500,38,Femenino,0,21000,2000,591,2,3000,2.360078278,0,1.134211007,19000,21000.0,4.0,5
136894,2024-05-07,6500,36,Femenino,0,12000,1500,552,2,4000,1.846938776,0,1.066883586,10500,12000.0,2.9,5
174779,2024-11-20,3000,58,Masculino,0,7000,6000,439,5,9000,0.586831019,0,0.813184381,1000,7000.0,1.3,11
132433,2024-04-10,10000,25,Masculino,2,18000,8000,531,8,13000,1.194335169,0,1.007546313,10000,6000.0,2.6,4
141956,2024-06-05,7500,44,Femenino,0,8000,8500,555,9,5000,1.377879404,0,1.024084376,-500,8000.0,2.9,6
148344,2024-07-10,5000,28,Masculino,0,11200,1000,482,3,5500,0.740019396,0,0.72607147,10200,11200.0,1.8,7
158142,2024-08-28,5000,31,Femenino,1,0,1800,491,2,3000,1.48797654,0,1.023039876,-1800,0.0,1.9,8
140548,2024-05-29,7500,49,Femenino,1,10000,6000,418,4,7500,1.502470356,0,1.03867547,4000,5000.0,1.2,5
156965,2024-08-21,5500,48,Femenino,0,6000,4000,483,6,3000,2.070967742,0,1.094164668,2000,6000.0,1.8,8
112396,2023-11-22,5500,40,Masculino,2,6000,2500,674,2,3000,1.386986301,1,1.039913945,3500,2000.0,8.3,11
112426,2023-11-22,7000,35,Femenino,3,3600,4600,514,4,5000,1.1229295,1,0.957160964,-1000,900.0,2.1,11
129677,2024-03-25,7000,29,Masculino,0,1000,5000,438,3,5000,1.114715948,1,0.972204982,-4000,1000.0,1.3,3
130081,2024-03-27,5500,27,Femenino,1,10000,4500,559,2,3000,2.071489726,1,1.093014427,5500,5000.0,2.9,3
133064,2024-04-15,9000,32,Femenino,2,30000,10000,343,3,7000,1.194369135,1,1.007548515,20000,10000.0,0.9,4
134326,2024-04-23,5500,29,Masculino,1,10500,6000,406,2,3000,1.840860215,1,1.066213592,4500,5250.0,0.9,4
135268,2024-04-27,5000,37,Femenino,1,10000,5000,461,2,5000,0.945585216,1,0.950645516,5000,5000.0,1.5,4
136287,2024-05-03,9000,29,Femenino,2,10000,6000,455,3,7000,1.501924353,1,1.031201927,4000,3333.3333333333335,1.5,5
136294,2024-05-03,5000,39,Femenino,0,9200,2060,487,2,5000,1.20299208,1,1.008347451,7140,9200.0,1.8,5
136689,2024-05-06,8000,31,Masculino,2,9000,4000,527,3,5500,1.063777881,1,0.998820731,5000,3000.0,2.2,5
137195,2024-05-08,5000,25,Femenino,0,8000,0,511,2,3000,1.063784247,1,0.935868515,8000,8000.0,2.1,5
137828,2024-05-13,3000,42,Masculino,2,32000,5000,477,2,3000,0.985898469,1,0.981781448,27000,10666.666666666666,1.6,5
139056,2024-05-21,7000,21,Femenino,2,12000,7000,521,3,5000,1.001207875,1,0.97537988,5000,4000.0,2.2,5
144237,2024-06-19,4500,34,Masculino,2,12000,5000,508,3,5000,0.945585216,1,0.864961082,7000,4000.0,2.0,6
157326,2024-08-21,5000,19,Masculino,0,8000,15000,0,2,3000,1.063784247,0,0.995276307,-7000,8000.0,0.0,8
97867,2023-08-16,7000,43,Femenino,2,1000,6500,475,4,9000,0.654645585,0,0.0,-5500,333.3333333333333,1.6,8
111654,2023-11-20,7500,37,Femenino,0,5000,6000,570,3,5500,1.198619225,0,0.879772999,-1000,5000.0,3.2,11
112701,2023-11-27,9000,44,Femenino,2,1000,6500,455,5,7000,1.134695864,0,1.003901267,-5500,333.3333333333333,1.5,11
116029,2023-12-22,5500,46,Femenino,1,10000,7000,518,4,3500,1.001207521,0,0.995928056,3000,5000.0,2.1,12
125049,2024-02-21,3500,53,Femenino,0,11800,6500,516,2,3500,0.895817256,0,0.0,5300,11800.0,2.1,2
131087,2024-04-03,5000,59,Masculino,0,8000,7000,0,6,5000,1.063783368,0,1.0,1000,8000.0,0.0,4
132477,2024-04-10,7000,47,Femenino,1,10000,7000,503,5,5500,1.134696406,0,1.003901265,3000,5000.0,2.0,4
132303,2024-04-13,3000,37,Masculino,3,10000,7000,523,7,4000,0.945584046,0,0.991645284,3000,2500.0,2.2,4
138423,2024-05-15,3000,64,Femenino,0,9000,6000,546,7,3000,1.063784247,0,0.982725138,3000,9000.0,2.75,5
138923,2024-05-18,16500,32,Femenino,2,0,8000,0,9,15000,1.063778119,0,1.000496825,-8000,0.0,0.0,5
138957,2024-05-20,3000,31,Femenino,2,1000,7000,613,7,3000,1.063784247,0,0.989500646,-6000,333.3333333333333,4.6,5
75772,2023-03-08,9000,37,Femenino,0,12000,0,462,4,7000,1.41836983,1,0.0,12000,12000.0,1.5,3
98261,2023-08-19,3000,39,Femenino,0,9000,4000,483,3,5000,1.063783368,1,0.0,5000,9000.0,1.8,8
112776,2023-11-27,9000,22,Femenino,0,8000,4000,415,8,7000,1.290847838,0,0.888988863,4000,8000.0,1.2,11
111657,2023-11-17,13000,47,Femenino,1,12000,6000,489,5,11000,1.388180674,1,1.053688857,6000,6000.0,1.8,11
112435,2023-11-22,9000,31,Femenino,0,10000,3000,471,5,7000,1.202919708,1,0.991497885,7000,10000.0,1.6,11
112543,2023-11-27,9000,61,Masculino,0,12000,7000,418,5,9000,1.215770373,1,1.017099649,5000,12000.0,1.2,11
120922,2024-01-24,9500,51,Femenino,1,6400,3000,420,3,7500,1.204735919,1,0.986220821,3400,3200.0,1.2,1
126487,2024-03-04,5000,32,Femenino,1,45000,2500,444,3,5000,0.810501613,1,0.0,42500,22500.0,1.3,3
129928,2024-03-26,14000,47,Masculino,0,7500,7000,442,7,14000,1.266786537,1,0.938323777,500,7500.0,1.3,3
132317,2024-04-10,9500,32,Masculino,1,10000,7000,401,3,7500,1.13469759,1,1.00584824,3000,5000.0,0.9,4
132660,2024-04-12,6000,42,Femenino,0,8000,6000,509,4,7000,1.36836983,1,0.902188433,2000,8000.0,2.0,4
133140,2024-04-15,5500,18,Femenino,1,10000,5500,381,2,3000,1.134703196,1,1.023843402,4500,5000.0,0.9,4
133785,2024-04-22,10000,31,Femenino,0,17200,4200,428,5,8000,1.11483376,1,0.964551076,13000,17200.0,1.2,4
134142,2024-04-24,5000,33,Femenino,1,13500,4200,412,3,7000,0.567347932,1,0.0,9300,6750.0,1.2,4
136244,2024-05-04,6000,50,Femenino,0,10000,6800,439,3,6000,0.945580163,1,0.865746905,3200,10000.0,1.3,5
137879,2024-05-13,4500,33,Masculino,2,7500,7000,496,2,5000,0.895817573,1,0.942358377,500,2500.0,1.9,5
138095,2024-05-14,5500,34,Femenino,2,17000,5300,443,2,3000,1.196917808,1,1.010239816,11700,5666.666666666667,1.3,5
138868,2024-05-18,8000,40,Femenino,4,10000,5500,545,4,5500,1.494276094,1,1.042910294,4500,2000.0,2.75,5
138879,2024-05-18,5000,20,Masculino,0,12000,6500,553,6,2920,1.416666667,1,0.626474819,5500,12000.0,2.9,5
138943,2024-05-22,5000,48,Femenino,0,15500,5000,414,2,5000,1.264071295,1,0.95314128,10500,15500.0,1.2,5
139510,2024-05-22,5000,40,Femenino,1,12000,4000,412,2,3000,1.309272919,1,1.030039997,8000,6000.0,1.2,5
140801,2024-05-31,8000,49,Femenino,1,40000,5000,471,3,5500,1.063777881,1,0.993347141,35000,20000.0,1.6,5
141608,2024-06-05,10000,21,Masculino,1,22000,9000,449,3,7500,1.278428094,1,1.013250076,13000,11000.0,1.3,6
141881,2024-06-17,3000,54,Masculino,1,17200,5600,576,2,3000,1.001208703,1,0.9139324,11600,8600.0,3.5,6
69733,2023-01-24,6000,47,Femenino,0,6000,0,436,3,5000,0.945585216,1,0.0,6000,6000.0,1.3,1
112512,2023-11-27,4000,44,Femenino,0,4500,3800,570,4,3000,1.385844749,0,1.029236474,700,4500.0,3.2,11
112866,2023-11-27,4000,56,Femenino,0,5100,8000,486,4,6000,1.063777683,0,0.0,-2900,5100.0,1.8,11
133491,2024-04-24,4000,64,Masculino,0,6500,6000,460,4,4000,0.895816464,0,0.0,500,6500.0,1.5,4
135465,2024-04-29,3000,46,Femenino,2,4000,3200,458,2,3000,0.945585997,1,1.011743374,800,1333.3333333333333,1.5,4
85128,2023-05-17,4000,41,Masculino,0,8000,4000,689,2,3000,1.063784247,1,0.0,4000,8000.0,8.3,5
112310,2023-11-22,7000,23,Femenino,0,6000,5000,513,4,7000,0.895812524,1,0.882640689,1000,6000.0,2.1,11
112482,2023-11-27,5000,40,Masculino,0,10000,6500,475,4,5000,0.709188912,1,0.858352585,3500,10000.0,1.6,11
112627,2023-11-27,7500,21,Femenino,0,12000,4900,444,5,5000,1.63449692,1,1.061012735,7100,12000.0,1.3,11
112821,2023-11-28,7000,62,Femenino,0,4800,2800,619,2,5000,1.21575242,1,1.0328256,2000,4800.0,5.3,11
115077,2023-12-12,6400,46,Masculino,0,8000,4000,591,2,4400,1.063665501,1,0.973928727,4000,8000.0,4.0,12
118948,2024-01-10,5000,55,Femenino,0,6000,0,534,2,4000,0.567350427,1,0.0,6000,6000.0,2.6,1
134596,2024-04-24,7500,34,Femenino,2,15860,6150,499,2,5000,1.134702259,1,1.004374675,9710,5286.666666666667,1.9,4
139887,2024-05-24,10000,36,Femenino,2,16000,8000,483,3,7500,1.376585145,1,1.0206798,8000,5333.333333333333,1.8,5
140808,2024-05-29,7000,51,Femenino,0,14900,5330,483,4,7000,1.110754258,1,0.955020849,9570,14900.0,1.8,5
133256,2024-04-15,7500,55,Femenino,0,2000,3800,551,2,5000,1.134702259,1,1.003901243,-1800,2000.0,2.9,4
131377,2024-04-08,4000,20,Femenino,2,0,4000,617,2,3000,1.063784247,1,1.00910843,-4000,0.0,5.3,4
132251,2024-04-10,4500,29,Masculino,2,14000,7000,636,2,5000,0.810501613,1,0.945730016,7000,4666.666666666667,6.1,4
138464,2024-05-17,10000,68,Femenino,0,1000,5000,492,5,10000,1.183874796,1,0.876843803,-4000,1000.0,1.9,5
141957,2024-06-05,7500,31,Masculino,2,16000,10700,524,3,5500,1.286039886,1,1.013757313,5300,5333.333333333333,2.2,6
150433,2024-07-24,5000,38,Femenino,1,16500,5000,414,3,7000,0.810424898,1,0.811799558,11500,8250.0,1.2,7
115909,2023-12-20,5500,33,Femenino,2,8000,6000,406,2,3500,1.418377322,1,0.993761208,2000,2666.6666666666665,0.9,12
118895,2024-01-10,5000,56,Femenino,0,7000,6000,477,2,3000,1.290832455,1,0.0,1000,7000.0,1.6,1
72380,2023-02-13,11000,20,Femenino,0,8000,7000,412,5,9000,1.049004042,0,0.0,1000,8000.0,1.2,2
92605,2023-07-10,3000,33,Femenino,2,8000,4500,612,2,3000,1.12260274,0,0.0,3500,2666.6666666666665,4.6,7
95185,2023-07-26,12000,35,Masculino,2,8000,4500,508,6,10000,1.063798027,0,1.015361533,3500,2666.6666666666665,2.0,7
97519,2023-08-14,13000,42,Femenino,0,8000,7000,543,7,11000,1.489741609,0,1.011602246,1000,8000.0,2.75,8
99637,2023-08-30,3000,19,Masculino,0,2800,1000,546,2,3000,1.198630137,0,0.98676483,1800,2800.0,2.75,8
112187,2023-11-21,15000,42,Masculino,1,8600,4500,584,13,15000,1.291751875,0,1.026302454,4100,4300.0,3.5,11
112413,2023-11-22,3000,37,Femenino,1,8000,4000,488,6,3000,1.134703196,0,0.926454469,4000,4000.0,1.8,11
112527,2023-11-27,3000,26,Femenino,2,15500,5000,637,3,3000,1.063784247,0,1.0,10500,5166.666666666667,6.1,11
113230,2023-11-29,3000,19,Femenino,0,7000,6500,610,2,3000,1.203033268,0,1.009850583,500,7000.0,4.6,11
113775,2023-12-02,5000,27,Femenino,2,7500,5000,456,4,3000,1.001208703,0,0.955405033,2500,2500.0,1.5,12
114252,2023-12-06,14000,58,Femenino,1,4000,4000,577,9,14000,1.063778305,0,1.000540656,0,2000.0,3.5,12
115050,2023-12-12,12000,66,Femenino,1,10500,4000,684,5,10000,1.063798027,0,0.995958919,6500,5250.0,8.3,12
115062,2023-12-13,7000,43,Femenino,2,7500,5000,499,3,5000,1.281630074,1,0.977206773,2500,2500.0,1.9,12
115554,2023-12-18,15000,22,Masculino,1,17000,3500,644,9,15000,1.001202935,0,1.000706025,13500,8500.0,6.1,12
115557,2023-12-18,11000,25,Femenino,2,10000,4000,469,6,9000,1.052540416,0,0.983922449,6000,3333.3333333333335,1.6,12
134857,2024-04-24,3000,25,Femenino,2,8000,4500,606,5,7000,0.810497046,0,0.0,3500,2666.6666666666665,4.6,4
139465,2024-05-22,17000,42,Masculino,1,8600,4500,432,15,17000,1.272224781,0,0.758100844,4100,4300.0,1.2,5
157132,2024-08-21,3000,33,Masculino,2,9000,4500,443,3,3000,1.063784247,1,1.015967565,4500,3000.0,1.3,8
111928,2023-11-20,4000,32,Femenino,0,1000,1000,614,3,2000,1.063782051,0,1.005191299,0,1000.0,4.6,11
112880,2023-11-27,3000,51,Femenino,1,6600,5000,427,2,3000,1.063784247,0,0.982884319,1600,3300.0,1.2,11
113577,2023-12-02,3000,66,Masculino,0,6000,4000,588,2,3000,1.053938356,0,0.975597695,2000,6000.0,4.0,12
136433,2024-05-04,4000,61,Femenino,1,9000,6000,425,3,4000,1.001206637,0,0.886654363,3000,4500.0,1.2,5
141496,2024-06-04,7000,29,Masculino,2,5808,6000,456,10,5000,1.063783368,0,1.019682195,-192,1936.0,1.5,6
137864,2024-05-13,7000,57,Femenino,3,19000,6000,500,2,5000,1.270889275,1,0.979785529,13000,4750.0,2.0,5
69057,2023-01-20,3000,25,Femenino,1,8500,3000,667,4,4000,1.001206637,0,0.0,5500,4250.0,8.3,1
112058,2023-11-20,4000,26,Femenino,1,8500,3000,658,6,6000,1.134696195,0,1.020021713,5500,4250.0,6.1,11
112128,2023-11-21,5000,50,Masculino,0,10000,5500,395,4,4500,1.385083714,0,1.014290888,4500,10000.0,0.9,11
112302,2023-11-22,5000,44,Masculino,3,0,6000,498,8,7000,1.063777372,0,1.015743755,-6000,0.0,1.9,11
112390,2023-11-22,9500,38,Femenino,1,17000,14000,412,4,7500,1.634242838,0,1.042982772,3000,8500.0,1.2,11
115898,2023-12-19,5000,32,Femenino,2,15000,10000,652,2,3500,1.802215705,1,1.061867135,5000,5000.0,6.1,12
129505,2024-03-25,5000,22,Masculino,1,8000,5000,653,2,3000,1.379280822,0,1.038667877,3000,4000.0,6.1,3
129509,2024-03-25,10000,40,Femenino,1,8000,5000,508,6,8500,1.278352454,0,1.011515303,3000,4000.0,2.0,3
130066,2024-03-27,5000,23,Masculino,0,11000,6000,653,11,7000,1.063777372,0,1.000464124,5000,11000.0,6.1,3
135907,2024-05-01,3000,38,Masculino,2,12000,8000,685,5,5500,1.063777881,0,1.006968483,4000,4000.0,8.3,5
139461,2024-05-22,10000,27,Femenino,2,14000,4000,587,5,10000,1.063798027,0,1.027996616,10000,4666.666666666667,4.0,5
142060,2024-06-07,7000,44,Femenino,2,12000,10000,541,3,5000,1.063783368,0,1.013062447,2000,4000.0,2.75,6
76244,2023-03-11,3000,20,Femenino,0,9000,5000,643,2,3000,1.049229452,0,0.0,4000,9000.0,6.1,3
115317,2023-12-16,7000,37,Femenino,1,8000,1000,500,3,7000,1.063777372,0,1.013922082,7000,4000.0,2.0,12
102689,2023-09-15,3000,57,Masculino,0,10000,8000,679,6,3000,1.063784247,0,1.009028116,2000,10000.0,8.3,9
114993,2023-12-12,11000,22,Femenino,0,10000,8500,482,6,11000,1.052230878,1,0.842590708,1500,10000.0,1.8,12
132589,2024-04-17,7500,61,Femenino,0,8000,4500,425,2,5000,1.385010267,0,1.021265755,3500,8000.0,1.2,4
137023,2024-05-08,5000,53,Femenino,0,15000,8000,453,2,5000,1.368412047,0,0.907050218,7000,15000.0,1.5,5
71456,2023-02-06,3000,41,Masculino,2,25000,10000,578,5,5000,1.122655715,0,0.0,15000,8333.333333333334,3.5,2
111581,2023-11-17,8500,57,Femenino,0,20000,8000,620,6,6000,1.063777683,0,1.011774107,12000,20000.0,5.3,11
127164,2024-03-08,5000,20,Masculino,1,15000,5500,482,5,7000,1.063777372,0,0.0,9500,7500.0,1.8,3
112720,2023-11-27,7000,48,Femenino,0,40000,3200,449,3,5000,1.134702259,0,0.979632754,36800,40000.0,1.3,11
138197,2024-05-14,15000,39,Masculino,0,23000,3000,425,8,8000,1.386836518,0,1.034440086,20000,23000.0,1.2,5
139280,2024-05-21,9000,19,Femenino,2,8900,3500,653,5,7000,1.272543515,0,0.80755994,5400,2966.6666666666665,6.1,5
139286,2024-05-21,6000,45,Masculino,0,23000,2500,517,3,5000,1.063783368,0,1.015119242,20500,23000.0,2.1,5
140715,2024-05-29,7000,38,Femenino,2,3000,2800,475,7,9000,1.063799076,1,0.863343233,200,1000.0,1.6,5
155228,2024-08-13,3000,30,Femenino,2,18000,4300,627,3,3000,0.567351598,0,0.0,13700,6000.0,5.3,8
112868,2023-11-27,10000,50,Femenino,0,7000,4900,517,4,8000,1.385549872,0,1.028531528,2100,7000.0,2.1,11
111557,2023-11-17,6000,43,Femenino,0,9000,6000,373,5,8000,1.00120355,0,0.0,3000,9000.0,0.9,11
111767,2023-11-18,11000,43,Femenino,0,10000,1500,475,4,9000,1.63556582,0,1.069142706,8500,10000.0,1.6,11
127771,2024-03-12,3000,25,Masculino,1,8000,4000,420,5,9000,0.962097541,0,0.915154216,4000,4000.0,1.2,3
130871,2024-04-02,7000,67,Masculino,0,10000,6000,526,3,5000,1.277681251,0,1.005225558,4000,10000.0,2.2,4
132789,2024-04-13,4000,21,Femenino,1,8000,3500,520,6,4000,1.063782051,0,1.0,4500,4000.0,2.2,4
141776,2024-06-05,3000,39,Masculino,4,28000,12000,555,2,3000,0.851027397,1,0.978936429,16000,5600.0,2.9,6
141781,2024-06-05,5000,38,Femenino,1,7000,4500,541,3,5500,1.134696406,1,1.015272981,2500,3500.0,2.75,6
100719,2023-09-04,3000,24,Masculino,1,8000,4100,585,2,3000,0.654636459,1,0.972391979,3900,4000.0,4.0,9
112399,2023-11-22,9500,27,Femenino,0,2000,5500,668,3,7000,1.063777372,0,1.0,-3500,2000.0,8.3,11
112650,2023-11-25,3300,22,Femenino,1,12000,8000,504,2,5000,1.063783368,0,1.01975759,4000,6000.0,2.0,11
115073,2023-12-12,7500,37,Femenino,2,12000,2250,578,4,5000,1.21575242,0,0.0,9750,4000.0,3.5,12
119301,2024-01-13,8000,62,Masculino,0,11300,6200,472,7,11700,0.81053878,1,0.925617656,5100,11300.0,1.6,1
131161,2024-04-03,3000,54,Femenino,0,12000,5650,589,6,3000,1.063784247,0,1.020278034,6350,12000.0,4.0,4
132244,2024-04-10,5000,49,Femenino,1,6000,4900,432,5,7000,0.895812524,0,0.915032088,1100,3000.0,1.2,4
133345,2024-04-17,17000,51,Masculino,1,30000,12500,656,11,15000,1.063778119,0,1.0,17500,15000.0,6.1,4
136066,2024-05-01,5500,36,Femenino,2,31500,10800,529,2,3000,1.840860215,1,1.011702976,20700,10500.0,2.6,5
141819,2024-06-05,10500,58,Femenino,0,13700,6000,445,7,8000,1.063778772,0,1.001651479,7700,13700.0,1.3,6
84323,2023-05-16,3000,29,Femenino,3,5000,9000,531,2,2000,1.309270217,0,0.0,-4000,1250.0,2.6,5
95958,2023-08-02,9000,40,Femenino,0,0,9000,458,4,8000,1.063778772,0,0.939913557,-9000,0.0,1.5,8
98098,2023-08-16,4000,56,Masculino,0,21000,7500,425,3,4000,1.292307692,0,1.032085239,13500,21000.0,1.2,8
134459,2024-04-24,5000,43,Masculino,2,10500,9000,431,7,6000,1.134696195,0,0.981056362,1500,3500.0,1.2,4
112024,2023-11-20,5500,28,Femenino,1,8000,7500,408,2,3000,1.134703196,0,1.016792278,500,4000.0,1.2,11
112188,2023-11-22,3000,35,Femenino,2,8500,7500,436,8,3000,0.934170472,0,0.0,1000,2833.3333333333335,1.3,11
123824,2024-02-14,8000,28,Femenino,1,12000,7500,513,6,8000,2.260138838,1,1.121867982,4500,6000.0,2.1,2
173294,2024-11-13,3000,22,Femenino,1,10000,5000,495,4,5000,0.630390144,0,0.924763696,5000,5000.0,1.9,11
71439,2023-02-14,5000,21,Femenino,0,5000,4500,389,2,3000,1.001208703,0,0.0,500,5000.0,0.9,2
112219,2023-11-22,7500,44,Femenino,0,7000,3500,426,6,5000,1.296951508,0,1.03312874,3500,7000.0,1.2,11
114922,2023-12-11,5000,19,Masculino,0,8000,6000,532,2,3000,1.063784247,0,1.0,2000,8000.0,2.6,12
129473,2024-03-27,4000,31,Femenino,2,4500,4000,588,2,4000,1.063782051,0,1.0,500,1500.0,4.0,3
130103,2024-03-27,5000,32,Femenino,2,7000,5000,591,8,4000,1.196703297,0,1.026008097,2000,2333.3333333333335,4.0,3
111719,2023-11-20,5000,41,Femenino,2,13000,6000,499,2,3000,1.203277886,0,0.989591713,7000,4333.333333333333,1.9,11
158605,2024-08-28,5000,28,Masculino,3,12000,6000,686,2,5000,1.204312115,0,1.021976079,6000,3000.0,8.3,8
114950,2023-12-11,5000,20,Masculino,0,6000,4000,617,2,3000,1.063784247,0,1.005096137,2000,6000.0,5.3,12
115391,2023-12-18,4300,50,Masculino,0,8500,5000,601,3,4300,1.063693317,0,1.0,3500,8500.0,4.6,12
111632,2023-11-20,3000,39,Femenino,4,10000,5500,528,2,3000,0.993150685,0,0.929327801,4500,2000.0,2.2,11
112038,2023-11-20,14000,44,Femenino,1,8800,8500,544,9,12000,1.126695527,0,0.999503794,300,4400.0,2.75,11
112048,2023-11-20,5000,26,Femenino,2,10000,5500,427,5,3000,1.384988584,0,1.021192003,4500,3333.3333333333335,1.2,11
112288,2023-11-22,5000,22,Femenino,2,10000,6500,439,2,3000,1.384988584,0,1.020593323,3500,3333.3333333333335,1.3,11
112891,2023-11-27,2000,38,Femenino,1,8000,4200,551,4,2500,0.81049961,0,0.0,3800,4000.0,2.9,11
115617,2023-12-19,8000,21,Femenino,0,7000,6000,442,3,5500,1.804213135,0,1.075753765,1000,7000.0,1.3,12
115779,2023-12-19,3500,49,Masculino,1,8000,7000,463,4,4000,0.945584046,0,0.809247456,1000,4000.0,1.5,12
129828,2024-03-26,7500,27,Masculino,1,12000,6000,639,7,5500,1.844072697,0,1.072121772,6000,6000.0,6.1,3
130933,2024-04-03,7500,53,Femenino,1,12000,8500,494,2,5000,1.49486653,1,1.042282384,3500,6000.0,1.9,4
134717,2024-04-24,12000,50,Femenino,1,12000,7500,438,10,12000,1.272527473,0,0.930586189,4500,6000.0,1.3,4
135593,2024-04-29,7500,25,Masculino,1,11000,8000,406,2,5000,1.278471016,0,1.013243786,3000,5500.0,0.9,4
135759,2024-05-01,7500,49,Femenino,0,19500,5000,484,7,5000,1.667276423,0,1.057098329,14500,19500.0,1.8,5
136000,2024-05-01,7000,21,Femenino,0,7000,6000,516,4,8000,0.895813703,1,0.896364496,1000,7000.0,2.1,5
138855,2024-05-18,5500,42,Femenino,1,15000,20000,398,2,3000,1.063784247,0,1.0,-5000,7500.0,0.9,5
141488,2024-06-04,5000,54,Femenino,1,0,10000,488,6,8000,1.063778772,0,1.017036872,-10000,0.0,1.8,6
163868,2024-10-04,6000,51,Femenino,0,10000,5000,489,3,5500,1.063777881,0,1.0,5000,10000.0,1.8,10
71980,2023-02-08,7000,20,Femenino,0,10500,1500,559,3,5000,1.049922998,1,0.0,9000,10500.0,2.9,2
79220,2023-04-03,4000,38,Femenino,2,6000,6000,518,2,3000,1.053938356,1,0.0,0,2000.0,2.1,4
114140,2023-12-06,7500,25,Femenino,0,1000,6800,652,3,5000,1.291897015,0,1.019254761,-5800,1000.0,6.1,12
112304,2023-11-22,9000,48,Femenino,1,6000,13500,395,3,7000,1.293767546,1,0.982178001,-7500,3000.0,0.9,11
98699,2023-08-19,2500,46,Femenino,0,6500,1000,564,2,3000,0.851027397,0,0.0,5500,6500.0,3.2,8
138295,2024-05-15,3000,40,Femenino,2,3500,500,527,4,3000,0.895818313,1,0.988566805,3000,1166.6666666666667,2.2,5
138287,2024-05-15,4000,53,Femenino,0,12000,9000,469,2,5000,0.709188912,1,0.892125811,3000,12000.0,1.6,5
74221,2023-02-24,12000,44,Femenino,0,8000,5000,567,6,10000,1.063798027,1,0.0,3000,8000.0,3.2,2
74795,2023-03-01,5000,20,Femenino,0,14000,0,421,4,7000,1.052919708,1,0.0,14000,14000.0,1.2,3
112348,2023-11-22,4000,37,Femenino,3,0,6000,470,3,3000,1.063784247,0,1.004239169,-6000,0.0,1.6,11
134602,2024-04-24,12000,36,Femenino,2,10000,5000,446,9,12000,1.104011544,0,0.916307163,5000,3333.3333333333335,1.3,4
137215,2024-05-10,3000,39,Femenino,0,12000,3000,553,3,3000,1.110273973,1,0.986868558,9000,12000.0,2.9,5
141437,2024-06-03,7500,32,Femenino,2,15000,8000,498,3,5000,1.134702259,0,1.019483647,7000,5000.0,1.9,6
173040,2024-11-12,3000,35,Femenino,2,13000,6000,463,3,2500,0.773658718,0,0.795153126,7000,4333.333333333333,1.5,11
142210,2024-06-12,3000,44,Masculino,2,6000,4500,449,2,3000,1.001208703,1,1.00176903,1500,2000.0,1.3,6
115604,2023-12-18,10000,30,Masculino,2,5000,4500,603,4,7500,1.13469759,1,1.020782932,500,1666.6666666666667,4.6,12
134245,2024-04-24,9000,52,Masculino,0,12000,4000,416,4,7000,1.134695864,1,0.95099654,8000,12000.0,1.2,4
112916,2023-11-29,7500,36,Femenino,0,1000,8000,598,4,5000,1.063783368,0,0.932016472,-7000,1000.0,4.0,11
129519,2024-03-25,10000,37,Femenino,0,1000,8000,631,5,7500,1.06377899,1,1.000866696,-7000,1000.0,5.3,3
129527,2024-03-25,5500,57,Femenino,0,10000,8000,698,4,7000,1.063777372,0,0.993641142,2000,10000.0,8.3,3
71852,2023-02-08,9000,50,Femenino,0,8000,0,432,5,7000,1.215745568,1,0.0,8000,8000.0,1.2,2
96917,2023-08-09,13000,59,Femenino,0,7000,6500,547,6,11000,1.063798395,0,1.00069889,500,7000.0,2.75,8
113354,2023-12-02,3000,29,Femenino,1,8500,4000,616,2,3000,1.063784247,0,0.988925134,4500,4250.0,5.3,12
113917,2023-12-05,9000,32,Masculino,0,9500,5000,505,7,10000,0.851038422,0,0.895321776,4500,9500.0,2.0,12
134327,2024-04-23,3000,19,Femenino,0,7000,2000,581,3,3000,1.038741438,0,0.837086414,5000,7000.0,3.5,4
139381,2024-05-22,5000,44,Masculino,3,12000,8000,544,2,3000,1.001208703,0,0.953047968,4000,3000.0,2.75,5
141869,2024-06-05,9000,28,Femenino,3,1000,8000,563,5,6500,1.134587252,0,0.996734047,-7000,250.0,3.2,6
115374,2023-12-13,5000,49,Femenino,1,10000,6000,415,2,3000,1.20425636,0,1.046565864,4000,5000.0,1.2,12
112186,2023-11-21,7500,49,Femenino,2,8000,6000,535,4,5000,1.632032854,0,1.043718346,2000,2666.6666666666665,2.6,11
112699,2023-11-25,7000,26,Femenino,0,10000,4000,526,3,7000,0.851021898,0,0.939637571,6000,10000.0,2.2,11
128722,2024-03-18,4000,34,Masculino,3,8000,6000,556,2,4000,1.295463511,0,0.983593253,2000,2000.0,2.9,3
132257,2024-04-10,9000,30,Masculino,1,19000,10000,615,5,9000,1.063799076,0,0.991564239,9000,9500.0,5.3,4
132926,2024-04-13,7500,30,Femenino,1,1000,6000,440,4,5000,1.179671458,0,0.97444275,-5000,500.0,1.3,4
133576,2024-04-17,7500,23,Femenino,0,12000,7500,382,3,7500,1.108231014,0,0.903492985,4500,12000.0,0.9,4
139894,2024-05-29,3000,52,Femenino,1,13000,9500,381,2,3000,1.194227006,0,1.000886144,3500,6500.0,0.9,5
140897,2024-06-01,9000,36,Femenino,2,14000,8500,646,4,7000,1.276788713,0,0.974156612,5500,4666.666666666667,6.1,6
113996,2023-12-05,6000,28,Femenino,2,25000,3800,460,3,4000,1.125641026,1,0.995652658,21200,8333.333333333334,1.5,12
129859,2024-03-26,8000,24,Femenino,1,2000,2000,504,3,5500,1.27852445,1,1.013247855,0,1000.0,2.0,3
137160,2024-05-08,5000,49,Femenino,0,1000,5000,483,3,5000,1.002368097,0,1.005252105,-4000,1000.0,1.8,5
137589,2024-05-13,5500,57,Femenino,0,17000,2000,452,2,3000,1.281085353,0,1.032569402,15000,17000.0,1.5,5
141047,2024-05-31,7500,19,Femenino,0,8000,3000,587,3,5500,1.194047619,0,1.005374575,5000,8000.0,4.0,5
137635,2024-05-11,6000,45,Femenino,1,17000,10700,460,3,5500,1.063777881,0,1.009327863,6300,8500.0,1.5,5
141939,2024-06-05,5500,46,Masculino,2,0,4500,661,2,3000,2.070967742,0,1.078218166,-4500,0.0,6.1,6
111851,2023-11-20,7000,23,Femenino,2,15000,9000,505,3,4500,1.063784247,0,1.000670911,6000,5000.0,2.0,11
112877,2023-11-27,7500,33,Masculino,0,8000,10000,369,2,5000,1.632648871,0,1.031188049,-2000,8000.0,0.9,11
113042,2023-11-28,5000,42,Femenino,0,8000,6000,509,2,3000,1.641438356,0,1.051595361,2000,8000.0,2.0,11
114027,2023-12-05,5000,31,Femenino,2,12000,9000,500,2,3000,1.385273973,1,1.022094847,3000,4000.0,2.0,12
115186,2023-12-13,7500,33,Femenino,2,10000,7000,424,2,5000,1.134702259,0,1.019483647,3000,3333.3333333333335,1.2,12
115443,2023-12-18,5500,32,Masculino,3,18000,12000,518,5,4500,1.508094645,1,1.083828586,6000,4500.0,2.1,12
115465,2023-12-19,8000,35,Femenino,0,10000,7000,567,3,5500,1.503717472,0,1.031338591,3000,10000.0,3.2,12
129743,2024-03-25,5500,24,Masculino,2,8800,6000,498,3,3000,1.847792998,0,1.068160963,2800,2933.3333333333335,1.9,3
130271,2024-03-27,4500,47,Femenino,0,12000,10000,442,2,2000,2.263003663,0,1.135937801,2000,12000.0,1.3,3
132657,2024-04-12,7000,61,Femenino,0,10000,10000,504,4,7000,1.275575519,0,1.015423664,0,10000.0,2.0,4
132958,2024-04-13,4000,45,Femenino,1,9000,5000,500,3,2000,1.215750916,0,1.040872981,4000,4500.0,2.0,4
134376,2024-04-22,3000,56,Femenino,0,7000,9000,439,2,3000,1.286354057,0,1.02985166,-2000,7000.0,1.3,4
134875,2024-04-29,7500,44,Femenino,2,15000,6000,462,3,7500,1.215747418,0,1.006467358,9000,5000.0,1.5,4
136907,2024-05-07,3000,46,Femenino,0,16000,9000,522,2,3000,1.283719705,0,1.005919783,7000,16000.0,2.2,5
138896,2024-05-18,5000,42,Masculino,0,15000,12000,471,5,5000,1.134702259,0,1.146720925,3000,15000.0,1.6,5
139301,2024-05-22,5000,47,Femenino,1,4000,6000,535,3,5000,1.194338516,0,0.929095828,-2000,2000.0,2.6,5
141655,2024-06-04,4500,47,Femenino,0,12000,10000,443,3,4500,1.666742081,0,1.04661191,2000,12000.0,1.3,6
141657,2024-06-04,6000,35,Femenino,1,0,9000,455,3,4000,1.280416013,0,1.027640386,-9000,0.0,1.5,6
141823,2024-06-05,7000,51,Femenino,0,0,9000,488,3,5000,1.278298937,0,0.972378641,-9000,0.0,1.8,6
142349,2024-06-10,5000,19,Masculino,0,15000,11000,653,2,3000,1.369086022,0,1.008812855,4000,15000.0,6.1,6
142374,2024-06-08,5000,36,Femenino,3,15000,8000,646,3,2500,1.063780738,0,1.001851356,7000,3750.0,6.1,6
142406,2024-06-10,12000,38,Masculino,0,15000,10000,398,6,11500,1.844306663,1,1.03952502,5000,15000.0,0.9,6
111705,2023-11-20,3000,55,Femenino,0,9000,5500,616,2,3000,1.2971549,0,1.033633677,3500,9000.0,5.3,11
115043,2023-12-12,6000,56,Femenino,0,6000,5000,482,5,6000,0.945580163,0,0.912771441,1000,6000.0,1.8,12
112488,2023-11-27,5000,34,Femenino,2,8000,7000,451,2,4000,1.001206637,0,0.973989002,1000,2666.6666666666665,1.3,11
112465,2023-11-24,6000,66,Femenino,0,10000,6000,461,3,5000,1.203872103,0,1.046433999,4000,10000.0,1.5,11
130188,2024-03-27,5000,66,Femenino,0,10000,6000,530,4,6000,1.063777683,0,1.03627721,4000,10000.0,2.6,3
130295,2024-03-27,5000,25,Femenino,0,10000,5000,613,2,3500,1.38514174,0,1.021275121,5000,10000.0,4.6,3
141909,2024-06-05,6000,42,Femenino,2,25000,18000,535,4,7000,0.851021898,0,0.959750615,7000,8333.333333333334,2.6,6
111876,2023-11-18,7000,36,Femenino,1,11000,12500,503,2,5000,1.134702259,0,1.003837727,-1500,5500.0,2.0,11
139031,2024-05-22,7000,45,Femenino,0,10500,7000,471,2,5000,1.273100616,1,1.029957216,3500,10500.0,1.6,5
138845,2024-05-18,8000,38,Masculino,2,5000,6800,523,4,8000,0.986384835,1,0.957870117,-1800,1666.6666666666667,2.2,5
112232,2023-11-22,4000,24,Femenino,1,4000,8000,568,2,3000,1.215753425,0,1.00443873,-4000,2000.0,3.2,11
116855,2023-12-27,7000,28,Femenino,1,8000,3500,591,3,5000,1.199911998,0,0.0,4500,4000.0,4.0,12
88728,2023-06-14,4100,60,Femenino,0,20000,15000,439,4,8000,0.851023018,0,0.883681945,5000,20000.0,1.3,6
112260,2023-11-22,5000,34,Masculino,2,3800,3000,426,2,3000,1.123972603,1,1.000137838,800,1266.6666666666667,1.2,11
112572,2023-11-27,4300,36,Femenino,0,5000,1000,665,3,5000,0.945585216,0,0.0,4000,5000.0,8.3,11
112283,2023-11-22,3500,22,Femenino,1,12000,4000,537,4,7000,0.680817518,0,0.945097576,8000,6000.0,2.6,11
112306,2023-11-22,5000,54,Femenino,1,15000,6000,0,2,5000,0.945585216,0,0.990339782,9000,7500.0,0.0,11
124509,2024-02-20,3000,25,Femenino,1,13000,5000,404,2,3000,0.851027397,0,0.0,8000,6500.0,0.9,2
112531,2023-11-24,2500,64,Femenino,0,9000,3000,513,2,3000,0.77366127,1,0.0,6000,9000.0,2.1,11
104038,2023-09-23,5000,40,Femenino,2,15000,20000,641,2,5000,1.063783368,0,0.0,-5000,5000.0,6.1,9
112516,2023-11-24,12500,47,Femenino,1,16000,12000,533,6,10000,1.635514019,0,1.06860133,4000,8000.0,2.6,11
115264,2023-12-13,5500,36,Femenino,2,10000,12000,626,6,3000,1.40696347,0,1.056846312,-2000,3333.3333333333335,5.3,12
109422,2023-11-01,3000,45,Masculino,1,9000,5500,487,2,3700,1.063888889,1,0.0,3500,4500.0,1.8,11
111844,2023-11-21,4500,25,Masculino,0,10000,8500,452,3,7000,0.709184915,0,0.849776102,1500,10000.0,1.5,11
112653,2023-11-27,9000,35,Femenino,1,16000,10000,491,5,9000,0.945599179,0,0.952427878,6000,8000.0,1.9,11
112671,2023-11-27,6500,53,Masculino,0,10000,5000,387,2,5000,1.063783368,0,1.0,5000,10000.0,0.9,11
125026,2024-02-21,4500,40,Femenino,1,10000,8000,410,3,7000,0.945579886,0,0.0,2000,5000.0,1.2,2
129418,2024-03-26,5500,37,Femenino,2,10000,6500,453,2,3000,1.001208703,0,0.0,3500,3333.3333333333335,1.5,3
105025,2023-09-30,5000,22,Femenino,1,32000,15000,585,4,6000,1.019484668,0,0.790414481,17000,16000.0,4.0,9
111857,2023-11-22,6500,41,Femenino,1,28000,12000,449,4,4500,1.378614916,0,0.946991099,16000,14000.0,1.3,11
92809,2023-07-12,3000,43,Femenino,0,20000,8000,435,4,5000,0.851026694,0,0.946193109,12000,20000.0,1.3,7
112216,2023-11-22,13500,36,Femenino,1,16000,3500,589,5,11000,1.510945146,0,1.073482802,12500,8000.0,4.0,11
112268,2023-11-22,7500,64,Femenino,0,12000,5000,518,2,5000,1.295371979,0,1.014363127,7000,12000.0,2.1,11
115369,2023-12-13,6500,68,Masculino,1,16000,6000,416,2,3000,2.01755137,0,1.103704861,10000,8000.0,1.2,12
85070,2023-05-17,6000,42,Femenino,0,12500,0,483,2,5000,0.945585216,1,0.0,12500,12500.0,1.8,5
111867,2023-11-18,5500,24,Masculino,2,28000,4000,439,3,3000,1.292149631,0,1.031179004,24000,9333.333333333334,1.3,11
112121,2023-11-22,7500,21,Masculino,3,28000,8000,494,2,5000,0.992933929,0,0.912547033,20000,7000.0,1.9,11
112127,2023-11-21,8000,48,Femenino,0,28000,10000,648,3,5500,2.316781731,0,1.182252487,18000,28000.0,6.1,11
112281,2023-11-22,7500,47,Femenino,1,22500,12500,669,2,3000,2.302837573,0,1.126227583,10000,11250.0,8.3,11
124156,2024-02-16,7500,38,Femenino,0,13000,6000,523,2,5000,1.20299208,0,1.008302618,7000,13000.0,2.2,2
125638,2024-02-26,5000,43,Femenino,1,8500,2500,525,4,3000,1.203033268,1,1.010273079,6000,4250.0,2.2,2
98249,2023-08-16,3000,58,Femenino,0,9000,4000,511,3,5000,1.063783368,0,0.0,5000,9000.0,2.1,8
135371,2024-04-29,8000,36,Femenino,0,9300,6900,559,3,5500,1.134696406,0,1.003901265,2400,9300.0,2.9,4
135377,2024-04-29,11000,57,Femenino,0,22800,7100,468,6,11000,1.001222019,0,0.944627296,15700,22800.0,1.6,4
137080,2024-05-08,5000,35,Femenino,0,12000,6800,541,8,7000,1.215745568,0,1.008510999,5200,12000.0,2.75,5
137083,2024-05-08,7000,39,Femenino,0,16000,6900,497,3,5500,1.21574615,0,0.943584064,9100,16000.0,1.9,5
141409,2024-06-03,5500,24,Femenino,0,9500,2140,347,2,3000,1.211981567,0,1.008908046,7360,9500.0,0.9,6
108021,2023-10-25,5000,33,Femenino,0,7000,5000,397,4,7000,0.810497046,1,0.792539675,2000,7000.0,0.9,10
119811,2024-01-17,2700,51,Femenino,0,8500,1940,477,2,3500,0.680821114,0,0.923444974,6560,8500.0,1.6,1
133395,2024-04-17,8000,27,Femenino,1,12000,4300,474,3,5500,1.492734032,1,1.030501005,7700,6000.0,1.6,4
130846,2024-04-01,10000,40,Femenino,0,16200,9000,627,3,7500,1.418371987,0,1.02363144,7200,16200.0,5.3,4
134349,2024-04-22,6000,69,Masculino,0,12000,8000,573,2,3500,1.377321603,0,1.022410359,4000,12000.0,3.5,4
135840,2024-05-01,7500,60,Masculino,0,11200,8200,650,3,5500,1.309265084,0,1.016390536,3000,11200.0,6.1,5
130325,2024-03-27,7500,58,Femenino,0,3800,2300,463,3,5500,1.19118428,1,0.985188994,1500,3800.0,1.5,3
132132,2024-04-10,5500,22,Femenino,0,4800,2500,571,2,3000,1.063784247,1,1.0,2300,4800.0,3.2,4
130861,2024-04-01,5500,54,Femenino,0,7600,4500,648,2,3000,1.288988409,0,1.033092816,3100,7600.0,6.1,4
130882,2024-04-02,3500,23,Femenino,2,8000,3500,435,2,3500,1.001207521,0,0.991266455,4500,2666.6666666666665,1.3,4
131030,2024-04-03,7500,29,Femenino,1,8000,4500,664,3,5500,1.134696406,0,0.925546468,3500,4000.0,6.1,4
131613,2024-04-08,5500,24,Femenino,1,8000,4000,660,2,3000,1.196917808,1,1.027275592,4000,4000.0,6.1,4
133865,2024-04-19,7500,31,Femenino,2,9000,4500,462,3,5500,1.516390673,0,1.031573717,4500,3000.0,1.5,4
133872,2024-04-19,7000,50,Femenino,1,9000,4500,517,3,5000,1.001207875,1,0.987380064,4500,4500.0,2.1,4
135696,2024-04-30,7500,19,Masculino,0,10000,5000,317,3,5000,1.134702259,0,1.023331583,5000,10000.0,0.9,4
139388,2024-05-22,5000,41,Femenino,1,10000,5000,667,4,3000,1.215753425,0,1.028445982,5000,5000.0,8.3,5
136685,2024-05-06,5500,48,Masculino,0,10000,4000,422,3,5500,1.21574615,1,1.02409846,6000,10000.0,1.2,5
129573,2024-03-25,6000,18,Femenino,0,14000,6500,653,3,5500,1.286245353,0,1.013759209,7500,14000.0,6.1,3
131078,2024-04-03,4000,55,Femenino,1,8000,5000,526,3,5000,1.001207875,0,0.94297907,3000,4000.0,2.2,4
131571,2024-04-10,7000,42,Femenino,2,13000,4500,425,2,5000,1.21575242,0,1.027668766,8500,4333.333333333333,1.2,4
131716,2024-04-10,7500,43,Femenino,0,9500,6000,471,4,7000,1.278495227,0,1.013245969,3500,9500.0,1.6,4
133360,2024-04-17,4000,60,Femenino,0,9500,5000,508,2,3000,1.278451001,0,1.006114165,4500,9500.0,2.0,4
135639,2024-04-30,6500,54,Femenino,0,9500,5000,425,2,4000,1.495104895,0,1.046611434,4500,9500.0,1.2,4
102881,2023-09-15,3000,64,Femenino,0,7500,3500,600,2,2000,1.123264957,1,0.0,4000,7500.0,4.6,9
110389,2023-11-08,3000,60,Masculino,0,18000,6500,563,3,5000,0.680821355,0,0.808461845,11500,18000.0,3.2,11
108974,2023-10-30,3000,50,Masculino,1,12000,5000,500,2,3000,0.740023824,0,0.790456214,7000,6000.0,2.0,10
130172,2024-03-27,8000,51,Masculino,1,12000,5000,515,4,5500,1.288390049,1,1.029494111,7000,6000.0,2.1,3
131670,2024-04-08,8500,30,Femenino,0,10000,4500,629,5,6000,1.134696195,0,1.020021713,5500,10000.0,5.3,4
132066,2024-04-09,7500,20,Femenino,0,18500,4500,600,3,5000,1.504573455,0,1.049088404,14000,18500.0,4.6,4
132937,2024-04-15,5500,52,Masculino,1,0,21000,557,2,3000,1.134703196,0,1.023843402,-21000,0.0,2.9,4
133109,2024-04-17,5500,64,Masculino,0,12000,3500,559,2,3000,1.387557078,0,1.040129733,8500,12000.0,2.9,4
133847,2024-04-19,7500,44,Femenino,0,12500,3500,426,2,5000,1.280998263,0,1.032072166,9000,12500.0,1.2,4
129606,2024-03-25,17000,53,Femenino,0,8000,1500,664,7,14500,1.063778209,1,1.016780833,6500,8000.0,6.1,3
129755,2024-03-26,5500,20,Masculino,1,11000,5000,482,2,3000,1.215753425,0,1.008876729,6000,5500.0,1.8,3
130578,2024-04-01,5500,51,Femenino,0,9000,5000,492,2,3000,1.134703196,0,1.00390124,4000,9000.0,1.9,4
131093,2024-04-05,5500,28,Masculino,0,9500,2500,496,2,3000,1.278714436,0,1.015381629,7000,9500.0,1.9,4
133970,2024-04-22,3000,62,Femenino,0,17000,3500,519,2,3000,1.134703196,0,0.907118941,13500,17000.0,2.2,4
130908,2024-04-02,12000,32,Femenino,3,18000,6500,440,4,9500,1.063799234,0,1.0,11500,4500.0,1.3,4
133800,2024-04-19,5000,40,Masculino,3,8000,5000,433,2,5000,1.063783368,0,1.016037989,3000,2000.0,1.2,4
136687,2024-05-06,8000,26,Masculino,1,8000,7000,417,3,5500,1.418370508,0,1.023631472,1000,4000.0,1.2,5
131532,2024-04-08,14000,40,Femenino,0,14000,2800,425,7,12000,1.194248609,0,1.171815377,11200,14000.0,1.2,4
131819,2024-04-08,5500,54,Femenino,0,7500,3500,575,2,3000,1.134703196,0,1.023558988,4000,7500.0,3.5,4
129906,2024-03-26,5000,29,Femenino,0,12750,2010,608,2,3000,1.063784247,0,1.0,10740,12750.0,4.6,3
133982,2024-04-22,13000,19,Masculino,0,37890,2160,368,6,11000,1.192971806,0,1.005418686,35730,37890.0,0.9,4
134146,2024-04-22,7500,30,Femenino,0,22000,6900,438,2,5000,1.526787381,0,1.033097028,15100,22000.0,1.3,4
129495,2024-03-25,5500,39,Femenino,1,13000,5200,595,2,3000,1.492839352,0,1.030616825,7800,6500.0,4.0,3
130549,2024-03-29,5500,35,Masculino,0,10000,5000,629,2,3000,1.702054795,0,1.049494322,5000,10000.0,5.3,3
119070,2024-01-10,3000,22,Femenino,1,2400,1200,408,2,3000,2.260273973,0,1.027029038,1200,1200.0,1.2,1
132842,2024-04-15,5500,39,Masculino,2,6500,7500,502,2,3000,1.378995434,0,1.03915621,-1000,2166.6666666666665,2.0,4
134051,2024-04-22,5500,46,Femenino,0,6500,5000,469,2,3000,1.196917808,0,1.027275592,1500,6500.0,1.6,4
134554,2024-04-24,5500,29,Femenino,2,6500,5000,404,2,3000,1.672260274,0,1.050580364,1500,2166.6666666666665,0.9,4
135237,2024-04-29,5500,19,Femenino,0,6500,7000,433,2,3000,1.377568493,0,1.027732743,-500,6500.0,1.2,4
136509,2024-05-06,5500,45,Masculino,1,6500,7500,579,2,3000,1.386700913,0,1.02651677,-1000,3250.0,3.5,5
100154,2023-08-29,4000,29,Femenino,0,6500,3000,449,2,5000,0.680821355,1,0.0,3500,6500.0,1.3,8
136473,2024-05-06,9000,48,Femenino,0,12000,720,449,3,7000,1.134695864,1,0.990573462,11280,12000.0,1.3,5
133056,2024-04-15,3000,50,Masculino,1,19000,3000,568,2,3000,1.134703196,0,0.0,16000,9500.0,3.2,4
131088,2024-04-03,7000,41,Femenino,0,6000,3500,604,2,5000,1.271521087,0,0.972110529,2500,6000.0,4.6,4
131899,2024-04-08,7000,41,Femenino,2,21500,17000,432,8,7000,1.134695864,0,1.004616357,4500,7166.666666666667,1.2,4
129371,2024-03-25,9000,34,Femenino,1,9000,2500,609,5,7000,1.116593674,1,0.97560028,6500,4500.0,4.6,3
133113,2024-04-17,7000,54,Masculino,1,12500,10000,425,2,4500,0.77366127,0,0.850062667,2500,6250.0,1.2,4
131936,2024-04-08,7500,31,Femenino,1,9150,4000,427,2,5000,1.377652293,0,1.026020668,5150,4575.0,1.2,4
130777,2024-04-01,4000,35,Masculino,3,9000,4500,340,2,4000,1.189194139,1,1.00666193,4500,2250.0,0.9,4
130793,2024-04-01,7000,68,Femenino,0,9000,4500,494,4,7000,1.063777372,1,0.980472935,4500,9000.0,1.9,4
131929,2024-04-08,3000,38,Masculino,0,14000,8000,475,2,3000,1.001208703,1,0.930884554,6000,14000.0,1.6,4
137515,2024-05-14,5000,55,Femenino,0,6800,2890,390,2,3000,1.116210046,0,0.978385132,3910,6800.0,0.9,5
138654,2024-05-17,7000,49,Masculino,0,10000,8000,450,4,5000,1.21575242,0,1.023957754,2000,10000.0,1.3,5
142372,2024-06-10,5000,25,Femenino,0,12000,3500,451,2,3000,1.063784247,0,0.0,8500,12000.0,1.3,6
222983,2025-07-28,10000,24,Masculino,0,15000,7000,371,4,10000,1.27896294,1,1.021829423,8000,15000.0,0.9,7
134813,2024-04-24,6500,49,Femenino,1,7500,3000,518,2,4000,1.063782051,1,1.011895709,4500,3750.0,2.1,4
132611,2024-04-12,3500,51,Femenino,2,12000,3000,495,3,4000,0.810500611,1,0.871327856,9000,4000.0,1.9,4
80731,2023-04-17,5000,53,Femenino,1,5500,5000,441,3,5800,0.895850738,1,0.0,500,2750.0,1.3,4
129365,2024-03-25,7000,44,Masculino,1,12000,2000,490,2,5000,1.123203285,1,0.901773136,10000,6000.0,1.9,3
133662,2024-04-22,5500,34,Femenino,0,10000,6200,507,2,3000,1.063784247,0,1.0,3800,10000.0,2.0,4
134461,2024-04-23,5500,36,Masculino,1,15000,8000,368,2,3000,1.885304659,0,1.070226537,7000,7500.0,0.9,4
132845,2024-04-15,4000,38,Femenino,1,9000,21500,661,7,4000,1.278500986,0,1.013245898,-12500,4500.0,6.1,4
120931,2024-01-24,3000,22,Femenino,0,10000,8500,640,2,3000,1.001208703,0,0.0,1500,10000.0,6.1,1
129494,2024-03-25,8000,39,Femenino,0,12000,10500,467,3,5500,1.063777881,0,1.016509121,1500,12000.0,1.6,3
129885,2024-03-25,7500,34,Femenino,0,12000,11000,455,2,5000,1.644147844,0,1.056341189,1000,12000.0,1.5,3
124142,2024-02-16,12000,43,Femenino,1,11500,9500,458,8,12000,1.205071119,0,1.036039814,2000,5750.0,1.5,2
130928,2024-04-02,3000,32,Femenino,2,5000,3000,491,2,3000,0.607876712,1,0.0,2000,1666.6666666666667,1.9,4
134346,2024-04-22,7500,45,Masculino,1,8000,6000,625,3,7500,1.06377899,0,1.017165989,2000,4000.0,5.3,4
135334,2024-04-29,14000,50,Femenino,1,7500,6000,492,6,12000,1.194372294,0,1.007547025,1500,3750.0,1.9,4
129564,2024-03-25,8500,48,Femenino,1,12000,3000,442,5,10500,0.89583008,0,0.896200118,9000,6000.0,1.3,3
132306,2024-04-10,6500,62,Masculino,0,27000,3000,459,2,4000,1.063782051,1,0.0,24000,27000.0,1.5,4
132778,2024-04-15,5000,21,Masculino,0,10000,3000,671,3,4000,1.063782051,0,1.011181265,7000,10000.0,8.3,4
133245,2024-04-16,3000,68,Femenino,0,10000,3000,437,3,3000,0.945585997,0,0.934987296,7000,10000.0,1.3,4
134965,2024-04-26,5500,60,Femenino,0,12000,2500,548,2,3000,1.288724974,0,1.030934893,9500,12000.0,2.75,4
135387,2024-04-29,4000,67,Femenino,0,8000,5500,542,3,5000,0.654635918,0,0.0,2500,8000.0,2.75,4
112126,2023-11-22,3000,38,Masculino,1,11500,4000,602,2,2000,1.063782051,0,0.0,7500,5750.0,4.6,11
126980,2024-03-06,3000,23,Femenino,1,9000,3500,478,3,4000,0.549048801,1,0.811933195,5500,4500.0,1.8,3
128575,2024-03-19,3000,49,Femenino,1,9000,3500,0,4,2000,1.001206637,1,0.0,5500,4500.0,0.0,3
129628,2024-03-25,5000,26,Femenino,0,10000,4800,600,6,5000,0.945585216,1,0.887105517,5200,10000.0,4.6,3
130096,2024-03-27,8000,20,Masculino,0,18000,8500,622,4,5500,1.846551012,1,1.395574511,9500,18000.0,5.3,3
130513,2024-03-29,7000,33,Masculino,1,12500,4950,617,4,7000,1.040693431,1,0.873266418,7550,6250.0,5.3,3
130719,2024-04-03,3000,39,Masculino,1,11500,4000,486,3,3000,0.945585997,0,0.949821612,7500,5750.0,1.8,4
130931,2024-04-02,3000,37,Masculino,0,12000,5000,653,2,3000,1.001208703,1,0.97691339,7000,12000.0,6.1,4
131066,2024-04-03,5000,21,Masculino,0,12500,4000,497,4,3000,1.187133072,1,0.991639583,8500,12500.0,1.9,4
133106,2024-04-17,3000,58,Femenino,0,7500,4800,442,4,3000,1.001208703,0,0.0,2700,7500.0,1.3,4
135117,2024-04-30,5000,28,Femenino,0,11000,4600,610,2,3000,1.309272919,1,0.956763711,6400,11000.0,4.6,4
135864,2024-05-01,4000,35,Femenino,2,8000,3000,531,2,3000,1.063784247,0,0.0,5000,2666.6666666666665,2.6,5
83437,2023-05-05,3000,34,Femenino,1,5000,2000,487,3,4000,0.945584046,0,0.0,3000,2500.0,1.8,5
129368,2024-03-25,14500,64,Femenino,2,8500,21500,593,5,12000,1.134718615,0,1.003901184,-13000,2833.3333333333335,4.0,3
121529,2024-01-29,5500,51,Masculino,1,14500,15000,418,2,3000,1.292413066,0,1.033319629,-500,7250.0,1.2,1
129814,2024-03-26,5000,25,Femenino,2,7000,3000,528,2,3000,1.418378995,1,1.042314818,4000,2333.3333333333335,2.2,3
130879,2024-04-02,5000,63,Femenino,0,9000,4000,416,3,3000,1.418378995,0,1.081428247,5000,9000.0,1.2,4
131570,2024-04-08,7000,65,Masculino,0,8000,3500,436,5,6000,1.134696195,0,1.020021713,4500,8000.0,1.3,4
134277,2024-04-24,5000,58,Femenino,1,7000,3500,689,2,3000,1.418378995,0,0.999625938,3500,3500.0,8.3,4
97798,2023-08-15,3000,64,Femenino,0,8500,5800,494,2,3000,0.630390665,0,0.0,2700,8500.0,1.9,8
104339,2023-09-26,5000,19,Masculino,1,9000,4000,441,5,7000,1.158602711,0,0.810572682,5000,4500.0,1.3,9
118629,2024-01-09,3000,44,Femenino,0,8000,5000,706,2,3000,1.063784247,0,0.0,3000,8000.0,8.3,1
116517,2023-12-26,5000,25,Femenino,1,25800,5500,479,3,5000,1.001207875,0,0.0,20300,12900.0,1.8,12
133174,2024-04-17,5000,51,Masculino,1,9000,22000,489,2,3300,1.392523364,1,1.05785287,-13000,4500.0,1.8,4
71107,2023-02-03,4000,45,Femenino,1,7000,8000,498,2,3000,0.810502283,0,0.0,-1000,3500.0,1.9,2
92386,2023-07-11,8000,46,Femenino,1,7000,8000,422,4,6000,1.382169222,1,1.013867754,-1000,3500.0,1.2,7
111624,2023-11-17,5000,42,Femenino,1,8000,8000,446,2,3000,1.204500978,0,1.027746788,0,4000.0,1.3,11
114874,2023-12-12,7000,62,Femenino,0,10000,8000,620,6,7000,1.198644421,0,0.938469213,2000,10000.0,5.3,12
121667,2024-01-30,9000,34,Femenino,3,8000,6000,469,5,9000,1.200181458,0,0.944093486,2000,2000.0,1.6,1
129563,2024-03-25,5000,36,Femenino,1,8000,6400,530,2,3000,1.379280822,0,1.039542997,1600,4000.0,2.6,3
129751,2024-03-25,4000,31,Femenino,1,8000,6000,609,2,3000,1.504669988,0,1.049561479,2000,4000.0,4.6,3
131202,2024-04-03,7000,47,Femenino,0,7000,6000,618,5,5000,1.309271837,0,1.021960244,1000,7000.0,5.3,4
131258,2024-04-03,3000,41,Femenino,2,8800,6200,545,3,5500,1.063777881,0,1.00275152,2600,2933.3333333333335,2.75,4
131646,2024-04-08,4000,24,Femenino,1,7200,6000,450,2,3000,1.379280822,0,1.026416193,1200,3600.0,1.3,4
131895,2024-04-08,7000,21,Femenino,0,8000,6500,684,3,5000,1.194338516,0,1.00242602,1500,8000.0,8.3,4
132597,2024-04-15,3000,60,Masculino,0,8000,8000,469,3,4000,0.895816464,0,0.967691735,0,8000.0,1.6,4
132886,2024-04-15,4000,36,Masculino,3,7500,6000,609,4,3000,1.196917808,1,1.019682577,1500,1875.0,4.6,4
132893,2024-04-15,4000,59,Femenino,0,8400,9500,606,8,6500,1.063777516,0,1.005784599,-1100,8400.0,4.6,4
134107,2024-04-22,11500,38,Femenino,0,12000,10000,506,7,10500,1.384355424,0,1.073291383,2000,12000.0,2.0,4
135415,2024-04-29,7000,41,Femenino,0,8000,8000,582,3,5000,1.504573455,0,1.056851897,0,8000.0,3.5,4
136258,2024-05-06,6000,27,Femenino,1,8000,6000,498,6,6000,1.001202525,0,0.993559934,2000,4000.0,1.9,5
136745,2024-05-07,7000,54,Masculino,1,7000,8000,716,5,5000,1.063783368,0,1.01975759,-1000,3500.0,8.3,5
136890,2024-05-07,9000,34,Femenino,3,8000,6000,457,6,9000,1.19795447,1,1.016590299,2000,2000.0,1.5,5
139497,2024-05-22,5000,30,Femenino,2,7500,6500,587,3,4000,1.116923077,0,0.970635771,1000,2500.0,4.0,5
99374,2023-08-23,4000,42,Femenino,1,8000,4500,597,2,3000,1.001208703,0,0.0,3500,4000.0,4.0,8
129719,2024-03-25,9500,45,Masculino,1,10800,4000,635,3,7000,1.37676399,1,1.020681863,6800,5400.0,6.1,3
132878,2024-04-15,5000,25,Masculino,1,10000,7000,610,3,5000,1.001207875,0,0.978589238,3000,5000.0,4.6,4
129055,2024-03-20,3500,27,Femenino,0,10000,2800,609,2,2500,1.0012054,1,0.0,7200,10000.0,4.6,3
130190,2024-03-27,7500,19,Femenino,0,15000,2800,605,5,5000,1.379192334,0,1.039057317,12200,15000.0,4.6,3
130577,2024-03-29,5500,27,Femenino,3,12000,10000,677,5,8000,1.063778772,0,0.997826685,2000,3000.0,8.3,3
131863,2024-04-08,3000,62,Masculino,3,5000,3000,646,2,2000,1.063782051,0,1.015405365,2000,1250.0,6.1,4
132875,2024-04-15,5000,28,Femenino,0,16000,3000,524,6,5000,1.063783368,0,1.015736843,13000,16000.0,2.2,4
133282,2024-04-17,3000,45,Masculino,3,10000,10000,518,3,3000,1.134703196,0,1.011365935,0,2500.0,2.1,4
134585,2024-04-24,6000,36,Femenino,3,19000,15000,559,7,5000,1.063783368,0,1.01975759,4000,4750.0,2.9,4
135020,2024-04-26,5500,37,Femenino,0,12000,0,433,3,3000,1.063784247,0,0.0,12000,12000.0,1.2,4
135114,2024-04-30,6000,34,Masculino,1,16000,3200,690,7,6000,1.134696195,0,1.020021713,12800,8000.0,8.3,4
136208,2024-05-06,7000,47,Femenino,1,11000,3000,516,3,5000,1.063783368,0,1.01975759,8000,5500.0,2.1,5
136281,2024-05-06,3500,50,Femenino,0,12000,3100,482,7,6000,0.945580163,0,0.973857926,8900,12000.0,1.8,5
116879,2024-01-02,5000,23,Femenino,1,9000,3500,485,4,5000,1.014758727,1,0.764371624,5500,4500.0,1.8,1
129586,2024-03-25,5500,48,Masculino,1,12000,4000,464,3,5500,0.981193965,1,0.772743414,8000,6000.0,1.5,3
131531,2024-04-08,3000,32,Masculino,0,10000,3500,481,3,5500,0.895812952,0,0.725050421,6500,10000.0,1.8,4
134658,2024-04-24,5000,19,Femenino,0,14500,3500,563,2,3000,1.001208703,1,0.993268203,11000,14500.0,3.2,4
135772,2024-04-30,3000,42,Femenino,1,9000,4000,657,3,3000,0.945585997,0,0.983701292,5000,4500.0,6.1,4
81675,2023-04-22,4500,52,Femenino,0,6000,5500,439,2,3000,1.203277886,1,1.013196353,500,6000.0,1.3,4
132853,2024-04-15,6000,39,Femenino,2,20000,11000,397,3,4000,1.063782051,0,0.957314854,9000,6666.666666666667,0.9,4
111628,2023-11-17,11500,32,Femenino,1,9000,7000,527,5,9000,1.134719015,0,1.02748448,2000,4500.0,2.2,11
131464,2024-04-10,5000,36,Femenino,1,6500,7500,544,2,5000,1.063783368,0,1.016641382,-1000,3250.0,2.75,4
132270,2024-04-10,10000,44,Femenino,1,7800,6500,699,5,10000,1.001221672,1,1.002172948,1300,3900.0,8.3,4
132684,2024-04-15,6000,43,Femenino,1,11000,7500,423,2,4000,1.495104895,0,1.047668963,3500,5500.0,1.2,4
133854,2024-04-19,7000,40,Femenino,1,8000,9500,432,2,5000,1.280998263,0,1.032072166,-1500,4000.0,1.2,4
133855,2024-04-19,3000,22,Masculino,0,6500,7500,625,3,4000,1.063782051,0,1.018978255,-1000,6500.0,5.3,4
135455,2024-04-29,5000,20,Masculino,0,6500,5000,419,2,3000,1.418378995,0,1.042314818,1500,6500.0,1.2,4
129737,2024-03-25,6000,44,Femenino,0,7500,3500,419,4,4000,1.196703297,1,1.026008097,4000,7500.0,1.2,3
134056,2024-04-22,7500,37,Femenino,1,12000,6000,370,2,5000,1.280998263,1,1.032072166,6000,6000.0,0.9,4
129711,2024-03-25,12500,55,Femenino,1,8000,7000,438,4,10000,1.547342585,0,1.034662232,1000,4000.0,1.3,3
137420,2024-05-14,4500,52,Femenino,0,10000,7500,504,4,5000,0.680821355,0,0.744201209,2500,10000.0,2.0,5
129377,2024-03-22,5000,45,Masculino,3,10000,2000,415,3,4000,1.134700855,0,1.003901248,8000,2500.0,1.2,3
131703,2024-04-08,5000,68,Femenino,0,0,2000,674,2,3000,1.196428571,0,1.023916432,-2000,0.0,8.3,4
132643,2024-04-12,5000,47,Femenino,0,9000,2000,438,3,4000,1.063782051,0,1.0,7000,9000.0,1.3,4
124659,2024-02-20,3000,40,Femenino,2,7400,5200,412,2,3000,1.15704501,1,0.857636974,2200,2466.6666666666665,1.2,2
127348,2024-03-08,5000,47,Femenino,0,8000,4500,500,3,5500,1.172862454,1,0.901651629,3500,8000.0,2.0,3
129561,2024-03-25,7000,32,Masculino,2,8500,4500,408,2,5000,1.492999813,1,0.982739726,4000,2833.3333333333335,1.2,3
129733,2024-03-25,5000,23,Femenino,1,7500,4000,494,5,5000,1.110198494,1,0.769835627,3500,3750.0,1.9,3
130273,2024-04-02,3000,69,Masculino,0,19000,2800,390,2,3000,1.001208703,1,0.959974621,16200,19000.0,0.9,4
130609,2024-04-02,7000,41,Femenino,0,15000,3500,617,3,5500,1.667100372,1,1.046612184,11500,15000.0,5.3,4
132156,2024-04-10,7000,44,Femenino,0,6800,3500,548,3,5500,1.001202712,1,0.94013086,3300,6800.0,2.75,4
132748,2024-04-15,5500,18,Femenino,0,8500,3500,643,2,3000,1.847792998,1,1.077510678,5000,8500.0,6.1,4
134831,2024-04-24,5000,35,Femenino,0,9000,8000,426,2,3000,0.77366127,1,0.798644741,1000,9000.0,1.2,4
136588,2024-05-06,7500,41,Femenino,0,15000,3500,512,2,5000,1.418377823,1,1.02376102,11500,15000.0,2.1,5
142363,2024-06-10,5000,19,Femenino,0,9500,4500,602,2,3000,1.131182796,1,0.912511309,5000,9500.0,4.6,6
114687,2023-12-11,5500,65,Masculino,1,12,21500,706,3,3000,1.20278865,0,1.008071135,-21488,6.0,8.3,12
125228,2024-02-23,7500,41,Femenino,0,10000,8000,488,2,5000,1.063783368,0,1.0,2000,10000.0,1.8,2
135855,2024-05-01,5000,39,Femenino,0,11000,8000,547,4,7500,1.06377899,0,1.003311879,3000,11000.0,2.75,5
137006,2024-05-08,5500,19,Femenino,0,9000,7000,351,2,3000,1.194227006,1,1.00753914,2000,9000.0,0.9,5
97992,2023-08-16,5000,28,Femenino,1,18000,5200,345,3,5000,0.680821355,0,0.0,12800,9000.0,0.9,8
111637,2023-11-17,7500,56,Femenino,0,23000,6800,545,4,5000,1.204312115,0,1.027232873,16200,23000.0,2.75,11
111643,2023-11-17,12000,44,Femenino,0,22000,6800,416,6,12000,0.945598846,0,0.952508079,15200,22000.0,1.2,11
129372,2024-03-25,4000,51,Masculino,0,22000,5200,414,5,5000,1.288895909,0,1.032595223,16800,22000.0,1.2,3
130825,2024-04-01,5500,30,Femenino,0,13000,6800,423,3,5500,1.189060011,0,0.939887966,6200,13000.0,1.2,4
131719,2024-04-09,3500,59,Femenino,0,13000,6000,691,2,3000,1.063784247,0,1.020278034,7000,13000.0,8.3,4
132931,2024-04-15,3500,39,Femenino,1,15000,6000,458,2,3000,1.278451001,0,1.013242376,9000,7500.0,1.5,4
134982,2024-04-26,5500,60,Masculino,0,15000,5900,643,2,3000,1.063784247,0,1.003019968,9100,15000.0,6.1,4
129744,2024-03-25,5500,28,Masculino,1,13000,4400,481,2,3000,1.504669988,0,1.049561479,8600,6500.0,1.8,3
132881,2024-04-15,7500,60,Masculino,0,12000,4000,435,4,7500,1.001203756,0,0.88785608,8000,12000.0,1.3,4
132905,2024-04-15,5000,68,Femenino,0,8000,4000,492,2,3000,1.281085353,1,1.032569402,4000,8000.0,1.9,4
134037,2024-04-22,4000,49,Femenino,0,12000,4500,452,2,3000,1.196917808,0,1.027275592,7500,12000.0,1.5,4
90988,2023-06-28,3000,52,Femenino,0,9300,3200,394,2,2000,1.001206637,0,0.0,6100,9300.0,0.9,6
132700,2024-04-17,3000,30,Femenino,0,0,7500,528,2,3000,1.063784247,0,1.003817576,-7500,0.0,2.2,4
134149,2024-04-24,5500,58,Femenino,0,9000,7800,509,2,3000,1.063784247,0,1.008242613,1200,9000.0,2.0,4
134906,2024-04-27,4000,28,Masculino,0,6500,5000,0,6,6500,1.192834681,1,0.876450151,1500,6500.0,0.0,4
135708,2024-05-01,3000,46,Femenino,1,11200,4000,430,2,3000,0.945585997,0,1.011125333,7200,5600.0,1.2,5
111649,2023-11-21,5500,57,Masculino,1,3500,12000,635,2,3000,1.063784247,0,1.0,-8500,1750.0,6.1,11
139183,2024-05-21,10000,58,Femenino,3,23000,12000,439,4,7500,1.13469759,0,1.00390126,11000,5750.0,1.3,5
139269,2024-05-21,9500,39,Femenino,1,10500,5000,436,4,7500,1.117144156,0,0.985449436,5500,5250.0,1.3,5
112100,2023-11-22,7500,57,Femenino,0,9000,15000,425,2,5000,1.510920291,0,1.031887029,-6000,9000.0,1.2,11
112833,2023-11-27,5500,29,Femenino,3,3500,1000,471,2,3000,1.403253425,0,1.028958276,2500,875.0,1.6,11
129397,2024-03-25,3000,35,Masculino,3,2500,5000,484,3,3000,1.063784247,0,1.0,-2500,625.0,1.8,3
130954,2024-04-03,5500,23,Masculino,1,5000,4000,558,2,3000,1.134703196,0,1.00390124,1000,2500.0,2.9,4
131943,2024-04-09,9500,33,Femenino,0,2800,800,487,3,7500,1.119236016,0,0.985783497,2000,2800.0,1.8,4
132093,2024-04-09,6500,23,Femenino,2,10000,10000,491,2,4500,1.282051282,0,0.99073401,0,3333.3333333333335,1.9,4
132403,2024-04-13,3000,18,Femenino,0,1800,4000,632,2,3000,1.063784247,0,0.983917754,-2200,1800.0,5.3,4
134482,2024-04-24,5500,59,Femenino,0,2500,1000,682,2,3000,1.385273973,0,1.024649507,1500,2500.0,8.3,4
135316,2024-04-29,5000,46,Masculino,3,2400,9000,491,3,7500,1.119236016,0,0.988613365,-6600,600.0,1.9,4
138020,2024-05-14,4500,23,Masculino,1,15000,10000,384,2,5000,0.971977292,0,0.942662368,5000,7500.0,0.9,5
131711,2024-04-06,10000,51,Femenino,0,16000,8000,595,4,7500,1.286179032,0,1.013754709,8000,16000.0,4.0,4
129889,2024-03-27,7000,46,Masculino,1,0,6000,505,2,5000,1.187151657,1,0.898397601,-6000,0.0,2.0,3
129926,2024-03-27,7500,49,Femenino,0,13000,6000,543,2,3000,1.384988584,0,1.021264112,7000,13000.0,2.75,3
121309,2024-01-29,5500,27,Femenino,2,12100,5000,511,2,3000,1.134703196,0,1.016792278,7100,4033.3333333333335,2.1,1
136647,2024-05-07,7000,51,Femenino,0,10000,7500,483,2,4500,1.49259564,0,1.030512676,2500,10000.0,1.8,5
156796,2024-08-21,7500,36,Femenino,1,0,5000,418,2,5000,1.667276423,0,1.057098329,-5000,0.0,1.2,8
150100,2024-07-22,5000,40,Femenino,2,8500,8000,455,3,5000,0.851026694,1,0.0,500,2833.3333333333335,1.5,7
135589,2024-05-01,5000,46,Femenino,1,12000,7000,515,4,7500,0.945581325,0,0.754013008,5000,6000.0,2.1,5
136765,2024-05-08,5500,51,Femenino,0,14000,9000,704,2,3000,1.063784247,0,1.0,5000,14000.0,8.3,5
136868,2024-05-07,7000,29,Femenino,2,3200,12800,411,3,7000,1.001202233,0,0.895880529,-9600,1066.6666666666667,1.2,5
138711,2024-05-20,5000,33,Femenino,2,2800,11200,507,4,5000,0.945585216,0,0.989962882,-8400,933.3333333333334,2.0,5
136844,2024-05-08,12500,57,Femenino,0,9000,15000,425,4,10000,1.385081343,0,1.021269025,-6000,9000.0,1.2,5
139368,2024-05-22,10000,38,Femenino,2,4000,1500,499,3,7500,1.215747418,0,1.008876779,2500,1333.3333333333333,1.9,5
140090,2024-05-28,5000,50,Femenino,1,1000,6000,467,4,7500,1.06377899,0,0.98762714,-5000,500.0,1.6,5
142204,2024-06-08,14000,42,Femenino,2,2000,12000,508,5,12000,1.371610169,0,0.975238804,-10000,666.6666666666666,2.0,6
139950,2024-05-28,6500,48,Masculino,2,9000,4000,458,3,4000,1.063782051,0,1.0,5000,3000.0,1.5,5
140680,2024-05-29,3000,32,Femenino,2,6000,5000,566,2,3000,0.709189498,0,0.969471848,1000,2000.0,3.2,5
140700,2024-05-29,3000,26,Femenino,2,8000,6000,435,3,4000,1.063782051,0,1.000288711,2000,2666.6666666666665,1.3,5
128157,2024-03-13,5500,50,Femenino,0,8500,3000,560,2,3000,1.384988584,1,0.983193708,5500,8500.0,3.2,3
130016,2024-03-27,5500,25,Femenino,1,12000,5000,462,2,3000,1.495330012,1,1.048849229,7000,6000.0,1.5,3
130833,2024-04-03,6000,64,Masculino,1,14000,6000,437,6,4000,1.272978304,1,0.822005361,8000,7000.0,1.3,4
129907,2024-03-26,4500,39,Femenino,2,18000,14000,424,4,4000,1.063782051,1,1.0,4000,6000.0,1.2,3
75180,2023-03-03,5000,59,Femenino,0,5300,500,483,2,5000,0.810501613,1,0.0,4800,5300.0,1.8,3
129590,2024-03-26,7500,53,Femenino,0,17500,7000,492,2,5000,1.668172485,1,1.063790654,10500,17500.0,1.9,3
132075,2024-04-09,7500,42,Femenino,1,21000,6000,446,4,7500,1.371759891,1,0.981677851,15000,10500.0,1.3,4
132142,2024-04-09,3000,47,Femenino,1,8000,5000,438,2,3000,1.103424658,1,0.720923478,3000,4000.0,1.3,4
132146,2024-04-09,5000,48,Femenino,1,12000,5000,458,2,5000,1.511853649,1,0.852013989,7000,6000.0,1.5,4
134509,2024-04-24,7000,40,Femenino,1,12000,5000,419,2,5000,1.853524983,1,1.082878108,7000,6000.0,1.2,4
135923,2024-05-01,7500,29,Femenino,1,13000,5000,475,2,5000,2.071392276,1,1.102610247,8000,6500.0,1.6,5
138031,2024-05-14,3000,62,Femenino,0,20000,12000,425,2,3000,1.054512958,1,0.864069624,8000,20000.0,1.2,5
140414,2024-05-28,7000,48,Masculino,1,11000,2000,559,6,6500,1.134696017,1,1.007164101,9000,5500.0,2.9,5
142137,2024-06-12,5000,49,Masculino,2,12000,2500,447,2,3000,1.001208703,1,0.946389663,9500,4000.0,1.3,6
142208,2024-06-08,6000,36,Femenino,2,0,4000,532,2,4500,1.195701357,1,1.004345861,-4000,0.0,2.6,6
132195,2024-04-10,8000,22,Masculino,1,7500,3500,432,4,6000,1.04887138,1,0.894817088,4000,3750.0,1.2,4
132877,2024-04-13,10000,39,Femenino,0,7600,4000,607,7,15000,1.063778119,1,1.016194909,3600,7600.0,4.6,4
132125,2024-04-09,7000,49,Masculino,2,10000,4500,619,3,5000,1.001207875,1,0.987284323,5500,3333.3333333333335,5.3,4
135336,2024-05-01,5000,31,Femenino,1,1800,6000,600,2,3000,1.134703196,1,0.867631526,-4200,900.0,4.6,5
138735,2024-05-20,3500,18,Femenino,1,0,800,600,2,3000,1.063784247,1,1.0,-800,0.0,4.6,5
138901,2024-05-20,3000,68,Femenino,0,10000,6000,614,3,3000,0.945585997,1,0.760776698,4000,10000.0,4.6,5
85713,2023-05-23,9000,60,Femenino,0,9000,4000,461,4,8000,0.945581131,0,0.822936528,5000,9000.0,1.5,5
80563,2023-04-15,12000,29,Femenino,2,9900,2300,475,6,10000,1.79877697,0,1.069105948,7600,3300.0,1.6,4
85964,2023-05-27,4000,28,Femenino,4,8600,2500,368,3,7000,0.895812524,0,0.0,6100,1720.0,0.9,5
87448,2023-06-07,3500,50,Femenino,2,10800,2200,558,4,4000,0.851025641,0,0.808332154,8600,3600.0,2.9,6
132852,2024-04-13,7500,20,Femenino,0,9000,5000,480,2,5000,1.278786921,0,1.016455744,4000,9000.0,1.8,4
133227,2024-04-16,9500,56,Femenino,0,8000,7500,465,3,7000,1.378710462,0,1.035753327,500,8000.0,1.5,4
133988,2024-04-22,6500,43,Femenino,2,11000,2100,392,3,5500,1.185740839,1,0.991983939,8900,3666.6666666666665,0.9,4
134551,2024-04-24,6500,25,Femenino,2,8000,2200,419,2,4500,1.063784247,1,1.002552741,5800,2666.6666666666665,1.2,4
137068,2024-05-08,4500,42,Femenino,2,6000,2100,509,3,5000,0.851026694,1,0.974696572,3900,2000.0,2.0,5
139844,2024-05-27,6000,63,Femenino,0,10500,2000,410,9,10000,1.050817757,0,0.975260624,8500,10500.0,1.2,5
140600,2024-05-29,5000,58,Femenino,1,7000,2200,430,2,3000,1.26674938,1,0.998311667,4800,3500.0,1.2,5
75474,2023-03-08,3000,57,Femenino,0,7000,5000,520,4,3000,0.895818313,1,0.0,2000,7000.0,2.2,3
133859,2024-04-22,7500,30,Femenino,3,9000,7000,550,3,5000,1.194485186,0,0.99922919,2000,2250.0,2.9,4
133733,2024-04-24,5000,26,Femenino,2,12000,4000,549,5,3500,1.501999467,0,1.031206798,8000,4000.0,2.9,4
136100,2024-05-03,15000,55,Masculino,0,14000,3000,466,8,15000,1.215746421,0,1.026565269,11000,14000.0,1.6,5
136459,2024-05-08,7000,36,Femenino,1,12000,3000,484,8,7000,1.37676399,0,1.020681863,9000,6000.0,1.8,5
141493,2024-06-03,10000,39,Masculino,0,18000,3000,614,5,10000,1.280040733,0,1.026179586,15000,18000.0,4.6,6
132693,2024-04-16,12000,23,Femenino,0,15000,6000,607,5,10000,1.496271122,0,1.056221723,9000,15000.0,4.6,4
138662,2024-05-20,5000,39,Femenino,3,16000,3000,607,7,4000,1.134700855,0,1.026832832,13000,4000.0,4.6,5
131266,2024-04-03,8500,30,Femenino,1,8000,4000,378,6,6500,1.279027576,0,0.981892686,4000,4000.0,0.9,4
138947,2024-05-20,5000,25,Femenino,2,8000,4000,662,2,3000,1.001208703,0,0.978484804,4000,2666.6666666666665,6.1,5
139342,2024-05-22,5000,23,Femenino,2,8000,4000,568,2,3000,1.372043011,0,1.016738847,4000,2666.6666666666665,3.2,5
129768,2024-03-25,9500,55,Femenino,0,19000,8500,507,5,7000,1.215745568,0,1.014749068,10500,19000.0,2.0,3
130543,2024-04-01,5000,24,Masculino,0,10000,8500,611,2,3000,1.196917808,0,1.027275592,1500,10000.0,4.6,4
131054,2024-04-03,7500,50,Masculino,0,23500,11000,461,4,7500,1.13469759,0,1.00390126,12500,23500.0,1.5,4
111734,2023-11-18,6000,34,Femenino,2,14000,4000,647,4,6000,0.945580163,0,0.951219375,10000,4666.666666666667,6.1,11
111744,2023-11-18,5000,31,Femenino,0,8000,200,635,2,3000,1.001208703,0,0.0,7800,8000.0,6.1,11
130014,2024-03-27,5500,40,Masculino,1,14000,5000,502,2,3000,1.495330012,0,1.048849229,9000,7000.0,2.0,3
130029,2024-03-27,3000,33,Masculino,1,12000,5000,546,3,3000,1.119406393,0,0.909579513,7000,6000.0,2.75,3
132144,2024-04-10,7500,44,Femenino,1,14000,5200,537,5,5000,1.667145791,0,1.037145512,8800,7000.0,2.6,4
135172,2024-05-01,7500,44,Femenino,1,15000,5000,520,2,5000,1.196685245,1,1.024685529,10000,7500.0,2.2,5
138304,2024-05-15,9500,38,Femenino,1,14000,5500,568,3,7500,1.273585896,0,0.996422232,8500,7000.0,3.2,5
140418,2024-05-28,4000,20,Femenino,1,17000,5000,430,6,6000,1.134696195,0,0.967252234,12000,8500.0,1.2,5
111595,2023-11-18,11000,48,Masculino,0,18000,6000,553,6,11000,1.190138945,0,0.983249613,12000,18000.0,2.9,11
98475,2023-08-21,11000,46,Femenino,0,12000,0,464,5,9000,0.945599179,0,0.952933894,12000,12000.0,1.5,8
87601,2023-06-06,3000,18,Masculino,0,12000,4000,513,2,3000,0.945585997,1,0.878041837,8000,12000.0,2.1,6
111947,2023-11-18,7000,31,Femenino,1,10000,5000,651,3,5000,1.292212921,0,1.032814906,5000,5000.0,6.1,11
133862,2024-04-22,12000,23,Femenino,0,14500,6000,509,6,12000,1.115324675,0,0.958478068,8500,14500.0,2.0,4
136915,2024-05-07,11000,37,Femenino,0,12500,4000,515,7,11000,1.106830343,0,0.957345826,8500,12500.0,2.1,5
136927,2024-05-08,5000,40,Masculino,0,12000,6000,527,4,4000,1.494666048,0,0.989806522,6000,12000.0,2.2,5
86790,2023-05-31,4500,55,Femenino,2,8000,14000,428,3,5000,0.851026694,0,0.858150462,-6000,2666.6666666666665,1.2,5
102901,2023-09-20,5000,33,Femenino,1,12000,6000,482,2,3000,1.187133072,0,0.927758493,6000,6000.0,1.8,9
111712,2023-11-17,7000,33,Femenino,1,12000,6000,482,3,5000,1.386387996,0,0.92350658,6000,6000.0,1.8,11
111724,2023-11-21,4500,19,Femenino,0,10000,9000,588,3,5000,0.977775094,0,0.825532404,1000,10000.0,4.0,11
112200,2023-11-22,5000,22,Masculino,2,18000,12000,471,3,5000,1.001207875,0,0.827670968,6000,6000.0,1.6,11
132181,2024-04-09,11500,48,Femenino,2,14000,10000,555,6,9500,1.115171408,0,0.989601046,4000,4666.666666666667,2.9,4
133960,2024-04-22,5000,31,Femenino,4,12000,6000,584,2,3000,1.379280822,1,1.019244992,6000,2400.0,3.5,4
134385,2024-04-24,5000,30,Femenino,1,15000,10000,480,2,5000,1.496733246,0,1.034481554,5000,7500.0,1.8,4
138032,2024-05-14,7000,34,Femenino,2,12000,5000,473,2,5000,1.667276423,1,0.997579008,7000,4000.0,1.6,5
139976,2024-05-29,7000,32,Femenino,3,16000,12000,608,2,5000,1.18815331,1,0.966004343,4000,4000.0,4.6,5
134355,2024-04-24,5000,48,Femenino,0,13000,6000,632,2,3000,1.846236559,0,1.06238164,7000,13000.0,5.3,4
159266,2024-08-31,8000,26,Femenino,0,0,5000,487,3,5500,2.366931217,0,1.133285219,-5000,0.0,1.8,8
133220,2024-04-16,7500,58,Femenino,0,8000,7000,639,2,5000,1.288895909,1,1.032595223,1000,8000.0,6.1,4
134507,2024-04-24,9500,61,Femenino,0,12000,3000,418,3,7000,1.503649635,1,1.039414204,9000,12000.0,1.2,4
135195,2024-05-01,6000,45,Femenino,0,15000,6000,448,7,4000,2.360787172,0,1.151672309,9000,15000.0,1.3,5
135807,2024-05-01,4500,61,Femenino,0,10000,5000,420,2,5000,0.976688006,1,0.822594367,5000,10000.0,1.2,5
141592,2024-06-05,9500,39,Femenino,1,15000,7000,419,3,7000,1.195986692,0,1.0211761,8000,7500.0,1.2,6
166022,2024-10-09,5000,62,Femenino,0,12000,3000,426,4,9500,0.709047109,0,0.817434564,9000,12000.0,1.2,10
75472,2023-03-06,6000,46,Femenino,0,15000,4000,483,2,5000,1.188765034,1,0.0,11000,15000.0,1.8,3
111622,2023-11-21,6000,26,Femenino,2,12000,5000,437,3,5500,1.063777881,0,1.0,7000,4000.0,1.3,11
129391,2024-03-25,7500,36,Femenino,1,12000,6500,470,3,5000,1.495239873,0,1.04837664,5500,6000.0,1.6,3
129550,2024-03-23,3500,29,Femenino,1,8500,3000,490,4,3500,1.21575199,0,1.008876741,5500,4250.0,1.9,3
129910,2024-03-26,7500,46,Femenino,0,11500,7500,533,3,5000,1.288895909,0,1.032595223,4000,11500.0,2.6,3
133745,2024-04-22,8000,24,Femenino,1,23000,10000,626,3,5500,1.063777881,0,1.0,13000,11500.0,5.3,4
136440,2024-05-07,5000,35,Femenino,2,14000,0,412,5,4000,1.28086785,0,1.031327584,14000,4666.666666666667,1.2,5
136495,2024-05-07,7500,56,Femenino,0,6000,7000,551,4,7500,1.001203756,0,0.949520263,-1000,6000.0,2.9,5
136551,2024-05-07,13500,34,Femenino,0,20000,8000,412,6,11000,1.278637321,0,1.013913445,12000,20000.0,1.2,5
90175,2023-06-23,5000,30,Femenino,0,10000,500,471,4,6000,0.945580163,1,0.830182466,9500,10000.0,1.6,6
133478,2024-04-17,5500,43,Femenino,1,14000,5000,0,3,3000,1.134703196,0,0.922740013,9000,7000.0,0.0,4
137804,2024-05-13,6500,39,Femenino,1,11000,5800,410,4,4500,1.134703196,0,1.00021459,5200,5500.0,1.2,5
140040,2024-05-28,7500,21,Femenino,1,12000,6000,471,3,5000,1.063783368,0,1.01975759,6000,6000.0,1.6,5
97584,2023-08-16,3000,19,Femenino,1,4000,3500,483,3,4000,0.607875458,0,0.654720094,500,2000.0,1.8,8
107008,2023-10-16,4000,41,Masculino,0,17200,6000,535,4,5000,0.709188912,0,0.0,11200,17200.0,2.6,10
98278,2023-08-16,3000,32,Femenino,0,9600,0,555,2,3900,1.00123839,1,0.0,9600,9600.0,2.9,8
